Time [s],Channel 0,Channel 1,Channel 2,Channel 3,Channel 4,Channel 5,Channel 6,Channel 7
0.000000000,0,0,0,1,0,0,0,0
0.948089000,0,0,0,0,0,0,0,0
0.948098000,0,0,0,1,0,0,0,0
0.948107000,0,0,0,0,0,0,0,0
0.948115000,0,0,0,1,0,0,0,0
0.948133000,0,0,0,0,0,0,0,0
0.948150000,0,0,0,1,0,0,0,0
0.948159000,0,0,0,0,0,0,0,0
0.948167000,0,0,0,1,0,0,0,0
0.948176000,0,0,0,0,0,0,0,0
0.948185000,0,0,0,1,0,0,0,0
0.948193000,0,0,0,0,0,0,0,0
0.948211000,0,0,0,1,0,0,0,0
0.948220000,0,0,0,0,0,0,0,0
0.948237000,0,0,0,1,0,0,0,0
0.948246000,0,0,0,0,0,0,0,0
0.948254000,0,0,0,1,0,0,0,0
0.948263000,0,0,0,0,0,0,0,0
0.948280000,0,0,0,1,0,0,0,0
0.948306000,0,0,0,0,0,0,0,0
0.948324000,0,0,0,1,0,0,0,0
0.948332000,0,0,0,0,0,0,0,0
0.948341000,0,0,0,1,0,0,0,0
0.948350000,0,0,0,0,0,0,0,0
0.948376000,0,0,0,1,0,0,0,0
0.948385000,0,0,0,0,0,0,0,0
0.948411000,0,0,0,1,0,0,0,0
0.948419000,0,0,0,0,0,0,0,0
0.948428000,0,0,0,1,0,0,0,0
0.948437000,0,0,0,0,0,0,0,0
0.948445000,0,0,0,1,0,0,0,0
0.948471000,0,0,0,0,0,0,0,0
0.948498000,0,0,0,1,0,0,0,0
0.948506000,0,0,0,0,0,0,0,0
0.948515000,0,0,0,1,0,0,0,0
0.948524000,0,0,0,0,0,0,0,0
0.948532000,0,0,0,1,0,0,0,0
0.948541000,0,0,0,0,0,0,0,0
0.948584000,0,0,0,1,0,0,0,0
0.948593000,0,0,0,0,0,0,0,0
0.948602000,0,0,0,1,0,0,0,0
0.948610000,0,0,0,0,0,0,0,0
0.948628000,0,0,0,1,0,0,0,0
0.948637000,0,0,0,0,0,0,0,0
0.948654000,0,0,0,1,0,0,0,0
0.948663000,0,0,0,0,0,0,0,0
0.948671000,0,0,0,1,0,0,0,0
0.948680000,0,0,0,0,0,0,0,0
0.948689000,0,0,0,1,0,0,0,0
0.948697000,0,0,0,0,0,0,0,0
0.948723000,0,0,0,1,0,0,0,0
0.948732000,0,0,0,0,0,0,0,0
0.948758000,0,0,0,1,0,0,0,0
0.948767000,0,0,0,0,0,0,0,0
0.948776000,0,0,0,1,0,0,0,0
0.948784000,0,0,0,0,0,0,0,0
0.948793000,0,0,0,1,0,0,0,0
0.948802000,0,0,0,0,0,0,0,0
0.948810000,0,0,0,1,0,0,0,0
0.948828000,0,0,0,0,0,0,0,0
0.948836000,0,0,0,1,0,0,0,0
0.948845000,0,0,0,0,0,0,0,0
0.948862000,0,0,0,1,0,0,0,0
0.948871000,0,0,0,0,0,0,0,0
0.948880000,0,0,0,1,0,0,0,0
0.948906000,0,0,0,0,0,0,0,0
0.948932000,0,0,0,1,0,0,0,0
0.948941000,0,0,0,0,0,0,0,0
0.948949000,0,0,0,1,0,0,0,0
0.948958000,0,0,0,0,0,0,0,0
0.949001000,0,0,0,1,0,0,0,0
0.949010000,0,0,0,0,0,0,0,0
0.949019000,0,0,0,1,0,0,0,0
0.949027000,0,0,0,0,0,0,0,0
0.949036000,0,0,0,1,0,0,0,0
0.949045000,0,0,0,0,0,0,0,0
0.949054000,0,0,0,1,0,0,0,0
0.949062000,0,0,0,0,0,0,0,0
0.949080000,0,0,0,1,0,0,0,0
0.949088000,0,0,0,0,0,0,0,0
0.949106000,0,0,0,1,0,0,0,0
0.949114000,0,0,0,0,0,0,0,0
0.949123000,0,0,0,1,0,0,0,0
0.949132000,0,0,0,0,0,0,0,0
0.949140000,0,0,0,1,0,0,0,0
0.949175000,0,0,0,0,0,0,0,0
0.949193000,0,0,0,1,0,0,0,0
0.949201000,0,0,0,0,0,0,0,0
0.949210000,0,0,0,1,0,0,0,0
0.949219000,0,0,0,0,0,0,0,0
0.949227000,0,0,0,1,0,0,0,0
0.949236000,0,0,0,0,0,0,0,0
0.949245000,0,0,0,1,0,0,0,0
0.949262000,0,0,0,0,0,0,0,0
0.949271000,0,0,0,1,0,0,0,0
0.949279000,0,0,0,0,0,0,0,0
0.949297000,0,0,0,1,0,0,0,0
0.949305000,0,0,0,0,0,0,0,0
0.949332000,0,0,0,1,0,0,0,0
0.949349000,0,0,0,0,0,0,0,0
0.949366000,0,0,0,1,0,0,0,0
0.949375000,0,0,0,0,0,0,0,0
0.949384000,0,0,0,1,0,0,0,0
0.949392000,0,0,0,0,0,0,0,0
0.949401000,0,0,0,1,0,0,0,0
0.949436000,0,0,0,0,0,0,0,0
0.949453000,0,0,0,1,0,0,0,0
0.949462000,0,0,0,0,0,0,0,0
0.949470000,0,0,0,1,0,0,0,0
0.949479000,0,0,0,0,0,0,0,0
0.949488000,0,0,0,1,0,0,0,0
0.949523000,0,0,0,0,0,0,0,0
0.949540000,0,0,0,1,0,0,0,0
0.949549000,0,0,0,0,0,0,0,0
0.949557000,0,0,0,1,0,0,0,0
0.949566000,0,0,0,0,0,0,0,0
0.949609000,0,0,0,1,0,0,0,0
0.949618000,0,0,0,0,0,0,0,0
0.949627000,0,0,0,1,0,0,0,0
0.949636000,0,0,0,0,0,0,0,0
0.949644000,0,0,0,1,0,0,0,0
0.949653000,0,0,0,0,0,0,0,0
0.949670000,0,0,0,1,0,0,0,0
0.949679000,0,0,0,0,0,0,0,0
0.949714000,0,0,0,1,0,0,0,0
0.949722000,0,0,0,0,0,0,0,0
0.949731000,0,0,0,1,0,0,0,0
0.949740000,0,0,0,0,0,0,0,0
0.949748000,0,0,0,1,0,0,0,0
0.949757000,0,0,0,0,0,0,0,0
0.949801000,0,0,0,1,0,0,0,0
0.949809000,0,0,0,0,0,0,0,0
0.949818000,0,0,0,1,0,0,0,0
0.949827000,0,0,0,0,0,0,0,0
0.949835000,0,0,0,1,0,0,0,0
0.949853000,0,0,0,0,0,0,0,0
0.949887000,0,0,0,1,0,0,0,0
0.949896000,0,0,0,0,0,0,0,0
0.949905000,0,0,0,1,0,0,0,0
0.949914000,0,0,0,0,0,0,0,0
0.949922000,0,0,0,1,0,0,0,0
0.949940000,0,0,0,0,0,0,0,0
0.949948000,0,0,0,1,0,0,0,0
0.949957000,0,0,0,0,0,0,0,0
0.949974000,0,0,0,1,0,0,0,0
0.949983000,0,0,0,0,0,0,0,0
0.949992000,0,0,0,1,0,0,0,0
0.950000000,0,0,0,0,0,0,0,0
0.950009000,0,0,0,1,0,0,0,0
0.950018000,0,0,0,0,0,0,0,0
0.950026000,0,0,0,1,0,0,0,0
0.950044000,0,0,0,0,0,0,0,0
0.950053000,0,0,0,1,0,0,0,0
0.950061000,0,0,0,0,0,0,0,0
0.950079000,0,0,0,1,0,0,0,0
0.950087000,0,0,0,0,0,0,0,0
0.950131000,0,0,0,1,0,0,0,0
0.950148000,0,0,0,0,0,0,0,0
0.950165000,0,0,0,1,0,0,0,0
0.950174000,0,0,0,0,0,0,0,0
0.950183000,0,0,0,1,0,0,0,0
0.950192000,0,0,0,0,0,0,0,0
0.950218000,0,0,0,1,0,0,0,0
0.950235000,0,0,0,0,0,0,0,0
0.950252000,0,0,0,1,0,0,0,0
0.950261000,0,0,0,0,0,0,0,0
0.950278000,0,0,0,1,0,0,0,0
0.950287000,0,0,0,0,0,0,0,0
0.950304000,0,0,0,1,0,0,0,0
0.950322000,0,0,0,0,0,0,0,0
0.950339000,0,0,0,1,0,0,0,0
0.950348000,0,0,0,0,0,0,0,0
0.950357000,0,0,0,1,0,0,0,0
0.950374000,0,0,0,0,0,0,0,0
0.950391000,0,0,0,1,0,0,0,0
0.950409000,0,0,0,0,0,0,0,0
0.950426000,0,0,0,1,0,0,0,0
0.950435000,0,0,0,0,0,0,0,0
0.950461000,0,0,0,1,0,0,0,0
0.950470000,0,0,0,0,0,0,0,0
0.950478000,0,0,0,1,0,0,0,0
0.950496000,0,0,0,0,0,0,0,0
0.950513000,0,0,0,1,0,0,0,0
0.950522000,0,0,0,0,0,0,0,0
0.950530000,0,0,0,1,0,0,0,0
0.950539000,0,0,0,0,0,0,0,0
0.950548000,0,0,0,1,0,0,0,0
0.950556000,0,0,0,0,0,0,0,0
0.950565000,0,0,0,1,0,0,0,0
0.950582000,0,0,0,0,0,0,0,0
0.950600000,0,0,0,1,0,0,0,0
0.950609000,0,0,0,0,0,0,0,0
0.950626000,0,0,0,1,0,0,0,0
0.950643000,0,0,0,0,0,0,0,0
0.950652000,0,0,0,1,0,0,0,0
0.950669000,0,0,0,0,0,0,0,0
0.950687000,0,0,0,1,0,0,0,0
0.950695000,0,0,0,0,0,0,0,0
0.950704000,0,0,0,1,0,0,0,0
0.950730000,0,0,0,0,0,0,0,0
0.950739000,0,0,0,1,0,0,0,0
0.950756000,0,0,0,0,0,0,0,0
0.950774000,0,0,0,1,0,0,0,0
0.950782000,0,0,0,0,0,0,0,0
0.950817000,0,0,0,1,0,0,0,0
0.950843000,0,0,0,0,0,0,0,0
0.950860000,0,0,0,1,0,0,0,0
0.950869000,0,0,0,0,0,0,0,0
0.950878000,0,0,0,1,0,0,0,0
0.950887000,0,0,0,0,0,0,0,0
0.950904000,0,0,0,1,0,0,0,0
0.950930000,0,0,0,0,0,0,0,0
0.950947000,0,0,0,1,0,0,0,0
1.248054000,0,0,0,0,0,0,0,0
1.248063000,0,0,0,1,0,0,0,0
1.248071000,0,0,0,0,0,0,0,0
1.248080000,0,0,0,1,0,0,0,0
1.248097000,0,0,0,0,0,0,0,0
1.248115000,0,0,0,1,0,0,0,0
1.248123000,0,0,0,0,0,0,0,0
1.248132000,0,0,0,1,0,0,0,0
1.248141000,0,0,0,0,0,0,0,0
1.248149000,0,0,0,1,0,0,0,0
1.248158000,0,0,0,0,0,0,0,0
1.248175000,0,0,0,1,0,0,0,0
1.248184000,0,0,0,0,0,0,0,0
1.248202000,0,0,0,1,0,0,0,0
1.248210000,0,0,0,0,0,0,0,0
1.248219000,0,0,0,1,0,0,0,0
1.248228000,0,0,0,0,0,0,0,0
1.248245000,0,0,0,1,0,0,0,0
1.248271000,0,0,0,0,0,0,0,0
1.248288000,0,0,0,1,0,0,0,0
1.248297000,0,0,0,0,0,0,0,0
1.248306000,0,0,0,1,0,0,0,0
1.248314000,0,0,0,0,0,0,0,0
1.248341000,0,0,0,1,0,0,0,0
1.248349000,0,0,0,0,0,0,0,0
1.248375000,0,0,0,1,0,0,0,0
1.248384000,0,0,0,0,0,0,0,0
1.248393000,0,0,0,1,0,0,0,0
1.248401000,0,0,0,0,0,0,0,0
1.248410000,0,0,0,1,0,0,0,0
1.248436000,0,0,0,0,0,0,0,0
1.248462000,0,0,0,1,0,0,0,0
1.248471000,0,0,0,0,0,0,0,0
1.248480000,0,0,0,1,0,0,0,0
1.248488000,0,0,0,0,0,0,0,0
1.248497000,0,0,0,1,0,0,0,0
1.248506000,0,0,0,0,0,0,0,0
1.248549000,0,0,0,1,0,0,0,0
1.248558000,0,0,0,0,0,0,0,0
1.248566000,0,0,0,1,0,0,0,0
1.248575000,0,0,0,0,0,0,0,0
1.248592000,0,0,0,1,0,0,0,0
1.248601000,0,0,0,0,0,0,0,0
1.248619000,0,0,0,1,0,0,0,0
1.248627000,0,0,0,0,0,0,0,0
1.248636000,0,0,0,1,0,0,0,0
1.248645000,0,0,0,0,0,0,0,0
1.248653000,0,0,0,1,0,0,0,0
1.248662000,0,0,0,0,0,0,0,0
1.248688000,0,0,0,1,0,0,0,0
1.248697000,0,0,0,0,0,0,0,0
1.248723000,0,0,0,1,0,0,0,0
1.248731000,0,0,0,0,0,0,0,0
1.248740000,0,0,0,1,0,0,0,0
1.248749000,0,0,0,0,0,0,0,0
1.248758000,0,0,0,1,0,0,0,0
1.248766000,0,0,0,0,0,0,0,0
1.248775000,0,0,0,1,0,0,0,0
1.248792000,0,0,0,0,0,0,0,0
1.248801000,0,0,0,1,0,0,0,0
1.248810000,0,0,0,0,0,0,0,0
1.248827000,0,0,0,1,0,0,0,0
1.248836000,0,0,0,0,0,0,0,0
1.248844000,0,0,0,1,0,0,0,0
1.248870000,0,0,0,0,0,0,0,0
1.248897000,0,0,0,1,0,0,0,0
1.248905000,0,0,0,0,0,0,0,0
1.248914000,0,0,0,1,0,0,0,0
1.248923000,0,0,0,0,0,0,0,0
1.248966000,0,0,0,1,0,0,0,0
1.248975000,0,0,0,0,0,0,0,0
1.248983000,0,0,0,1,0,0,0,0
1.248992000,0,0,0,0,0,0,0,0
1.249001000,0,0,0,1,0,0,0,0
1.249009000,0,0,0,0,0,0,0,0
1.249018000,0,0,0,1,0,0,0,0
1.249027000,0,0,0,0,0,0,0,0
1.249044000,0,0,0,1,0,0,0,0
1.249053000,0,0,0,0,0,0,0,0
1.249070000,0,0,0,1,0,0,0,0
1.249079000,0,0,0,0,0,0,0,0
1.249088000,0,0,0,1,0,0,0,0
1.249096000,0,0,0,0,0,0,0,0
1.249105000,0,0,0,1,0,0,0,0
1.249140000,0,0,0,0,0,0,0,0
1.249157000,0,0,0,1,0,0,0,0
1.249166000,0,0,0,0,0,0,0,0
1.249175000,0,0,0,1,0,0,0,0
1.249183000,0,0,0,0,0,0,0,0
1.249192000,0,0,0,1,0,0,0,0
1.249201000,0,0,0,0,0,0,0,0
1.249209000,0,0,0,1,0,0,0,0
1.249227000,0,0,0,0,0,0,0,0
1.249235000,0,0,0,1,0,0,0,0
1.249244000,0,0,0,0,0,0,0,0
1.249261000,0,0,0,1,0,0,0,0
1.249270000,0,0,0,0,0,0,0,0
1.249296000,0,0,0,1,0,0,0,0
1.249314000,0,0,0,0,0,0,0,0
1.249331000,0,0,0,1,0,0,0,0
1.249340000,0,0,0,0,0,0,0,0
1.249348000,0,0,0,1,0,0,0,0
1.249357000,0,0,0,0,0,0,0,0
1.249366000,0,0,0,1,0,0,0,0
1.249400000,0,0,0,0,0,0,0,0
1.249418000,0,0,0,1,0,0,0,0
1.249426000,0,0,0,0,0,0,0,0
1.249435000,0,0,0,1,0,0,0,0
1.249444000,0,0,0,0,0,0,0,0
1.249453000,0,0,0,1,0,0,0,0
1.249487000,0,0,0,0,0,0,0,0
1.249505000,0,0,0,1,0,0,0,0
1.249513000,0,0,0,0,0,0,0,0
1.249522000,0,0,0,1,0,0,0,0
1.249531000,0,0,0,0,0,0,0,0
1.249574000,0,0,0,1,0,0,0,0
1.249583000,0,0,0,0,0,0,0,0
1.249592000,0,0,0,1,0,0,0,0
1.249600000,0,0,0,0,0,0,0,0
1.249609000,0,0,0,1,0,0,0,0
1.249618000,0,0,0,0,0,0,0,0
1.249635000,0,0,0,1,0,0,0,0
1.249644000,0,0,0,0,0,0,0,0
1.249678000,0,0,0,1,0,0,0,0
1.249687000,0,0,0,0,0,0,0,0
1.249696000,0,0,0,1,0,0,0,0
1.249704000,0,0,0,0,0,0,0,0
1.249713000,0,0,0,1,0,0,0,0
1.249722000,0,0,0,0,0,0,0,0
1.249765000,0,0,0,1,0,0,0,0
1.249774000,0,0,0,0,0,0,0,0
1.249783000,0,0,0,1,0,0,0,0
1.249791000,0,0,0,0,0,0,0,0
1.249800000,0,0,0,1,0,0,0,0
1.249817000,0,0,0,0,0,0,0,0
1.249852000,0,0,0,1,0,0,0,0
1.249861000,0,0,0,0,0,0,0,0
1.249870000,0,0,0,1,0,0,0,0
1.249878000,0,0,0,0,0,0,0,0
1.249887000,0,0,0,1,0,0,0,0
1.249904000,0,0,0,0,0,0,0,0
1.249913000,0,0,0,1,0,0,0,0
1.249922000,0,0,0,0,0,0,0,0
1.249939000,0,0,0,1,0,0,0,0
1.249948000,0,0,0,0,0,0,0,0
1.249956000,0,0,0,1,0,0,0,0
1.249965000,0,0,0,0,0,0,0,0
1.249974000,0,0,0,1,0,0,0,0
1.249982000,0,0,0,0,0,0,0,0
1.249991000,0,0,0,1,0,0,0,0
1.250009000,0,0,0,0,0,0,0,0
1.250017000,0,0,0,1,0,0,0,0
1.250026000,0,0,0,0,0,0,0,0
1.250043000,0,0,0,1,0,0,0,0
1.250052000,0,0,0,0,0,0,0,0
1.250095000,0,0,0,1,0,0,0,0
1.250113000,0,0,0,0,0,0,0,0
1.250130000,0,0,0,1,0,0,0,0
1.250139000,0,0,0,0,0,0,0,0
1.250148000,0,0,0,1,0,0,0,0
1.250156000,0,0,0,0,0,0,0,0
1.250182000,0,0,0,1,0,0,0,0
1.250200000,0,0,0,0,0,0,0,0
1.250217000,0,0,0,1,0,0,0,0
1.250226000,0,0,0,0,0,0,0,0
1.250243000,0,0,0,1,0,0,0,0
1.250252000,0,0,0,0,0,0,0,0
1.250269000,0,0,0,1,0,0,0,0
1.250287000,0,0,0,0,0,0,0,0
1.250304000,0,0,0,1,0,0,0,0
1.250313000,0,0,0,0,0,0,0,0
1.250321000,0,0,0,1,0,0,0,0
1.250339000,0,0,0,0,0,0,0,0
1.250356000,0,0,0,1,0,0,0,0
1.250373000,0,0,0,0,0,0,0,0
1.250391000,0,0,0,1,0,0,0,0
1.250399000,0,0,0,0,0,0,0,0
1.250426000,0,0,0,1,0,0,0,0
1.250434000,0,0,0,0,0,0,0,0
1.250443000,0,0,0,1,0,0,0,0
1.250460000,0,0,0,0,0,0,0,0
1.250478000,0,0,0,1,0,0,0,0
1.250486000,0,0,0,0,0,0,0,0
1.250495000,0,0,0,1,0,0,0,0
1.250504000,0,0,0,0,0,0,0,0
1.250512000,0,0,0,1,0,0,0,0
1.250521000,0,0,0,0,0,0,0,0
1.250530000,0,0,0,1,0,0,0,0
1.250547000,0,0,0,0,0,0,0,0
1.250565000,0,0,0,1,0,0,0,0
1.250573000,0,0,0,0,0,0,0,0
1.250591000,0,0,0,1,0,0,0,0
1.250608000,0,0,0,0,0,0,0,0
1.250617000,0,0,0,1,0,0,0,0
1.250634000,0,0,0,0,0,0,0,0
1.250651000,0,0,0,1,0,0,0,0
1.250660000,0,0,0,0,0,0,0,0
1.250669000,0,0,0,1,0,0,0,0
1.250695000,0,0,0,0,0,0,0,0
1.250704000,0,0,0,1,0,0,0,0
1.250721000,0,0,0,0,0,0,0,0
1.250738000,0,0,0,1,0,0,0,0
1.250747000,0,0,0,0,0,0,0,0
1.250782000,0,0,0,1,0,0,0,0
1.250808000,0,0,0,0,0,0,0,0
1.250825000,0,0,0,1,0,0,0,0
1.250834000,0,0,0,0,0,0,0,0
1.250843000,0,0,0,1,0,0,0,0
1.250851000,0,0,0,0,0,0,0,0
1.250869000,0,0,0,1,0,0,0,0
1.250895000,0,0,0,0,0,0,0,0
1.250912000,0,0,0,1,0,0,0,0
1.559082000,0,0,0,0,0,0,0,0
1.559090000,0,0,0,1,0,0,0,0
1.559099000,0,0,0,0,0,0,0,0
1.559108000,0,0,0,1,0,0,0,0
1.559125000,0,0,0,0,0,0,0,0
1.559142000,0,0,0,1,0,0,0,0
1.559151000,0,0,0,0,0,0,0,0
1.559160000,0,0,0,1,0,0,0,0
1.559168000,0,0,0,0,0,0,0,0
1.559177000,0,0,0,1,0,0,0,0
1.559186000,0,0,0,0,0,0,0,0
1.559203000,0,0,0,1,0,0,0,0
1.559212000,0,0,0,0,0,0,0,0
1.559229000,0,0,0,1,0,0,0,0
1.559238000,0,0,0,0,0,0,0,0
1.559247000,0,0,0,1,0,0,0,0
1.559255000,0,0,0,0,0,0,0,0
1.559273000,0,0,0,1,0,0,0,0
1.559299000,0,0,0,0,0,0,0,0
1.559316000,0,0,0,1,0,0,0,0
1.559325000,0,0,0,0,0,0,0,0
1.559334000,0,0,0,1,0,0,0,0
1.559342000,0,0,0,0,0,0,0,0
1.559368000,0,0,0,1,0,0,0,0
1.559377000,0,0,0,0,0,0,0,0
1.559403000,0,0,0,1,0,0,0,0
1.559412000,0,0,0,0,0,0,0,0
1.559420000,0,0,0,1,0,0,0,0
1.559429000,0,0,0,0,0,0,0,0
1.559438000,0,0,0,1,0,0,0,0
1.559464000,0,0,0,0,0,0,0,0
1.559490000,0,0,0,1,0,0,0,0
1.559499000,0,0,0,0,0,0,0,0
1.559507000,0,0,0,1,0,0,0,0
1.559516000,0,0,0,0,0,0,0,0
1.559525000,0,0,0,1,0,0,0,0
1.559533000,0,0,0,0,0,0,0,0
1.559577000,0,0,0,1,0,0,0,0
1.559585000,0,0,0,0,0,0,0,0
1.559594000,0,0,0,1,0,0,0,0
1.559603000,0,0,0,0,0,0,0,0
1.559620000,0,0,0,1,0,0,0,0
1.559629000,0,0,0,0,0,0,0,0
1.559646000,0,0,0,1,0,0,0,0
1.559655000,0,0,0,0,0,0,0,0
1.559664000,0,0,0,1,0,0,0,0
1.559672000,0,0,0,0,0,0,0,0
1.559681000,0,0,0,1,0,0,0,0
1.559690000,0,0,0,0,0,0,0,0
1.559716000,0,0,0,1,0,0,0,0
1.559724000,0,0,0,0,0,0,0,0
1.559750000,0,0,0,1,0,0,0,0
1.559759000,0,0,0,0,0,0,0,0
1.559768000,0,0,0,1,0,0,0,0
1.559777000,0,0,0,0,0,0,0,0
1.559785000,0,0,0,1,0,0,0,0
1.559794000,0,0,0,0,0,0,0,0
1.559803000,0,0,0,1,0,0,0,0
1.559820000,0,0,0,0,0,0,0,0
1.559829000,0,0,0,1,0,0,0,0
1.559837000,0,0,0,0,0,0,0,0
1.559855000,0,0,0,1,0,0,0,0
1.559863000,0,0,0,0,0,0,0,0
1.559872000,0,0,0,1,0,0,0,0
1.559898000,0,0,0,0,0,0,0,0
1.559924000,0,0,0,1,0,0,0,0
1.559933000,0,0,0,0,0,0,0,0
1.559942000,0,0,0,1,0,0,0,0
1.559950000,0,0,0,0,0,0,0,0
1.559994000,0,0,0,1,0,0,0,0
1.560002000,0,0,0,0,0,0,0,0
1.560011000,0,0,0,1,0,0,0,0
1.560020000,0,0,0,0,0,0,0,0
1.560028000,0,0,0,1,0,0,0,0
1.560037000,0,0,0,0,0,0,0,0
1.560046000,0,0,0,1,0,0,0,0
1.560055000,0,0,0,0,0,0,0,0
1.560072000,0,0,0,1,0,0,0,0
1.560081000,0,0,0,0,0,0,0,0
1.560098000,0,0,0,1,0,0,0,0
1.560107000,0,0,0,0,0,0,0,0
1.560115000,0,0,0,1,0,0,0,0
1.560124000,0,0,0,0,0,0,0,0
1.560133000,0,0,0,1,0,0,0,0
1.560167000,0,0,0,0,0,0,0,0
1.560185000,0,0,0,1,0,0,0,0
1.560194000,0,0,0,0,0,0,0,0
1.560202000,0,0,0,1,0,0,0,0
1.560211000,0,0,0,0,0,0,0,0
1.560220000,0,0,0,1,0,0,0,0
1.560228000,0,0,0,0,0,0,0,0
1.560237000,0,0,0,1,0,0,0,0
1.560254000,0,0,0,0,0,0,0,0
1.560263000,0,0,0,1,0,0,0,0
1.560272000,0,0,0,0,0,0,0,0
1.560289000,0,0,0,1,0,0,0,0
1.560298000,0,0,0,0,0,0,0,0
1.560324000,0,0,0,1,0,0,0,0
1.560341000,0,0,0,0,0,0,0,0
1.560359000,0,0,0,1,0,0,0,0
1.560367000,0,0,0,0,0,0,0,0
1.560376000,0,0,0,1,0,0,0,0
1.560385000,0,0,0,0,0,0,0,0
1.560393000,0,0,0,1,0,0,0,0
1.560428000,0,0,0,0,0,0,0,0
1.560445000,0,0,0,1,0,0,0,0
1.560454000,0,0,0,0,0,0,0,0
1.560463000,0,0,0,1,0,0,0,0
1.560472000,0,0,0,0,0,0,0,0
1.560480000,0,0,0,1,0,0,0,0
1.560515000,0,0,0,0,0,0,0,0
1.560532000,0,0,0,1,0,0,0,0
1.560541000,0,0,0,0,0,0,0,0
1.560550000,0,0,0,1,0,0,0,0
1.560558000,0,0,0,0,0,0,0,0
1.560602000,0,0,0,1,0,0,0,0
1.560611000,0,0,0,0,0,0,0,0
1.560619000,0,0,0,1,0,0,0,0
1.560628000,0,0,0,0,0,0,0,0
1.560637000,0,0,0,1,0,0,0,0
1.560645000,0,0,0,0,0,0,0,0
1.560663000,0,0,0,1,0,0,0,0
1.560671000,0,0,0,0,0,0,0,0
1.560706000,0,0,0,1,0,0,0,0
1.560715000,0,0,0,0,0,0,0,0
1.560723000,0,0,0,1,0,0,0,0
1.560732000,0,0,0,0,0,0,0,0
1.560741000,0,0,0,1,0,0,0,0
1.560750000,0,0,0,0,0,0,0,0
1.560793000,0,0,0,1,0,0,0,0
1.560802000,0,0,0,0,0,0,0,0
1.560810000,0,0,0,1,0,0,0,0
1.560819000,0,0,0,0,0,0,0,0
1.560828000,0,0,0,1,0,0,0,0
1.560845000,0,0,0,0,0,0,0,0
1.560880000,0,0,0,1,0,0,0,0
1.560889000,0,0,0,0,0,0,0,0
1.560897000,0,0,0,1,0,0,0,0
1.560906000,0,0,0,0,0,0,0,0
1.560915000,0,0,0,1,0,0,0,0
1.560932000,0,0,0,0,0,0,0,0
1.560941000,0,0,0,1,0,0,0,0
1.560949000,0,0,0,0,0,0,0,0
1.560967000,0,0,0,1,0,0,0,0
1.560975000,0,0,0,0,0,0,0,0
1.560984000,0,0,0,1,0,0,0,0
1.560993000,0,0,0,0,0,0,0,0
1.561001000,0,0,0,1,0,0,0,0
1.561010000,0,0,0,0,0,0,0,0
1.561019000,0,0,0,1,0,0,0,0
1.561036000,0,0,0,0,0,0,0,0
1.561045000,0,0,0,1,0,0,0,0
1.561054000,0,0,0,0,0,0,0,0
1.561071000,0,0,0,1,0,0,0,0
1.561080000,0,0,0,0,0,0,0,0
1.561123000,0,0,0,1,0,0,0,0
1.561140000,0,0,0,0,0,0,0,0
1.561158000,0,0,0,1,0,0,0,0
1.561167000,0,0,0,0,0,0,0,0
1.561175000,0,0,0,1,0,0,0,0
1.561184000,0,0,0,0,0,0,0,0
1.561210000,0,0,0,1,0,0,0,0
1.561227000,0,0,0,0,0,0,0,0
1.561245000,0,0,0,1,0,0,0,0
1.561253000,0,0,0,0,0,0,0,0
1.561271000,0,0,0,1,0,0,0,0
1.561279000,0,0,0,0,0,0,0,0
1.561297000,0,0,0,1,0,0,0,0
1.561314000,0,0,0,0,0,0,0,0
1.561332000,0,0,0,1,0,0,0,0
1.561340000,0,0,0,0,0,0,0,0
1.561349000,0,0,0,1,0,0,0,0
1.561366000,0,0,0,0,0,0,0,0
1.561384000,0,0,0,1,0,0,0,0
1.561401000,0,0,0,0,0,0,0,0
1.561418000,0,0,0,1,0,0,0,0
1.561427000,0,0,0,0,0,0,0,0
1.561453000,0,0,0,1,0,0,0,0
1.561462000,0,0,0,0,0,0,0,0
1.561471000,0,0,0,1,0,0,0,0
1.561488000,0,0,0,0,0,0,0,0
1.561505000,0,0,0,1,0,0,0,0
1.561514000,0,0,0,0,0,0,0,0
1.561523000,0,0,0,1,0,0,0,0
1.561531000,0,0,0,0,0,0,0,0
1.561540000,0,0,0,1,0,0,0,0
1.561549000,0,0,0,0,0,0,0,0
1.561557000,0,0,0,1,0,0,0,0
1.561575000,0,0,0,0,0,0,0,0
1.561592000,0,0,0,1,0,0,0,0
1.561601000,0,0,0,0,0,0,0,0
1.561618000,0,0,0,1,0,0,0,0
1.561636000,0,0,0,0,0,0,0,0
1.561644000,0,0,0,1,0,0,0,0
1.561662000,0,0,0,0,0,0,0,0
1.561679000,0,0,0,1,0,0,0,0
1.561688000,0,0,0,0,0,0,0,0
1.561696000,0,0,0,1,0,0,0,0
1.561723000,0,0,0,0,0,0,0,0
1.561731000,0,0,0,1,0,0,0,0
1.561749000,0,0,0,0,0,0,0,0
1.561766000,0,0,0,1,0,0,0,0
1.561775000,0,0,0,0,0,0,0,0
1.561809000,0,0,0,1,0,0,0,0
1.561835000,0,0,0,0,0,0,0,0
1.561853000,0,0,0,1,0,0,0,0
1.561862000,0,0,0,0,0,0,0,0
1.561870000,0,0,0,1,0,0,0,0
1.561879000,0,0,0,0,0,0,0,0
1.561896000,0,0,0,1,0,0,0,0
1.561922000,0,0,0,0,0,0,0,0
1.561940000,0,0,0,1,0,0,0,0
1.806047000,0,0,0,0,0,0,0,0
1.806055000,0,0,0,1,0,0,0,0
1.806064000,0,0,0,0,0,0,0,0
1.806073000,0,0,0,1,0,0,0,0
1.806090000,0,0,0,0,0,0,0,0
1.806108000,0,0,0,1,0,0,0,0
1.806116000,0,0,0,0,0,0,0,0
1.806125000,0,0,0,1,0,0,0,0
1.806134000,0,0,0,0,0,0,0,0
1.806142000,0,0,0,1,0,0,0,0
1.806151000,0,0,0,0,0,0,0,0
1.806168000,0,0,0,1,0,0,0,0
1.806177000,0,0,0,0,0,0,0,0
1.806194000,0,0,0,1,0,0,0,0
1.806203000,0,0,0,0,0,0,0,0
1.806212000,0,0,0,1,0,0,0,0
1.806221000,0,0,0,0,0,0,0,0
1.806238000,0,0,0,1,0,0,0,0
1.806264000,0,0,0,0,0,0,0,0
1.806281000,0,0,0,1,0,0,0,0
1.806290000,0,0,0,0,0,0,0,0
1.806299000,0,0,0,1,0,0,0,0
1.806307000,0,0,0,0,0,0,0,0
1.806333000,0,0,0,1,0,0,0,0
1.806342000,0,0,0,0,0,0,0,0
1.806368000,0,0,0,1,0,0,0,0
1.806377000,0,0,0,0,0,0,0,0
1.806386000,0,0,0,1,0,0,0,0
1.806394000,0,0,0,0,0,0,0,0
1.806403000,0,0,0,1,0,0,0,0
1.806429000,0,0,0,0,0,0,0,0
1.806455000,0,0,0,1,0,0,0,0
1.806464000,0,0,0,0,0,0,0,0
1.806472000,0,0,0,1,0,0,0,0
1.806481000,0,0,0,0,0,0,0,0
1.806490000,0,0,0,1,0,0,0,0
1.806499000,0,0,0,0,0,0,0,0
1.806542000,0,0,0,1,0,0,0,0
1.806551000,0,0,0,0,0,0,0,0
1.806559000,0,0,0,1,0,0,0,0
1.806568000,0,0,0,0,0,0,0,0
1.806585000,0,0,0,1,0,0,0,0
1.806594000,0,0,0,0,0,0,0,0
1.806611000,0,0,0,1,0,0,0,0
1.806620000,0,0,0,0,0,0,0,0
1.806629000,0,0,0,1,0,0,0,0
1.806638000,0,0,0,0,0,0,0,0
1.806646000,0,0,0,1,0,0,0,0
1.806655000,0,0,0,0,0,0,0,0
1.806681000,0,0,0,1,0,0,0,0
1.806690000,0,0,0,0,0,0,0,0
1.806716000,0,0,0,1,0,0,0,0
1.806724000,0,0,0,0,0,0,0,0
1.806733000,0,0,0,1,0,0,0,0
1.806742000,0,0,0,0,0,0,0,0
1.806750000,0,0,0,1,0,0,0,0
1.806759000,0,0,0,0,0,0,0,0
1.806768000,0,0,0,1,0,0,0,0
1.806785000,0,0,0,0,0,0,0,0
1.806794000,0,0,0,1,0,0,0,0
1.806803000,0,0,0,0,0,0,0,0
1.806820000,0,0,0,1,0,0,0,0
1.806829000,0,0,0,0,0,0,0,0
1.806837000,0,0,0,1,0,0,0,0
1.806863000,0,0,0,0,0,0,0,0
1.806889000,0,0,0,1,0,0,0,0
1.806898000,0,0,0,0,0,0,0,0
1.806907000,0,0,0,1,0,0,0,0
1.806916000,0,0,0,0,0,0,0,0
1.806959000,0,0,0,1,0,0,0,0
1.806968000,0,0,0,0,0,0,0,0
1.806976000,0,0,0,1,0,0,0,0
1.806985000,0,0,0,0,0,0,0,0
1.806994000,0,0,0,1,0,0,0,0
1.807002000,0,0,0,0,0,0,0,0
1.807011000,0,0,0,1,0,0,0,0
1.807020000,0,0,0,0,0,0,0,0
1.807037000,0,0,0,1,0,0,0,0
1.807046000,0,0,0,0,0,0,0,0
1.807063000,0,0,0,1,0,0,0,0
1.807072000,0,0,0,0,0,0,0,0
1.807081000,0,0,0,1,0,0,0,0
1.807089000,0,0,0,0,0,0,0,0
1.807098000,0,0,0,1,0,0,0,0
1.807133000,0,0,0,0,0,0,0,0
1.807150000,0,0,0,1,0,0,0,0
1.807159000,0,0,0,0,0,0,0,0
1.807167000,0,0,0,1,0,0,0,0
1.807176000,0,0,0,0,0,0,0,0
1.807185000,0,0,0,1,0,0,0,0
1.807194000,0,0,0,0,0,0,0,0
1.807202000,0,0,0,1,0,0,0,0
1.807220000,0,0,0,0,0,0,0,0
1.807228000,0,0,0,1,0,0,0,0
1.807237000,0,0,0,0,0,0,0,0
1.807254000,0,0,0,1,0,0,0,0
1.807263000,0,0,0,0,0,0,0,0
1.807289000,0,0,0,1,0,0,0,0
1.807306000,0,0,0,0,0,0,0,0
1.807324000,0,0,0,1,0,0,0,0
1.807333000,0,0,0,0,0,0,0,0
1.807341000,0,0,0,1,0,0,0,0
1.807350000,0,0,0,0,0,0,0,0
1.807359000,0,0,0,1,0,0,0,0
1.807393000,0,0,0,0,0,0,0,0
1.807411000,0,0,0,1,0,0,0,0
1.807419000,0,0,0,0,0,0,0,0
1.807428000,0,0,0,1,0,0,0,0
1.807437000,0,0,0,0,0,0,0,0
1.807445000,0,0,0,1,0,0,0,0
1.807480000,0,0,0,0,0,0,0,0
1.807498000,0,0,0,1,0,0,0,0
1.807506000,0,0,0,0,0,0,0,0
1.807515000,0,0,0,1,0,0,0,0
1.807524000,0,0,0,0,0,0,0,0
1.807567000,0,0,0,1,0,0,0,0
1.807576000,0,0,0,0,0,0,0,0
1.807584000,0,0,0,1,0,0,0,0
1.807593000,0,0,0,0,0,0,0,0
1.807602000,0,0,0,1,0,0,0,0
1.807611000,0,0,0,0,0,0,0,0
1.807628000,0,0,0,1,0,0,0,0
1.807637000,0,0,0,0,0,0,0,0
1.807671000,0,0,0,1,0,0,0,0
1.807680000,0,0,0,0,0,0,0,0
1.807689000,0,0,0,1,0,0,0,0
1.807697000,0,0,0,0,0,0,0,0
1.807706000,0,0,0,1,0,0,0,0
1.807715000,0,0,0,0,0,0,0,0
1.807758000,0,0,0,1,0,0,0,0
1.807767000,0,0,0,0,0,0,0,0
1.807776000,0,0,0,1,0,0,0,0
1.807784000,0,0,0,0,0,0,0,0
1.807793000,0,0,0,1,0,0,0,0
1.807810000,0,0,0,0,0,0,0,0
1.807845000,0,0,0,1,0,0,0,0
1.807854000,0,0,0,0,0,0,0,0
1.807862000,0,0,0,1,0,0,0,0
1.807871000,0,0,0,0,0,0,0,0
1.807880000,0,0,0,1,0,0,0,0
1.807897000,0,0,0,0,0,0,0,0
1.807906000,0,0,0,1,0,0,0,0
1.807915000,0,0,0,0,0,0,0,0
1.807932000,0,0,0,1,0,0,0,0
1.807941000,0,0,0,0,0,0,0,0
1.807949000,0,0,0,1,0,0,0,0
1.807958000,0,0,0,0,0,0,0,0
1.807967000,0,0,0,1,0,0,0,0
1.807975000,0,0,0,0,0,0,0,0
1.807984000,0,0,0,1,0,0,0,0
1.808001000,0,0,0,0,0,0,0,0
1.808010000,0,0,0,1,0,0,0,0
1.808019000,0,0,0,0,0,0,0,0
1.808036000,0,0,0,1,0,0,0,0
1.808045000,0,0,0,0,0,0,0,0
1.808088000,0,0,0,1,0,0,0,0
1.808106000,0,0,0,0,0,0,0,0
1.808123000,0,0,0,1,0,0,0,0
1.808132000,0,0,0,0,0,0,0,0
1.808140000,0,0,0,1,0,0,0,0
1.808149000,0,0,0,0,0,0,0,0
1.808175000,0,0,0,1,0,0,0,0
1.808193000,0,0,0,0,0,0,0,0
1.808210000,0,0,0,1,0,0,0,0
1.808219000,0,0,0,0,0,0,0,0
1.808236000,0,0,0,1,0,0,0,0
1.808245000,0,0,0,0,0,0,0,0
1.808262000,0,0,0,1,0,0,0,0
1.808279000,0,0,0,0,0,0,0,0
1.808297000,0,0,0,1,0,0,0,0
1.808305000,0,0,0,0,0,0,0,0
1.808314000,0,0,0,1,0,0,0,0
1.808332000,0,0,0,0,0,0,0,0
1.808349000,0,0,0,1,0,0,0,0
1.808366000,0,0,0,0,0,0,0,0
1.808384000,0,0,0,1,0,0,0,0
1.808392000,0,0,0,0,0,0,0,0
1.808418000,0,0,0,1,0,0,0,0
1.808427000,0,0,0,0,0,0,0,0
1.808436000,0,0,0,1,0,0,0,0
1.808453000,0,0,0,0,0,0,0,0
1.808471000,0,0,0,1,0,0,0,0
1.808479000,0,0,0,0,0,0,0,0
1.808488000,0,0,0,1,0,0,0,0
1.808497000,0,0,0,0,0,0,0,0
1.808505000,0,0,0,1,0,0,0,0
1.808514000,0,0,0,0,0,0,0,0
1.808523000,0,0,0,1,0,0,0,0
1.808540000,0,0,0,0,0,0,0,0
1.808557000,0,0,0,1,0,0,0,0
1.808566000,0,0,0,0,0,0,0,0
1.808583000,0,0,0,1,0,0,0,0
1.808601000,0,0,0,0,0,0,0,0
1.808610000,0,0,0,1,0,0,0,0
1.808627000,0,0,0,0,0,0,0,0
1.808644000,0,0,0,1,0,0,0,0
1.808653000,0,0,0,0,0,0,0,0
1.808662000,0,0,0,1,0,0,0,0
1.808688000,0,0,0,0,0,0,0,0
1.808696000,0,0,0,1,0,0,0,0
1.808714000,0,0,0,0,0,0,0,0
1.808731000,0,0,0,1,0,0,0,0
1.808740000,0,0,0,0,0,0,0,0
1.808775000,0,0,0,1,0,0,0,0
1.808801000,0,0,0,0,0,0,0,0
1.808818000,0,0,0,1,0,0,0,0
1.808827000,0,0,0,0,0,0,0,0
1.808835000,0,0,0,1,0,0,0,0
1.808844000,0,0,0,0,0,0,0,0
1.808861000,0,0,0,1,0,0,0,0
1.808888000,0,0,0,0,0,0,0,0
1.808905000,0,0,0,1,0,0,0,0
2.033044000,0,0,0,0,0,0,0,0
2.033053000,0,0,0,1,0,0,0,0
2.033062000,0,0,0,0,0,0,0,0
2.033070000,0,0,0,1,0,0,0,0
2.033088000,0,0,0,0,0,0,0,0
2.033105000,0,0,0,1,0,0,0,0
2.033114000,0,0,0,0,0,0,0,0
2.033122000,0,0,0,1,0,0,0,0
2.033131000,0,0,0,0,0,0,0,0
2.033140000,0,0,0,1,0,0,0,0
2.033149000,0,0,0,0,0,0,0,0
2.033166000,0,0,0,1,0,0,0,0
2.033175000,0,0,0,0,0,0,0,0
2.033192000,0,0,0,1,0,0,0,0
2.033201000,0,0,0,0,0,0,0,0
2.033209000,0,0,0,1,0,0,0,0
2.033218000,0,0,0,0,0,0,0,0
2.033235000,0,0,0,1,0,0,0,0
2.033261000,0,0,0,0,0,0,0,0
2.033279000,0,0,0,1,0,0,0,0
2.033288000,0,0,0,0,0,0,0,0
2.033296000,0,0,0,1,0,0,0,0
2.033305000,0,0,0,0,0,0,0,0
2.033331000,0,0,0,1,0,0,0,0
2.033340000,0,0,0,0,0,0,0,0
2.033366000,0,0,0,1,0,0,0,0
2.033374000,0,0,0,0,0,0,0,0
2.033383000,0,0,0,1,0,0,0,0
2.033392000,0,0,0,0,0,0,0,0
2.033400000,0,0,0,1,0,0,0,0
2.033426000,0,0,0,0,0,0,0,0
2.033453000,0,0,0,1,0,0,0,0
2.033461000,0,0,0,0,0,0,0,0
2.033470000,0,0,0,1,0,0,0,0
2.033479000,0,0,0,0,0,0,0,0
2.033487000,0,0,0,1,0,0,0,0
2.033496000,0,0,0,0,0,0,0,0
2.033539000,0,0,0,1,0,0,0,0
2.033548000,0,0,0,0,0,0,0,0
2.033557000,0,0,0,1,0,0,0,0
2.033565000,0,0,0,0,0,0,0,0
2.033583000,0,0,0,1,0,0,0,0
2.033592000,0,0,0,0,0,0,0,0
2.033609000,0,0,0,1,0,0,0,0
2.033618000,0,0,0,0,0,0,0,0
2.033626000,0,0,0,1,0,0,0,0
2.033635000,0,0,0,0,0,0,0,0
2.033644000,0,0,0,1,0,0,0,0
2.033652000,0,0,0,0,0,0,0,0
2.033678000,0,0,0,1,0,0,0,0
2.033687000,0,0,0,0,0,0,0,0
2.033713000,0,0,0,1,0,0,0,0
2.033722000,0,0,0,0,0,0,0,0
2.033731000,0,0,0,1,0,0,0,0
2.033739000,0,0,0,0,0,0,0,0
2.033748000,0,0,0,1,0,0,0,0
2.033757000,0,0,0,0,0,0,0,0
2.033765000,0,0,0,1,0,0,0,0
2.033783000,0,0,0,0,0,0,0,0
2.033791000,0,0,0,1,0,0,0,0
2.033800000,0,0,0,0,0,0,0,0
2.033817000,0,0,0,1,0,0,0,0
2.033826000,0,0,0,0,0,0,0,0
2.033835000,0,0,0,1,0,0,0,0
2.033861000,0,0,0,0,0,0,0,0
2.033887000,0,0,0,1,0,0,0,0
2.033896000,0,0,0,0,0,0,0,0
2.033904000,0,0,0,1,0,0,0,0
2.033913000,0,0,0,0,0,0,0,0
2.033956000,0,0,0,1,0,0,0,0
2.033965000,0,0,0,0,0,0,0,0
2.033974000,0,0,0,1,0,0,0,0
2.033982000,0,0,0,0,0,0,0,0
2.033991000,0,0,0,1,0,0,0,0
2.034000000,0,0,0,0,0,0,0,0
2.034009000,0,0,0,1,0,0,0,0
2.034017000,0,0,0,0,0,0,0,0
2.034035000,0,0,0,1,0,0,0,0
2.034043000,0,0,0,0,0,0,0,0
2.034061000,0,0,0,1,0,0,0,0
2.034069000,0,0,0,0,0,0,0,0
2.034078000,0,0,0,1,0,0,0,0
2.034087000,0,0,0,0,0,0,0,0
2.034095000,0,0,0,1,0,0,0,0
2.034130000,0,0,0,0,0,0,0,0
2.034148000,0,0,0,1,0,0,0,0
2.034156000,0,0,0,0,0,0,0,0
2.034165000,0,0,0,1,0,0,0,0
2.034174000,0,0,0,0,0,0,0,0
2.034182000,0,0,0,1,0,0,0,0
2.034191000,0,0,0,0,0,0,0,0
2.034200000,0,0,0,1,0,0,0,0
2.034217000,0,0,0,0,0,0,0,0
2.034226000,0,0,0,1,0,0,0,0
2.034234000,0,0,0,0,0,0,0,0
2.034252000,0,0,0,1,0,0,0,0
2.034260000,0,0,0,0,0,0,0,0
2.034287000,0,0,0,1,0,0,0,0
2.034304000,0,0,0,0,0,0,0,0
2.034321000,0,0,0,1,0,0,0,0
2.034330000,0,0,0,0,0,0,0,0
2.034339000,0,0,0,1,0,0,0,0
2.034347000,0,0,0,0,0,0,0,0
2.034356000,0,0,0,1,0,0,0,0
2.034391000,0,0,0,0,0,0,0,0
2.034408000,0,0,0,1,0,0,0,0
2.034417000,0,0,0,0,0,0,0,0
2.034426000,0,0,0,1,0,0,0,0
2.034434000,0,0,0,0,0,0,0,0
2.034443000,0,0,0,1,0,0,0,0
2.034478000,0,0,0,0,0,0,0,0
2.034495000,0,0,0,1,0,0,0,0
2.034504000,0,0,0,0,0,0,0,0
2.034512000,0,0,0,1,0,0,0,0
2.034521000,0,0,0,0,0,0,0,0
2.034565000,0,0,0,1,0,0,0,0
2.034573000,0,0,0,0,0,0,0,0
2.034582000,0,0,0,1,0,0,0,0
2.034591000,0,0,0,0,0,0,0,0
2.034599000,0,0,0,1,0,0,0,0
2.034608000,0,0,0,0,0,0,0,0
2.034625000,0,0,0,1,0,0,0,0
2.034634000,0,0,0,0,0,0,0,0
2.034669000,0,0,0,1,0,0,0,0
2.034677000,0,0,0,0,0,0,0,0
2.034686000,0,0,0,1,0,0,0,0
2.034695000,0,0,0,0,0,0,0,0
2.034704000,0,0,0,1,0,0,0,0
2.034712000,0,0,0,0,0,0,0,0
2.034756000,0,0,0,1,0,0,0,0
2.034764000,0,0,0,0,0,0,0,0
2.034773000,0,0,0,1,0,0,0,0
2.034782000,0,0,0,0,0,0,0,0
2.034790000,0,0,0,1,0,0,0,0
2.034808000,0,0,0,0,0,0,0,0
2.034843000,0,0,0,1,0,0,0,0
2.034851000,0,0,0,0,0,0,0,0
2.034860000,0,0,0,1,0,0,0,0
2.034869000,0,0,0,0,0,0,0,0
2.034877000,0,0,0,1,0,0,0,0
2.034895000,0,0,0,0,0,0,0,0
2.034903000,0,0,0,1,0,0,0,0
2.034912000,0,0,0,0,0,0,0,0
2.034929000,0,0,0,1,0,0,0,0
2.034938000,0,0,0,0,0,0,0,0
2.034947000,0,0,0,1,0,0,0,0
2.034955000,0,0,0,0,0,0,0,0
2.034964000,0,0,0,1,0,0,0,0
2.034973000,0,0,0,0,0,0,0,0
2.034982000,0,0,0,1,0,0,0,0
2.034999000,0,0,0,0,0,0,0,0
2.035008000,0,0,0,1,0,0,0,0
2.035016000,0,0,0,0,0,0,0,0
2.035034000,0,0,0,1,0,0,0,0
2.035042000,0,0,0,0,0,0,0,0
2.035086000,0,0,0,1,0,0,0,0
2.035103000,0,0,0,0,0,0,0,0
2.035121000,0,0,0,1,0,0,0,0
2.035129000,0,0,0,0,0,0,0,0
2.035138000,0,0,0,1,0,0,0,0
2.035147000,0,0,0,0,0,0,0,0
2.035173000,0,0,0,1,0,0,0,0
2.035190000,0,0,0,0,0,0,0,0
2.035207000,0,0,0,1,0,0,0,0
2.035216000,0,0,0,0,0,0,0,0
2.035233000,0,0,0,1,0,0,0,0
2.035242000,0,0,0,0,0,0,0,0
2.035260000,0,0,0,1,0,0,0,0
2.035277000,0,0,0,0,0,0,0,0
2.035294000,0,0,0,1,0,0,0,0
2.035303000,0,0,0,0,0,0,0,0
2.035312000,0,0,0,1,0,0,0,0
2.035329000,0,0,0,0,0,0,0,0
2.035346000,0,0,0,1,0,0,0,0
2.035364000,0,0,0,0,0,0,0,0
2.035381000,0,0,0,1,0,0,0,0
2.035390000,0,0,0,0,0,0,0,0
2.035416000,0,0,0,1,0,0,0,0
2.035425000,0,0,0,0,0,0,0,0
2.035433000,0,0,0,1,0,0,0,0
2.035451000,0,0,0,0,0,0,0,0
2.035468000,0,0,0,1,0,0,0,0
2.035477000,0,0,0,0,0,0,0,0
2.035485000,0,0,0,1,0,0,0,0
2.035494000,0,0,0,0,0,0,0,0
2.035503000,0,0,0,1,0,0,0,0
2.035511000,0,0,0,0,0,0,0,0
2.035520000,0,0,0,1,0,0,0,0
2.035538000,0,0,0,0,0,0,0,0
2.035555000,0,0,0,1,0,0,0,0
2.035564000,0,0,0,0,0,0,0,0
2.035581000,0,0,0,1,0,0,0,0
2.035598000,0,0,0,0,0,0,0,0
2.035607000,0,0,0,1,0,0,0,0
2.035624000,0,0,0,0,0,0,0,0
2.035642000,0,0,0,1,0,0,0,0
2.035650000,0,0,0,0,0,0,0,0
2.035659000,0,0,0,1,0,0,0,0
2.035685000,0,0,0,0,0,0,0,0
2.035694000,0,0,0,1,0,0,0,0
2.035711000,0,0,0,0,0,0,0,0
2.035729000,0,0,0,1,0,0,0,0
2.035737000,0,0,0,0,0,0,0,0
2.035772000,0,0,0,1,0,0,0,0
2.035798000,0,0,0,0,0,0,0,0
2.035816000,0,0,0,1,0,0,0,0
2.035824000,0,0,0,0,0,0,0,0
2.035833000,0,0,0,1,0,0,0,0
2.035842000,0,0,0,0,0,0,0,0
2.035859000,0,0,0,1,0,0,0,0
2.035885000,0,0,0,0,0,0,0,0
2.035902000,0,0,0,1,0,0,0,0
2.218608000,0,0,0,0,0,0,0,0
2.218617000,0,0,0,1,0,0,0,0
2.218626000,0,0,0,0,0,0,0,0
2.218634000,0,0,0,1,0,0,0,0
2.218652000,0,0,0,0,0,0,0,0
2.218669000,0,0,0,1,0,0,0,0
2.218678000,0,0,0,0,0,0,0,0
2.218686000,0,0,0,1,0,0,0,0
2.218695000,0,0,0,0,0,0,0,0
2.218704000,0,0,0,1,0,0,0,0
2.218712000,0,0,0,0,0,0,0,0
2.218730000,0,0,0,1,0,0,0,0
2.218738000,0,0,0,0,0,0,0,0
2.218756000,0,0,0,1,0,0,0,0
2.218765000,0,0,0,0,0,0,0,0
2.218773000,0,0,0,1,0,0,0,0
2.218782000,0,0,0,0,0,0,0,0
2.218799000,0,0,0,1,0,0,0,0
2.218825000,0,0,0,0,0,0,0,0
2.218843000,0,0,0,1,0,0,0,0
2.218851000,0,0,0,0,0,0,0,0
2.218860000,0,0,0,1,0,0,0,0
2.218869000,0,0,0,0,0,0,0,0
2.218895000,0,0,0,1,0,0,0,0
2.218904000,0,0,0,0,0,0,0,0
2.218930000,0,0,0,1,0,0,0,0
2.218938000,0,0,0,0,0,0,0,0
2.218947000,0,0,0,1,0,0,0,0
2.218956000,0,0,0,0,0,0,0,0
2.218964000,0,0,0,1,0,0,0,0
2.218990000,0,0,0,0,0,0,0,0
2.219016000,0,0,0,1,0,0,0,0
2.219025000,0,0,0,0,0,0,0,0
2.219034000,0,0,0,1,0,0,0,0
2.219043000,0,0,0,0,0,0,0,0
2.219051000,0,0,0,1,0,0,0,0
2.219060000,0,0,0,0,0,0,0,0
2.219103000,0,0,0,1,0,0,0,0
2.219112000,0,0,0,0,0,0,0,0
2.219121000,0,0,0,1,0,0,0,0
2.219129000,0,0,0,0,0,0,0,0
2.219147000,0,0,0,1,0,0,0,0
2.219155000,0,0,0,0,0,0,0,0
2.219173000,0,0,0,1,0,0,0,0
2.219182000,0,0,0,0,0,0,0,0
2.219190000,0,0,0,1,0,0,0,0
2.219199000,0,0,0,0,0,0,0,0
2.219208000,0,0,0,1,0,0,0,0
2.219216000,0,0,0,0,0,0,0,0
2.219242000,0,0,0,1,0,0,0,0
2.219251000,0,0,0,0,0,0,0,0
2.219277000,0,0,0,1,0,0,0,0
2.219286000,0,0,0,0,0,0,0,0
2.219294000,0,0,0,1,0,0,0,0
2.219303000,0,0,0,0,0,0,0,0
2.219312000,0,0,0,1,0,0,0,0
2.219321000,0,0,0,0,0,0,0,0
2.219329000,0,0,0,1,0,0,0,0
2.219347000,0,0,0,0,0,0,0,0
2.219355000,0,0,0,1,0,0,0,0
2.219364000,0,0,0,0,0,0,0,0
2.219381000,0,0,0,1,0,0,0,0
2.219390000,0,0,0,0,0,0,0,0
2.219399000,0,0,0,1,0,0,0,0
2.219425000,0,0,0,0,0,0,0,0
2.219451000,0,0,0,1,0,0,0,0
2.219460000,0,0,0,0,0,0,0,0
2.219468000,0,0,0,1,0,0,0,0
2.219477000,0,0,0,0,0,0,0,0
2.219520000,0,0,0,1,0,0,0,0
2.219529000,0,0,0,0,0,0,0,0
2.219538000,0,0,0,1,0,0,0,0
2.219546000,0,0,0,0,0,0,0,0
2.219555000,0,0,0,1,0,0,0,0
2.219564000,0,0,0,0,0,0,0,0
2.219572000,0,0,0,1,0,0,0,0
2.219581000,0,0,0,0,0,0,0,0
2.219599000,0,0,0,1,0,0,0,0
2.219607000,0,0,0,0,0,0,0,0
2.219625000,0,0,0,1,0,0,0,0
2.219633000,0,0,0,0,0,0,0,0
2.219642000,0,0,0,1,0,0,0,0
2.219651000,0,0,0,0,0,0,0,0
2.219659000,0,0,0,1,0,0,0,0
2.219694000,0,0,0,0,0,0,0,0
2.219711000,0,0,0,1,0,0,0,0
2.219720000,0,0,0,0,0,0,0,0
2.219729000,0,0,0,1,0,0,0,0
2.219738000,0,0,0,0,0,0,0,0
2.219746000,0,0,0,1,0,0,0,0
2.219755000,0,0,0,0,0,0,0,0
2.219764000,0,0,0,1,0,0,0,0
2.219781000,0,0,0,0,0,0,0,0
2.219790000,0,0,0,1,0,0,0,0
2.219798000,0,0,0,0,0,0,0,0
2.219816000,0,0,0,1,0,0,0,0
2.219824000,0,0,0,0,0,0,0,0
2.219850000,0,0,0,1,0,0,0,0
2.219868000,0,0,0,0,0,0,0,0
2.219885000,0,0,0,1,0,0,0,0
2.219894000,0,0,0,0,0,0,0,0
2.219903000,0,0,0,1,0,0,0,0
2.219911000,0,0,0,0,0,0,0,0
2.219920000,0,0,0,1,0,0,0,0
2.219955000,0,0,0,0,0,0,0,0
2.219972000,0,0,0,1,0,0,0,0
2.219981000,0,0,0,0,0,0,0,0
2.219989000,0,0,0,1,0,0,0,0
2.219998000,0,0,0,0,0,0,0,0
2.220007000,0,0,0,1,0,0,0,0
2.220042000,0,0,0,0,0,0,0,0
2.220059000,0,0,0,1,0,0,0,0
2.220068000,0,0,0,0,0,0,0,0
2.220076000,0,0,0,1,0,0,0,0
2.220085000,0,0,0,0,0,0,0,0
2.220128000,0,0,0,1,0,0,0,0
2.220137000,0,0,0,0,0,0,0,0
2.220146000,0,0,0,1,0,0,0,0
2.220155000,0,0,0,0,0,0,0,0
2.220163000,0,0,0,1,0,0,0,0
2.220172000,0,0,0,0,0,0,0,0
2.220189000,0,0,0,1,0,0,0,0
2.220198000,0,0,0,0,0,0,0,0
2.220233000,0,0,0,1,0,0,0,0
2.220241000,0,0,0,0,0,0,0,0
2.220250000,0,0,0,1,0,0,0,0
2.220259000,0,0,0,0,0,0,0,0
2.220267000,0,0,0,1,0,0,0,0
2.220276000,0,0,0,0,0,0,0,0
2.220320000,0,0,0,1,0,0,0,0
2.220328000,0,0,0,0,0,0,0,0
2.220337000,0,0,0,1,0,0,0,0
2.220346000,0,0,0,0,0,0,0,0
2.220354000,0,0,0,1,0,0,0,0
2.220372000,0,0,0,0,0,0,0,0
2.220406000,0,0,0,1,0,0,0,0
2.220415000,0,0,0,0,0,0,0,0
2.220424000,0,0,0,1,0,0,0,0
2.220433000,0,0,0,0,0,0,0,0
2.220441000,0,0,0,1,0,0,0,0
2.220459000,0,0,0,0,0,0,0,0
2.220467000,0,0,0,1,0,0,0,0
2.220476000,0,0,0,0,0,0,0,0
2.220493000,0,0,0,1,0,0,0,0
2.220502000,0,0,0,0,0,0,0,0
2.220511000,0,0,0,1,0,0,0,0
2.220519000,0,0,0,0,0,0,0,0
2.220528000,0,0,0,1,0,0,0,0
2.220537000,0,0,0,0,0,0,0,0
2.220545000,0,0,0,1,0,0,0,0
2.220563000,0,0,0,0,0,0,0,0
2.220572000,0,0,0,1,0,0,0,0
2.220580000,0,0,0,0,0,0,0,0
2.220598000,0,0,0,1,0,0,0,0
2.220606000,0,0,0,0,0,0,0,0
2.220650000,0,0,0,1,0,0,0,0
2.220667000,0,0,0,0,0,0,0,0
2.220684000,0,0,0,1,0,0,0,0
2.220693000,0,0,0,0,0,0,0,0
2.220702000,0,0,0,1,0,0,0,0
2.220711000,0,0,0,0,0,0,0,0
2.220737000,0,0,0,1,0,0,0,0
2.220754000,0,0,0,0,0,0,0,0
2.220771000,0,0,0,1,0,0,0,0
2.220780000,0,0,0,0,0,0,0,0
2.220797000,0,0,0,1,0,0,0,0
2.220806000,0,0,0,0,0,0,0,0
2.220823000,0,0,0,1,0,0,0,0
2.220841000,0,0,0,0,0,0,0,0
2.220858000,0,0,0,1,0,0,0,0
2.220867000,0,0,0,0,0,0,0,0
2.220876000,0,0,0,1,0,0,0,0
2.220893000,0,0,0,0,0,0,0,0
2.220910000,0,0,0,1,0,0,0,0
2.220928000,0,0,0,0,0,0,0,0
2.220945000,0,0,0,1,0,0,0,0
2.220954000,0,0,0,0,0,0,0,0
2.220980000,0,0,0,1,0,0,0,0
2.220989000,0,0,0,0,0,0,0,0
2.220997000,0,0,0,1,0,0,0,0
2.221015000,0,0,0,0,0,0,0,0
2.221032000,0,0,0,1,0,0,0,0
2.221041000,0,0,0,0,0,0,0,0
2.221049000,0,0,0,1,0,0,0,0
2.221058000,0,0,0,0,0,0,0,0
2.221067000,0,0,0,1,0,0,0,0
2.221075000,0,0,0,0,0,0,0,0
2.221084000,0,0,0,1,0,0,0,0
2.221101000,0,0,0,0,0,0,0,0
2.221119000,0,0,0,1,0,0,0,0
2.221127000,0,0,0,0,0,0,0,0
2.221145000,0,0,0,1,0,0,0,0
2.221162000,0,0,0,0,0,0,0,0
2.221171000,0,0,0,1,0,0,0,0
2.221188000,0,0,0,0,0,0,0,0
2.221206000,0,0,0,1,0,0,0,0
2.221214000,0,0,0,0,0,0,0,0
2.221223000,0,0,0,1,0,0,0,0
2.221249000,0,0,0,0,0,0,0,0
2.221258000,0,0,0,1,0,0,0,0
2.221275000,0,0,0,0,0,0,0,0
2.221293000,0,0,0,1,0,0,0,0
2.221301000,0,0,0,0,0,0,0,0
2.221336000,0,0,0,1,0,0,0,0
2.221362000,0,0,0,0,0,0,0,0
2.221379000,0,0,0,1,0,0,0,0
2.221388000,0,0,0,0,0,0,0,0
2.221397000,0,0,0,1,0,0,0,0
2.221405000,0,0,0,0,0,0,0,0
2.221423000,0,0,0,1,0,0,0,0
2.221449000,0,0,0,0,0,0,0,0
2.221466000,0,0,0,1,0,0,0,0
2.410606000,0,0,0,0,0,0,0,0
2.410614000,0,0,0,1,0,0,0,0
2.410623000,0,0,0,0,0,0,0,0
2.410632000,0,0,0,1,0,0,0,0
2.410649000,0,0,0,0,0,0,0,0
2.410666000,0,0,0,1,0,0,0,0
2.410675000,0,0,0,0,0,0,0,0
2.410684000,0,0,0,1,0,0,0,0
2.410693000,0,0,0,0,0,0,0,0
2.410701000,0,0,0,1,0,0,0,0
2.410710000,0,0,0,0,0,0,0,0
2.410727000,0,0,0,1,0,0,0,0
2.410736000,0,0,0,0,0,0,0,0
2.410753000,0,0,0,1,0,0,0,0
2.410762000,0,0,0,0,0,0,0,0
2.410771000,0,0,0,1,0,0,0,0
2.410779000,0,0,0,0,0,0,0,0
2.410797000,0,0,0,1,0,0,0,0
2.410823000,0,0,0,0,0,0,0,0
2.410840000,0,0,0,1,0,0,0,0
2.410849000,0,0,0,0,0,0,0,0
2.410858000,0,0,0,1,0,0,0,0
2.410866000,0,0,0,0,0,0,0,0
2.410892000,0,0,0,1,0,0,0,0
2.410901000,0,0,0,0,0,0,0,0
2.410927000,0,0,0,1,0,0,0,0
2.410936000,0,0,0,0,0,0,0,0
2.410944000,0,0,0,1,0,0,0,0
2.410953000,0,0,0,0,0,0,0,0
2.410962000,0,0,0,1,0,0,0,0
2.410988000,0,0,0,0,0,0,0,0
2.411014000,0,0,0,1,0,0,0,0
2.411023000,0,0,0,0,0,0,0,0
2.411031000,0,0,0,1,0,0,0,0
2.411040000,0,0,0,0,0,0,0,0
2.411049000,0,0,0,1,0,0,0,0
2.411057000,0,0,0,0,0,0,0,0
2.411101000,0,0,0,1,0,0,0,0
2.411110000,0,0,0,0,0,0,0,0
2.411118000,0,0,0,1,0,0,0,0
2.411127000,0,0,0,0,0,0,0,0
2.411144000,0,0,0,1,0,0,0,0
2.411153000,0,0,0,0,0,0,0,0
2.411170000,0,0,0,1,0,0,0,0
2.411179000,0,0,0,0,0,0,0,0
2.411188000,0,0,0,1,0,0,0,0
2.411196000,0,0,0,0,0,0,0,0
2.411205000,0,0,0,1,0,0,0,0
2.411214000,0,0,0,0,0,0,0,0
2.411240000,0,0,0,1,0,0,0,0
2.411249000,0,0,0,0,0,0,0,0
2.411275000,0,0,0,1,0,0,0,0
2.411283000,0,0,0,0,0,0,0,0
2.411292000,0,0,0,1,0,0,0,0
2.411301000,0,0,0,0,0,0,0,0
2.411309000,0,0,0,1,0,0,0,0
2.411318000,0,0,0,0,0,0,0,0
2.411327000,0,0,0,1,0,0,0,0
2.411344000,0,0,0,0,0,0,0,0
2.411353000,0,0,0,1,0,0,0,0
2.411361000,0,0,0,0,0,0,0,0
2.411379000,0,0,0,1,0,0,0,0
2.411388000,0,0,0,0,0,0,0,0
2.411396000,0,0,0,1,0,0,0,0
2.411422000,0,0,0,0,0,0,0,0
2.411448000,0,0,0,1,0,0,0,0
2.411457000,0,0,0,0,0,0,0,0
2.411466000,0,0,0,1,0,0,0,0
2.411474000,0,0,0,0,0,0,0,0
2.411518000,0,0,0,1,0,0,0,0
2.411527000,0,0,0,0,0,0,0,0
2.411535000,0,0,0,1,0,0,0,0
2.411544000,0,0,0,0,0,0,0,0
2.411553000,0,0,0,1,0,0,0,0
2.411561000,0,0,0,0,0,0,0,0
2.411570000,0,0,0,1,0,0,0,0
2.411579000,0,0,0,0,0,0,0,0
2.411596000,0,0,0,1,0,0,0,0
2.411605000,0,0,0,0,0,0,0,0
2.411622000,0,0,0,1,0,0,0,0
2.411631000,0,0,0,0,0,0,0,0
2.411639000,0,0,0,1,0,0,0,0
2.411648000,0,0,0,0,0,0,0,0
2.411657000,0,0,0,1,0,0,0,0
2.411692000,0,0,0,0,0,0,0,0
2.411709000,0,0,0,1,0,0,0,0
2.411718000,0,0,0,0,0,0,0,0
2.411726000,0,0,0,1,0,0,0,0
2.411735000,0,0,0,0,0,0,0,0
2.411744000,0,0,0,1,0,0,0,0
2.411752000,0,0,0,0,0,0,0,0
2.411761000,0,0,0,1,0,0,0,0
2.411778000,0,0,0,0,0,0,0,0
2.411787000,0,0,0,1,0,0,0,0
2.411796000,0,0,0,0,0,0,0,0
2.411813000,0,0,0,1,0,0,0,0
2.411822000,0,0,0,0,0,0,0,0
2.411848000,0,0,0,1,0,0,0,0
2.411865000,0,0,0,0,0,0,0,0
2.411883000,0,0,0,1,0,0,0,0
2.411891000,0,0,0,0,0,0,0,0
2.411900000,0,0,0,1,0,0,0,0
2.411909000,0,0,0,0,0,0,0,0
2.411917000,0,0,0,1,0,0,0,0
2.411952000,0,0,0,0,0,0,0,0
2.411970000,0,0,0,1,0,0,0,0
2.411978000,0,0,0,0,0,0,0,0
2.411987000,0,0,0,1,0,0,0,0
2.411996000,0,0,0,0,0,0,0,0
2.412004000,0,0,0,1,0,0,0,0
2.412039000,0,0,0,0,0,0,0,0
2.412056000,0,0,0,1,0,0,0,0
2.412065000,0,0,0,0,0,0,0,0
2.412074000,0,0,0,1,0,0,0,0
2.412083000,0,0,0,0,0,0,0,0
2.412126000,0,0,0,1,0,0,0,0
2.412135000,0,0,0,0,0,0,0,0
2.412143000,0,0,0,1,0,0,0,0
2.412152000,0,0,0,0,0,0,0,0
2.412161000,0,0,0,1,0,0,0,0
2.412169000,0,0,0,0,0,0,0,0
2.412187000,0,0,0,1,0,0,0,0
2.412195000,0,0,0,0,0,0,0,0
2.412230000,0,0,0,1,0,0,0,0
2.412239000,0,0,0,0,0,0,0,0
2.412248000,0,0,0,1,0,0,0,0
2.412256000,0,0,0,0,0,0,0,0
2.412265000,0,0,0,1,0,0,0,0
2.412274000,0,0,0,0,0,0,0,0
2.412317000,0,0,0,1,0,0,0,0
2.412326000,0,0,0,0,0,0,0,0
2.412334000,0,0,0,1,0,0,0,0
2.412343000,0,0,0,0,0,0,0,0
2.412352000,0,0,0,1,0,0,0,0
2.412369000,0,0,0,0,0,0,0,0
2.412404000,0,0,0,1,0,0,0,0
2.412413000,0,0,0,0,0,0,0,0
2.412421000,0,0,0,1,0,0,0,0
2.412430000,0,0,0,0,0,0,0,0
2.412439000,0,0,0,1,0,0,0,0
2.412456000,0,0,0,0,0,0,0,0
2.412465000,0,0,0,1,0,0,0,0
2.412473000,0,0,0,0,0,0,0,0
2.412491000,0,0,0,1,0,0,0,0
2.412499000,0,0,0,0,0,0,0,0
2.412508000,0,0,0,1,0,0,0,0
2.412517000,0,0,0,0,0,0,0,0
2.412526000,0,0,0,1,0,0,0,0
2.412534000,0,0,0,0,0,0,0,0
2.412543000,0,0,0,1,0,0,0,0
2.412560000,0,0,0,0,0,0,0,0
2.412569000,0,0,0,1,0,0,0,0
2.412578000,0,0,0,0,0,0,0,0
2.412595000,0,0,0,1,0,0,0,0
2.412604000,0,0,0,0,0,0,0,0
2.412647000,0,0,0,1,0,0,0,0
2.412665000,0,0,0,0,0,0,0,0
2.412682000,0,0,0,1,0,0,0,0
2.412691000,0,0,0,0,0,0,0,0
2.412699000,0,0,0,1,0,0,0,0
2.412708000,0,0,0,0,0,0,0,0
2.412734000,0,0,0,1,0,0,0,0
2.412751000,0,0,0,0,0,0,0,0
2.412769000,0,0,0,1,0,0,0,0
2.412777000,0,0,0,0,0,0,0,0
2.412795000,0,0,0,1,0,0,0,0
2.412804000,0,0,0,0,0,0,0,0
2.412821000,0,0,0,1,0,0,0,0
2.412838000,0,0,0,0,0,0,0,0
2.412856000,0,0,0,1,0,0,0,0
2.412864000,0,0,0,0,0,0,0,0
2.412873000,0,0,0,1,0,0,0,0
2.412890000,0,0,0,0,0,0,0,0
2.412908000,0,0,0,1,0,0,0,0
2.412925000,0,0,0,0,0,0,0,0
2.412943000,0,0,0,1,0,0,0,0
2.412951000,0,0,0,0,0,0,0,0
2.412977000,0,0,0,1,0,0,0,0
2.412986000,0,0,0,0,0,0,0,0
2.412995000,0,0,0,1,0,0,0,0
2.413012000,0,0,0,0,0,0,0,0
2.413029000,0,0,0,1,0,0,0,0
2.413038000,0,0,0,0,0,0,0,0
2.413047000,0,0,0,1,0,0,0,0
2.413055000,0,0,0,0,0,0,0,0
2.413064000,0,0,0,1,0,0,0,0
2.413073000,0,0,0,0,0,0,0,0
2.413082000,0,0,0,1,0,0,0,0
2.413099000,0,0,0,0,0,0,0,0
2.413116000,0,0,0,1,0,0,0,0
2.413125000,0,0,0,0,0,0,0,0
2.413142000,0,0,0,1,0,0,0,0
2.413160000,0,0,0,0,0,0,0,0
2.413168000,0,0,0,1,0,0,0,0
2.413186000,0,0,0,0,0,0,0,0
2.413203000,0,0,0,1,0,0,0,0
2.413212000,0,0,0,0,0,0,0,0
2.413221000,0,0,0,1,0,0,0,0
2.413247000,0,0,0,0,0,0,0,0
2.413255000,0,0,0,1,0,0,0,0
2.413273000,0,0,0,0,0,0,0,0
2.413290000,0,0,0,1,0,0,0,0
2.413299000,0,0,0,0,0,0,0,0
2.413333000,0,0,0,1,0,0,0,0
2.413360000,0,0,0,0,0,0,0,0
2.413377000,0,0,0,1,0,0,0,0
2.413386000,0,0,0,0,0,0,0,0
2.413394000,0,0,0,1,0,0,0,0
2.413403000,0,0,0,0,0,0,0,0
2.413420000,0,0,0,1,0,0,0,0
2.413446000,0,0,0,0,0,0,0,0
2.413464000,0,0,0,1,0,0,0,0
2.598603000,0,0,0,0,0,0,0,0
2.598612000,0,0,0,1,0,0,0,0
2.598620000,0,0,0,0,0,0,0,0
2.598629000,0,0,0,1,0,0,0,0
2.598646000,0,0,0,0,0,0,0,0
2.598664000,0,0,0,1,0,0,0,0
2.598672000,0,0,0,0,0,0,0,0
2.598681000,0,0,0,1,0,0,0,0
2.598690000,0,0,0,0,0,0,0,0
2.598699000,0,0,0,1,0,0,0,0
2.598707000,0,0,0,0,0,0,0,0
2.598725000,0,0,0,1,0,0,0,0
2.598733000,0,0,0,0,0,0,0,0
2.598751000,0,0,0,1,0,0,0,0
2.598759000,0,0,0,0,0,0,0,0
2.598768000,0,0,0,1,0,0,0,0
2.598777000,0,0,0,0,0,0,0,0
2.598794000,0,0,0,1,0,0,0,0
2.598820000,0,0,0,0,0,0,0,0
2.598838000,0,0,0,1,0,0,0,0
2.598846000,0,0,0,0,0,0,0,0
2.598855000,0,0,0,1,0,0,0,0
2.598864000,0,0,0,0,0,0,0,0
2.598890000,0,0,0,1,0,0,0,0
2.598898000,0,0,0,0,0,0,0,0
2.598924000,0,0,0,1,0,0,0,0
2.598933000,0,0,0,0,0,0,0,0
2.598942000,0,0,0,1,0,0,0,0
2.598950000,0,0,0,0,0,0,0,0
2.598959000,0,0,0,1,0,0,0,0
2.598985000,0,0,0,0,0,0,0,0
2.599011000,0,0,0,1,0,0,0,0
2.599020000,0,0,0,0,0,0,0,0
2.599029000,0,0,0,1,0,0,0,0
2.599037000,0,0,0,0,0,0,0,0
2.599046000,0,0,0,1,0,0,0,0
2.599055000,0,0,0,0,0,0,0,0
2.599098000,0,0,0,1,0,0,0,0
2.599107000,0,0,0,0,0,0,0,0
2.599116000,0,0,0,1,0,0,0,0
2.599124000,0,0,0,0,0,0,0,0
2.599142000,0,0,0,1,0,0,0,0
2.599150000,0,0,0,0,0,0,0,0
2.599168000,0,0,0,1,0,0,0,0
2.599176000,0,0,0,0,0,0,0,0
2.599185000,0,0,0,1,0,0,0,0
2.599194000,0,0,0,0,0,0,0,0
2.599202000,0,0,0,1,0,0,0,0
2.599211000,0,0,0,0,0,0,0,0
2.599237000,0,0,0,1,0,0,0,0
2.599246000,0,0,0,0,0,0,0,0
2.599272000,0,0,0,1,0,0,0,0
2.599281000,0,0,0,0,0,0,0,0
2.599289000,0,0,0,1,0,0,0,0
2.599298000,0,0,0,0,0,0,0,0
2.599307000,0,0,0,1,0,0,0,0
2.599315000,0,0,0,0,0,0,0,0
2.599324000,0,0,0,1,0,0,0,0
2.599341000,0,0,0,0,0,0,0,0
2.599350000,0,0,0,1,0,0,0,0
2.599359000,0,0,0,0,0,0,0,0
2.599376000,0,0,0,1,0,0,0,0
2.599385000,0,0,0,0,0,0,0,0
2.599394000,0,0,0,1,0,0,0,0
2.599420000,0,0,0,0,0,0,0,0
2.599446000,0,0,0,1,0,0,0,0
2.599454000,0,0,0,0,0,0,0,0
2.599463000,0,0,0,1,0,0,0,0
2.599472000,0,0,0,0,0,0,0,0
2.599515000,0,0,0,1,0,0,0,0
2.599524000,0,0,0,0,0,0,0,0
2.599533000,0,0,0,1,0,0,0,0
2.599541000,0,0,0,0,0,0,0,0
2.599550000,0,0,0,1,0,0,0,0
2.599559000,0,0,0,0,0,0,0,0
2.599567000,0,0,0,1,0,0,0,0
2.599576000,0,0,0,0,0,0,0,0
2.599593000,0,0,0,1,0,0,0,0
2.599602000,0,0,0,0,0,0,0,0
2.599619000,0,0,0,1,0,0,0,0
2.599628000,0,0,0,0,0,0,0,0
2.599637000,0,0,0,1,0,0,0,0
2.599645000,0,0,0,0,0,0,0,0
2.599654000,0,0,0,1,0,0,0,0
2.599689000,0,0,0,0,0,0,0,0
2.599706000,0,0,0,1,0,0,0,0
2.599715000,0,0,0,0,0,0,0,0
2.599724000,0,0,0,1,0,0,0,0
2.599732000,0,0,0,0,0,0,0,0
2.599741000,0,0,0,1,0,0,0,0
2.599750000,0,0,0,0,0,0,0,0
2.599758000,0,0,0,1,0,0,0,0
2.599776000,0,0,0,0,0,0,0,0
2.599784000,0,0,0,1,0,0,0,0
2.599793000,0,0,0,0,0,0,0,0
2.599811000,0,0,0,1,0,0,0,0
2.599819000,0,0,0,0,0,0,0,0
2.599845000,0,0,0,1,0,0,0,0
2.599863000,0,0,0,0,0,0,0,0
2.599880000,0,0,0,1,0,0,0,0
2.599889000,0,0,0,0,0,0,0,0
2.599897000,0,0,0,1,0,0,0,0
2.599906000,0,0,0,0,0,0,0,0
2.599915000,0,0,0,1,0,0,0,0
2.599950000,0,0,0,0,0,0,0,0
2.599967000,0,0,0,1,0,0,0,0
2.599976000,0,0,0,0,0,0,0,0
2.599984000,0,0,0,1,0,0,0,0
2.599993000,0,0,0,0,0,0,0,0
2.600002000,0,0,0,1,0,0,0,0
2.600036000,0,0,0,0,0,0,0,0
2.600054000,0,0,0,1,0,0,0,0
2.600062000,0,0,0,0,0,0,0,0
2.600071000,0,0,0,1,0,0,0,0
2.600080000,0,0,0,0,0,0,0,0
2.600123000,0,0,0,1,0,0,0,0
2.600132000,0,0,0,0,0,0,0,0
2.600141000,0,0,0,1,0,0,0,0
2.600149000,0,0,0,0,0,0,0,0
2.600158000,0,0,0,1,0,0,0,0
2.600167000,0,0,0,0,0,0,0,0
2.600184000,0,0,0,1,0,0,0,0
2.600193000,0,0,0,0,0,0,0,0
2.600228000,0,0,0,1,0,0,0,0
2.600236000,0,0,0,0,0,0,0,0
2.600245000,0,0,0,1,0,0,0,0
2.600254000,0,0,0,0,0,0,0,0
2.600262000,0,0,0,1,0,0,0,0
2.600271000,0,0,0,0,0,0,0,0
2.600314000,0,0,0,1,0,0,0,0
2.600323000,0,0,0,0,0,0,0,0
2.600332000,0,0,0,1,0,0,0,0
2.600340000,0,0,0,0,0,0,0,0
2.600349000,0,0,0,1,0,0,0,0
2.600367000,0,0,0,0,0,0,0,0
2.600401000,0,0,0,1,0,0,0,0
2.600410000,0,0,0,0,0,0,0,0
2.600419000,0,0,0,1,0,0,0,0
2.600427000,0,0,0,0,0,0,0,0
2.600436000,0,0,0,1,0,0,0,0
2.600453000,0,0,0,0,0,0,0,0
2.600462000,0,0,0,1,0,0,0,0
2.600471000,0,0,0,0,0,0,0,0
2.600488000,0,0,0,1,0,0,0,0
2.600497000,0,0,0,0,0,0,0,0
2.600506000,0,0,0,1,0,0,0,0
2.600514000,0,0,0,0,0,0,0,0
2.600523000,0,0,0,1,0,0,0,0
2.600532000,0,0,0,0,0,0,0,0
2.600540000,0,0,0,1,0,0,0,0
2.600558000,0,0,0,0,0,0,0,0
2.600566000,0,0,0,1,0,0,0,0
2.600575000,0,0,0,0,0,0,0,0
2.600592000,0,0,0,1,0,0,0,0
2.600601000,0,0,0,0,0,0,0,0
2.600645000,0,0,0,1,0,0,0,0
2.600662000,0,0,0,0,0,0,0,0
2.600679000,0,0,0,1,0,0,0,0
2.600688000,0,0,0,0,0,0,0,0
2.600697000,0,0,0,1,0,0,0,0
2.600705000,0,0,0,0,0,0,0,0
2.600731000,0,0,0,1,0,0,0,0
2.600749000,0,0,0,0,0,0,0,0
2.600766000,0,0,0,1,0,0,0,0
2.600775000,0,0,0,0,0,0,0,0
2.600792000,0,0,0,1,0,0,0,0
2.600801000,0,0,0,0,0,0,0,0
2.600818000,0,0,0,1,0,0,0,0
2.600836000,0,0,0,0,0,0,0,0
2.600853000,0,0,0,1,0,0,0,0
2.600862000,0,0,0,0,0,0,0,0
2.600870000,0,0,0,1,0,0,0,0
2.600888000,0,0,0,0,0,0,0,0
2.600905000,0,0,0,1,0,0,0,0
2.600923000,0,0,0,0,0,0,0,0
2.600940000,0,0,0,1,0,0,0,0
2.600949000,0,0,0,0,0,0,0,0
2.600975000,0,0,0,1,0,0,0,0
2.600983000,0,0,0,0,0,0,0,0
2.600992000,0,0,0,1,0,0,0,0
2.601009000,0,0,0,0,0,0,0,0
2.601027000,0,0,0,1,0,0,0,0
2.601035000,0,0,0,0,0,0,0,0
2.601044000,0,0,0,1,0,0,0,0
2.601053000,0,0,0,0,0,0,0,0
2.601062000,0,0,0,1,0,0,0,0
2.601070000,0,0,0,0,0,0,0,0
2.601079000,0,0,0,1,0,0,0,0
2.601096000,0,0,0,0,0,0,0,0
2.601114000,0,0,0,1,0,0,0,0
2.601122000,0,0,0,0,0,0,0,0
2.601140000,0,0,0,1,0,0,0,0
2.601157000,0,0,0,0,0,0,0,0
2.601166000,0,0,0,1,0,0,0,0
2.601183000,0,0,0,0,0,0,0,0
2.601201000,0,0,0,1,0,0,0,0
2.601209000,0,0,0,0,0,0,0,0
2.601218000,0,0,0,1,0,0,0,0
2.601244000,0,0,0,0,0,0,0,0
2.601253000,0,0,0,1,0,0,0,0
2.601270000,0,0,0,0,0,0,0,0
2.601287000,0,0,0,1,0,0,0,0
2.601296000,0,0,0,0,0,0,0,0
2.601331000,0,0,0,1,0,0,0,0
2.601357000,0,0,0,0,0,0,0,0
2.601374000,0,0,0,1,0,0,0,0
2.601383000,0,0,0,0,0,0,0,0
2.601392000,0,0,0,1,0,0,0,0
2.601400000,0,0,0,0,0,0,0,0
2.601418000,0,0,0,1,0,0,0,0
2.601444000,0,0,0,0,0,0,0,0
2.601461000,0,0,0,1,0,0,0,0
2.783601000,0,0,0,0,0,0,0,0
2.783609000,0,0,0,1,0,0,0,0
2.783618000,0,0,0,0,0,0,0,0
2.783627000,0,0,0,1,0,0,0,0
2.783644000,0,0,0,0,0,0,0,0
2.783661000,0,0,0,1,0,0,0,0
2.783670000,0,0,0,0,0,0,0,0
2.783679000,0,0,0,1,0,0,0,0
2.783688000,0,0,0,0,0,0,0,0
2.783696000,0,0,0,1,0,0,0,0
2.783705000,0,0,0,0,0,0,0,0
2.783722000,0,0,0,1,0,0,0,0
2.783731000,0,0,0,0,0,0,0,0
2.783748000,0,0,0,1,0,0,0,0
2.783757000,0,0,0,0,0,0,0,0
2.783766000,0,0,0,1,0,0,0,0
2.783774000,0,0,0,0,0,0,0,0
2.783792000,0,0,0,1,0,0,0,0
2.783818000,0,0,0,0,0,0,0,0
2.783835000,0,0,0,1,0,0,0,0
2.783844000,0,0,0,0,0,0,0,0
2.783853000,0,0,0,1,0,0,0,0
2.783861000,0,0,0,0,0,0,0,0
2.783887000,0,0,0,1,0,0,0,0
2.783896000,0,0,0,0,0,0,0,0
2.783922000,0,0,0,1,0,0,0,0
2.783931000,0,0,0,0,0,0,0,0
2.783939000,0,0,0,1,0,0,0,0
2.783948000,0,0,0,0,0,0,0,0
2.783957000,0,0,0,1,0,0,0,0
2.783983000,0,0,0,0,0,0,0,0
2.784009000,0,0,0,1,0,0,0,0
2.784018000,0,0,0,0,0,0,0,0
2.784026000,0,0,0,1,0,0,0,0
2.784035000,0,0,0,0,0,0,0,0
2.784044000,0,0,0,1,0,0,0,0
2.784052000,0,0,0,0,0,0,0,0
2.784096000,0,0,0,1,0,0,0,0
2.784105000,0,0,0,0,0,0,0,0
2.784113000,0,0,0,1,0,0,0,0
2.784122000,0,0,0,0,0,0,0,0
2.784139000,0,0,0,1,0,0,0,0
2.784148000,0,0,0,0,0,0,0,0
2.784165000,0,0,0,1,0,0,0,0
2.784174000,0,0,0,0,0,0,0,0
2.784183000,0,0,0,1,0,0,0,0
2.784191000,0,0,0,0,0,0,0,0
2.784200000,0,0,0,1,0,0,0,0
2.784209000,0,0,0,0,0,0,0,0
2.784235000,0,0,0,1,0,0,0,0
2.784244000,0,0,0,0,0,0,0,0
2.784270000,0,0,0,1,0,0,0,0
2.784278000,0,0,0,0,0,0,0,0
2.784287000,0,0,0,1,0,0,0,0
2.784296000,0,0,0,0,0,0,0,0
2.784304000,0,0,0,1,0,0,0,0
2.784313000,0,0,0,0,0,0,0,0
2.784322000,0,0,0,1,0,0,0,0
2.784339000,0,0,0,0,0,0,0,0
2.784348000,0,0,0,1,0,0,0,0
2.784356000,0,0,0,0,0,0,0,0
2.784374000,0,0,0,1,0,0,0,0
2.784383000,0,0,0,0,0,0,0,0
2.784391000,0,0,0,1,0,0,0,0
2.784417000,0,0,0,0,0,0,0,0
2.784443000,0,0,0,1,0,0,0,0
2.784452000,0,0,0,0,0,0,0,0
2.784461000,0,0,0,1,0,0,0,0
2.784469000,0,0,0,0,0,0,0,0
2.784513000,0,0,0,1,0,0,0,0
2.784522000,0,0,0,0,0,0,0,0
2.784530000,0,0,0,1,0,0,0,0
2.784539000,0,0,0,0,0,0,0,0
2.784548000,0,0,0,1,0,0,0,0
2.784556000,0,0,0,0,0,0,0,0
2.784565000,0,0,0,1,0,0,0,0
2.784574000,0,0,0,0,0,0,0,0
2.784591000,0,0,0,1,0,0,0,0
2.784600000,0,0,0,0,0,0,0,0
2.784617000,0,0,0,1,0,0,0,0
2.784626000,0,0,0,0,0,0,0,0
2.784634000,0,0,0,1,0,0,0,0
2.784643000,0,0,0,0,0,0,0,0
2.784652000,0,0,0,1,0,0,0,0
2.784687000,0,0,0,0,0,0,0,0
2.784704000,0,0,0,1,0,0,0,0
2.784713000,0,0,0,0,0,0,0,0
2.784721000,0,0,0,1,0,0,0,0
2.784730000,0,0,0,0,0,0,0,0
2.784739000,0,0,0,1,0,0,0,0
2.784747000,0,0,0,0,0,0,0,0
2.784756000,0,0,0,1,0,0,0,0
2.784773000,0,0,0,0,0,0,0,0
2.784782000,0,0,0,1,0,0,0,0
2.784791000,0,0,0,0,0,0,0,0
2.784808000,0,0,0,1,0,0,0,0
2.784817000,0,0,0,0,0,0,0,0
2.784843000,0,0,0,1,0,0,0,0
2.784860000,0,0,0,0,0,0,0,0
2.784878000,0,0,0,1,0,0,0,0
2.784886000,0,0,0,0,0,0,0,0
2.784895000,0,0,0,1,0,0,0,0
2.784904000,0,0,0,0,0,0,0,0
2.784912000,0,0,0,1,0,0,0,0
2.784947000,0,0,0,0,0,0,0,0
2.784965000,0,0,0,1,0,0,0,0
2.784973000,0,0,0,0,0,0,0,0
2.784982000,0,0,0,1,0,0,0,0
2.784991000,0,0,0,0,0,0,0,0
2.784999000,0,0,0,1,0,0,0,0
2.785034000,0,0,0,0,0,0,0,0
2.785051000,0,0,0,1,0,0,0,0
2.785060000,0,0,0,0,0,0,0,0
2.785069000,0,0,0,1,0,0,0,0
2.785077000,0,0,0,0,0,0,0,0
2.785121000,0,0,0,1,0,0,0,0
2.785130000,0,0,0,0,0,0,0,0
2.785138000,0,0,0,1,0,0,0,0
2.785147000,0,0,0,0,0,0,0,0
2.785156000,0,0,0,1,0,0,0,0
2.785164000,0,0,0,0,0,0,0,0
2.785182000,0,0,0,1,0,0,0,0
2.785190000,0,0,0,0,0,0,0,0
2.785225000,0,0,0,1,0,0,0,0
2.785234000,0,0,0,0,0,0,0,0
2.785243000,0,0,0,1,0,0,0,0
2.785251000,0,0,0,0,0,0,0,0
2.785260000,0,0,0,1,0,0,0,0
2.785269000,0,0,0,0,0,0,0,0
2.785312000,0,0,0,1,0,0,0,0
2.785321000,0,0,0,0,0,0,0,0
2.785329000,0,0,0,1,0,0,0,0
2.785338000,0,0,0,0,0,0,0,0
2.785347000,0,0,0,1,0,0,0,0
2.785364000,0,0,0,0,0,0,0,0
2.785399000,0,0,0,1,0,0,0,0
2.785408000,0,0,0,0,0,0,0,0
2.785416000,0,0,0,1,0,0,0,0
2.785425000,0,0,0,0,0,0,0,0
2.785434000,0,0,0,1,0,0,0,0
2.785451000,0,0,0,0,0,0,0,0
2.785460000,0,0,0,1,0,0,0,0
2.785468000,0,0,0,0,0,0,0,0
2.785486000,0,0,0,1,0,0,0,0
2.785494000,0,0,0,0,0,0,0,0
2.785503000,0,0,0,1,0,0,0,0
2.785512000,0,0,0,0,0,0,0,0
2.785521000,0,0,0,1,0,0,0,0
2.785529000,0,0,0,0,0,0,0,0
2.785538000,0,0,0,1,0,0,0,0
2.785555000,0,0,0,0,0,0,0,0
2.785564000,0,0,0,1,0,0,0,0
2.785573000,0,0,0,0,0,0,0,0
2.785590000,0,0,0,1,0,0,0,0
2.785599000,0,0,0,0,0,0,0,0
2.785642000,0,0,0,1,0,0,0,0
2.785660000,0,0,0,0,0,0,0,0
2.785677000,0,0,0,1,0,0,0,0
2.785686000,0,0,0,0,0,0,0,0
2.785694000,0,0,0,1,0,0,0,0
2.785703000,0,0,0,0,0,0,0,0
2.785729000,0,0,0,1,0,0,0,0
2.785746000,0,0,0,0,0,0,0,0
2.785764000,0,0,0,1,0,0,0,0
2.785772000,0,0,0,0,0,0,0,0
2.785790000,0,0,0,1,0,0,0,0
2.785799000,0,0,0,0,0,0,0,0
2.785816000,0,0,0,1,0,0,0,0
2.785833000,0,0,0,0,0,0,0,0
2.785851000,0,0,0,1,0,0,0,0
2.785859000,0,0,0,0,0,0,0,0
2.785868000,0,0,0,1,0,0,0,0
2.785885000,0,0,0,0,0,0,0,0
2.785903000,0,0,0,1,0,0,0,0
2.785920000,0,0,0,0,0,0,0,0
2.785938000,0,0,0,1,0,0,0,0
2.785946000,0,0,0,0,0,0,0,0
2.785972000,0,0,0,1,0,0,0,0
2.785981000,0,0,0,0,0,0,0,0
2.785990000,0,0,0,1,0,0,0,0
2.786007000,0,0,0,0,0,0,0,0
2.786024000,0,0,0,1,0,0,0,0
2.786033000,0,0,0,0,0,0,0,0
2.786042000,0,0,0,1,0,0,0,0
2.786050000,0,0,0,0,0,0,0,0
2.786059000,0,0,0,1,0,0,0,0
2.786068000,0,0,0,0,0,0,0,0
2.786077000,0,0,0,1,0,0,0,0
2.786094000,0,0,0,0,0,0,0,0
2.786111000,0,0,0,1,0,0,0,0
2.786120000,0,0,0,0,0,0,0,0
2.786137000,0,0,0,1,0,0,0,0
2.786155000,0,0,0,0,0,0,0,0
2.786163000,0,0,0,1,0,0,0,0
2.786181000,0,0,0,0,0,0,0,0
2.786198000,0,0,0,1,0,0,0,0
2.786207000,0,0,0,0,0,0,0,0
2.786216000,0,0,0,1,0,0,0,0
2.786242000,0,0,0,0,0,0,0,0
2.786250000,0,0,0,1,0,0,0,0
2.786268000,0,0,0,0,0,0,0,0
2.786285000,0,0,0,1,0,0,0,0
2.786294000,0,0,0,0,0,0,0,0
2.786328000,0,0,0,1,0,0,0,0
2.786355000,0,0,0,0,0,0,0,0
2.786372000,0,0,0,1,0,0,0,0
2.786381000,0,0,0,0,0,0,0,0
2.786389000,0,0,0,1,0,0,0,0
2.786398000,0,0,0,0,0,0,0,0
2.786415000,0,0,0,1,0,0,0,0
2.786441000,0,0,0,0,0,0,0,0
2.786459000,0,0,0,1,0,0,0,0
2.979598000,0,0,0,0,0,0,0,0
2.979606000,0,0,0,1,0,0,0,0
2.979615000,0,0,0,0,0,0,0,0
2.979624000,0,0,0,1,0,0,0,0
2.979641000,0,0,0,0,0,0,0,0
2.979659000,0,0,0,1,0,0,0,0
2.979667000,0,0,0,0,0,0,0,0
2.979676000,0,0,0,1,0,0,0,0
2.979685000,0,0,0,0,0,0,0,0
2.979693000,0,0,0,1,0,0,0,0
2.979702000,0,0,0,0,0,0,0,0
2.979719000,0,0,0,1,0,0,0,0
2.979728000,0,0,0,0,0,0,0,0
2.979745000,0,0,0,1,0,0,0,0
2.979754000,0,0,0,0,0,0,0,0
2.979763000,0,0,0,1,0,0,0,0
2.979771000,0,0,0,0,0,0,0,0
2.979789000,0,0,0,1,0,0,0,0
2.979815000,0,0,0,0,0,0,0,0
2.979832000,0,0,0,1,0,0,0,0
2.979841000,0,0,0,0,0,0,0,0
2.979850000,0,0,0,1,0,0,0,0
2.979858000,0,0,0,0,0,0,0,0
2.979884000,0,0,0,1,0,0,0,0
2.979893000,0,0,0,0,0,0,0,0
2.979919000,0,0,0,1,0,0,0,0
2.979928000,0,0,0,0,0,0,0,0
2.979937000,0,0,0,1,0,0,0,0
2.979945000,0,0,0,0,0,0,0,0
2.979954000,0,0,0,1,0,0,0,0
2.979980000,0,0,0,0,0,0,0,0
2.980006000,0,0,0,1,0,0,0,0
2.980015000,0,0,0,0,0,0,0,0
2.980023000,0,0,0,1,0,0,0,0
2.980032000,0,0,0,0,0,0,0,0
2.980041000,0,0,0,1,0,0,0,0
2.980049000,0,0,0,0,0,0,0,0
2.980093000,0,0,0,1,0,0,0,0
2.980102000,0,0,0,0,0,0,0,0
2.980110000,0,0,0,1,0,0,0,0
2.980119000,0,0,0,0,0,0,0,0
2.980136000,0,0,0,1,0,0,0,0
2.980145000,0,0,0,0,0,0,0,0
2.980162000,0,0,0,1,0,0,0,0
2.980171000,0,0,0,0,0,0,0,0
2.980180000,0,0,0,1,0,0,0,0
2.980188000,0,0,0,0,0,0,0,0
2.980197000,0,0,0,1,0,0,0,0
2.980206000,0,0,0,0,0,0,0,0
2.980232000,0,0,0,1,0,0,0,0
2.980241000,0,0,0,0,0,0,0,0
2.980267000,0,0,0,1,0,0,0,0
2.980275000,0,0,0,0,0,0,0,0
2.980284000,0,0,0,1,0,0,0,0
2.980293000,0,0,0,0,0,0,0,0
2.980301000,0,0,0,1,0,0,0,0
2.980310000,0,0,0,0,0,0,0,0
2.980319000,0,0,0,1,0,0,0,0
2.980336000,0,0,0,0,0,0,0,0
2.980345000,0,0,0,1,0,0,0,0
2.980354000,0,0,0,0,0,0,0,0
2.980371000,0,0,0,1,0,0,0,0
2.980380000,0,0,0,0,0,0,0,0
2.980388000,0,0,0,1,0,0,0,0
2.980414000,0,0,0,0,0,0,0,0
2.980440000,0,0,0,1,0,0,0,0
2.980449000,0,0,0,0,0,0,0,0
2.980458000,0,0,0,1,0,0,0,0
2.980466000,0,0,0,0,0,0,0,0
2.980510000,0,0,0,1,0,0,0,0
2.980519000,0,0,0,0,0,0,0,0
2.980527000,0,0,0,1,0,0,0,0
2.980536000,0,0,0,0,0,0,0,0
2.980545000,0,0,0,1,0,0,0,0
2.980553000,0,0,0,0,0,0,0,0
2.980562000,0,0,0,1,0,0,0,0
2.980571000,0,0,0,0,0,0,0,0
2.980588000,0,0,0,1,0,0,0,0
2.980597000,0,0,0,0,0,0,0,0
2.980614000,0,0,0,1,0,0,0,0
2.980623000,0,0,0,0,0,0,0,0
2.980632000,0,0,0,1,0,0,0,0
2.980640000,0,0,0,0,0,0,0,0
2.980649000,0,0,0,1,0,0,0,0
2.980684000,0,0,0,0,0,0,0,0
2.980701000,0,0,0,1,0,0,0,0
2.980710000,0,0,0,0,0,0,0,0
2.980718000,0,0,0,1,0,0,0,0
2.980727000,0,0,0,0,0,0,0,0
2.980736000,0,0,0,1,0,0,0,0
2.980744000,0,0,0,0,0,0,0,0
2.980753000,0,0,0,1,0,0,0,0
2.980771000,0,0,0,0,0,0,0,0
2.980779000,0,0,0,1,0,0,0,0
2.980788000,0,0,0,0,0,0,0,0
2.980805000,0,0,0,1,0,0,0,0
2.980814000,0,0,0,0,0,0,0,0
2.980840000,0,0,0,1,0,0,0,0
2.980857000,0,0,0,0,0,0,0,0
2.980875000,0,0,0,1,0,0,0,0
2.980883000,0,0,0,0,0,0,0,0
2.980892000,0,0,0,1,0,0,0,0
2.980901000,0,0,0,0,0,0,0,0
2.980910000,0,0,0,1,0,0,0,0
2.980944000,0,0,0,0,0,0,0,0
2.980962000,0,0,0,1,0,0,0,0
2.980970000,0,0,0,0,0,0,0,0
2.980979000,0,0,0,1,0,0,0,0
2.980988000,0,0,0,0,0,0,0,0
2.980996000,0,0,0,1,0,0,0,0
2.981031000,0,0,0,0,0,0,0,0
2.981049000,0,0,0,1,0,0,0,0
2.981057000,0,0,0,0,0,0,0,0
2.981066000,0,0,0,1,0,0,0,0
2.981075000,0,0,0,0,0,0,0,0
2.981118000,0,0,0,1,0,0,0,0
2.981127000,0,0,0,0,0,0,0,0
2.981135000,0,0,0,1,0,0,0,0
2.981144000,0,0,0,0,0,0,0,0
2.981153000,0,0,0,1,0,0,0,0
2.981161000,0,0,0,0,0,0,0,0
2.981179000,0,0,0,1,0,0,0,0
2.981188000,0,0,0,0,0,0,0,0
2.981222000,0,0,0,1,0,0,0,0
2.981231000,0,0,0,0,0,0,0,0
2.981240000,0,0,0,1,0,0,0,0
2.981248000,0,0,0,0,0,0,0,0
2.981257000,0,0,0,1,0,0,0,0
2.981266000,0,0,0,0,0,0,0,0
2.981309000,0,0,0,1,0,0,0,0
2.981318000,0,0,0,0,0,0,0,0
2.981327000,0,0,0,1,0,0,0,0
2.981335000,0,0,0,0,0,0,0,0
2.981344000,0,0,0,1,0,0,0,0
2.981361000,0,0,0,0,0,0,0,0
2.981396000,0,0,0,1,0,0,0,0
2.981405000,0,0,0,0,0,0,0,0
2.981413000,0,0,0,1,0,0,0,0
2.981422000,0,0,0,0,0,0,0,0
2.981431000,0,0,0,1,0,0,0,0
2.981448000,0,0,0,0,0,0,0,0
2.981457000,0,0,0,1,0,0,0,0
2.981466000,0,0,0,0,0,0,0,0
2.981483000,0,0,0,1,0,0,0,0
2.981492000,0,0,0,0,0,0,0,0
2.981500000,0,0,0,1,0,0,0,0
2.981509000,0,0,0,0,0,0,0,0
2.981518000,0,0,0,1,0,0,0,0
2.981526000,0,0,0,0,0,0,0,0
2.981535000,0,0,0,1,0,0,0,0
2.981552000,0,0,0,0,0,0,0,0
2.981561000,0,0,0,1,0,0,0,0
2.981570000,0,0,0,0,0,0,0,0
2.981587000,0,0,0,1,0,0,0,0
2.981596000,0,0,0,0,0,0,0,0
2.981639000,0,0,0,1,0,0,0,0
2.981657000,0,0,0,0,0,0,0,0
2.981674000,0,0,0,1,0,0,0,0
2.981683000,0,0,0,0,0,0,0,0
2.981691000,0,0,0,1,0,0,0,0
2.981700000,0,0,0,0,0,0,0,0
2.981726000,0,0,0,1,0,0,0,0
2.981744000,0,0,0,0,0,0,0,0
2.981761000,0,0,0,1,0,0,0,0
2.981770000,0,0,0,0,0,0,0,0
2.981787000,0,0,0,1,0,0,0,0
2.981796000,0,0,0,0,0,0,0,0
2.981813000,0,0,0,1,0,0,0,0
2.981830000,0,0,0,0,0,0,0,0
2.981848000,0,0,0,1,0,0,0,0
2.981856000,0,0,0,0,0,0,0,0
2.981865000,0,0,0,1,0,0,0,0
2.981883000,0,0,0,0,0,0,0,0
2.981900000,0,0,0,1,0,0,0,0
2.981917000,0,0,0,0,0,0,0,0
2.981935000,0,0,0,1,0,0,0,0
2.981943000,0,0,0,0,0,0,0,0
2.981969000,0,0,0,1,0,0,0,0
2.981978000,0,0,0,0,0,0,0,0
2.981987000,0,0,0,1,0,0,0,0
2.982004000,0,0,0,0,0,0,0,0
2.982022000,0,0,0,1,0,0,0,0
2.982030000,0,0,0,0,0,0,0,0
2.982039000,0,0,0,1,0,0,0,0
2.982048000,0,0,0,0,0,0,0,0
2.982056000,0,0,0,1,0,0,0,0
2.982065000,0,0,0,0,0,0,0,0
2.982074000,0,0,0,1,0,0,0,0
2.982091000,0,0,0,0,0,0,0,0
2.982108000,0,0,0,1,0,0,0,0
2.982117000,0,0,0,0,0,0,0,0
2.982134000,0,0,0,1,0,0,0,0
2.982152000,0,0,0,0,0,0,0,0
2.982161000,0,0,0,1,0,0,0,0
2.982178000,0,0,0,0,0,0,0,0
2.982195000,0,0,0,1,0,0,0,0
2.982204000,0,0,0,0,0,0,0,0
2.982213000,0,0,0,1,0,0,0,0
2.982239000,0,0,0,0,0,0,0,0
2.982247000,0,0,0,1,0,0,0,0
2.982265000,0,0,0,0,0,0,0,0
2.982282000,0,0,0,1,0,0,0,0
2.982291000,0,0,0,0,0,0,0,0
2.982326000,0,0,0,1,0,0,0,0
2.982352000,0,0,0,0,0,0,0,0
2.982369000,0,0,0,1,0,0,0,0
2.982378000,0,0,0,0,0,0,0,0
2.982386000,0,0,0,1,0,0,0,0
2.982395000,0,0,0,0,0,0,0,0
2.982412000,0,0,0,1,0,0,0,0
2.982439000,0,0,0,0,0,0,0,0
2.982456000,0,0,0,1,0,0,0,0
3.161595000,0,0,0,0,0,0,0,0
3.161604000,0,0,0,1,0,0,0,0
3.161613000,0,0,0,0,0,0,0,0
3.161622000,0,0,0,1,0,0,0,0
3.161639000,0,0,0,0,0,0,0,0
3.161656000,0,0,0,1,0,0,0,0
3.161665000,0,0,0,0,0,0,0,0
3.161674000,0,0,0,1,0,0,0,0
3.161682000,0,0,0,0,0,0,0,0
3.161691000,0,0,0,1,0,0,0,0
3.161700000,0,0,0,0,0,0,0,0
3.161717000,0,0,0,1,0,0,0,0
3.161726000,0,0,0,0,0,0,0,0
3.161743000,0,0,0,1,0,0,0,0
3.161752000,0,0,0,0,0,0,0,0
3.161761000,0,0,0,1,0,0,0,0
3.161769000,0,0,0,0,0,0,0,0
3.161787000,0,0,0,1,0,0,0,0
3.161813000,0,0,0,0,0,0,0,0
3.161830000,0,0,0,1,0,0,0,0
3.161839000,0,0,0,0,0,0,0,0
3.161847000,0,0,0,1,0,0,0,0
3.161856000,0,0,0,0,0,0,0,0
3.161882000,0,0,0,1,0,0,0,0
3.161891000,0,0,0,0,0,0,0,0
3.161917000,0,0,0,1,0,0,0,0
3.161926000,0,0,0,0,0,0,0,0
3.161934000,0,0,0,1,0,0,0,0
3.161943000,0,0,0,0,0,0,0,0
3.161952000,0,0,0,1,0,0,0,0
3.161978000,0,0,0,0,0,0,0,0
3.162004000,0,0,0,1,0,0,0,0
3.162012000,0,0,0,0,0,0,0,0
3.162021000,0,0,0,1,0,0,0,0
3.162030000,0,0,0,0,0,0,0,0
3.162039000,0,0,0,1,0,0,0,0
3.162047000,0,0,0,0,0,0,0,0
3.162091000,0,0,0,1,0,0,0,0
3.162099000,0,0,0,0,0,0,0,0
3.162108000,0,0,0,1,0,0,0,0
3.162117000,0,0,0,0,0,0,0,0
3.162134000,0,0,0,1,0,0,0,0
3.162143000,0,0,0,0,0,0,0,0
3.162160000,0,0,0,1,0,0,0,0
3.162169000,0,0,0,0,0,0,0,0
3.162178000,0,0,0,1,0,0,0,0
3.162186000,0,0,0,0,0,0,0,0
3.162195000,0,0,0,1,0,0,0,0
3.162204000,0,0,0,0,0,0,0,0
3.162230000,0,0,0,1,0,0,0,0
3.162238000,0,0,0,0,0,0,0,0
3.162264000,0,0,0,1,0,0,0,0
3.162273000,0,0,0,0,0,0,0,0
3.162282000,0,0,0,1,0,0,0,0
3.162290000,0,0,0,0,0,0,0,0
3.162299000,0,0,0,1,0,0,0,0
3.162308000,0,0,0,0,0,0,0,0
3.162316000,0,0,0,1,0,0,0,0
3.162334000,0,0,0,0,0,0,0,0
3.162343000,0,0,0,1,0,0,0,0
3.162351000,0,0,0,0,0,0,0,0
3.162369000,0,0,0,1,0,0,0,0
3.162377000,0,0,0,0,0,0,0,0
3.162386000,0,0,0,1,0,0,0,0
3.162412000,0,0,0,0,0,0,0,0
3.162438000,0,0,0,1,0,0,0,0
3.162447000,0,0,0,0,0,0,0,0
3.162455000,0,0,0,1,0,0,0,0
3.162464000,0,0,0,0,0,0,0,0
3.162508000,0,0,0,1,0,0,0,0
3.162516000,0,0,0,0,0,0,0,0
3.162525000,0,0,0,1,0,0,0,0
3.162534000,0,0,0,0,0,0,0,0
3.162542000,0,0,0,1,0,0,0,0
3.162551000,0,0,0,0,0,0,0,0
3.162560000,0,0,0,1,0,0,0,0
3.162568000,0,0,0,0,0,0,0,0
3.162586000,0,0,0,1,0,0,0,0
3.162595000,0,0,0,0,0,0,0,0
3.162612000,0,0,0,1,0,0,0,0
3.162621000,0,0,0,0,0,0,0,0
3.162629000,0,0,0,1,0,0,0,0
3.162638000,0,0,0,0,0,0,0,0
3.162647000,0,0,0,1,0,0,0,0
3.162681000,0,0,0,0,0,0,0,0
3.162699000,0,0,0,1,0,0,0,0
3.162707000,0,0,0,0,0,0,0,0
3.162716000,0,0,0,1,0,0,0,0
3.162725000,0,0,0,0,0,0,0,0
3.162733000,0,0,0,1,0,0,0,0
3.162742000,0,0,0,0,0,0,0,0
3.162751000,0,0,0,1,0,0,0,0
3.162768000,0,0,0,0,0,0,0,0
3.162777000,0,0,0,1,0,0,0,0
3.162786000,0,0,0,0,0,0,0,0
3.162803000,0,0,0,1,0,0,0,0
3.162812000,0,0,0,0,0,0,0,0
3.162838000,0,0,0,1,0,0,0,0
3.162855000,0,0,0,0,0,0,0,0
3.162872000,0,0,0,1,0,0,0,0
3.162881000,0,0,0,0,0,0,0,0
3.162890000,0,0,0,1,0,0,0,0
3.162899000,0,0,0,0,0,0,0,0
3.162907000,0,0,0,1,0,0,0,0
3.162942000,0,0,0,0,0,0,0,0
3.162959000,0,0,0,1,0,0,0,0
3.162968000,0,0,0,0,0,0,0,0
3.162977000,0,0,0,1,0,0,0,0
3.162985000,0,0,0,0,0,0,0,0
3.162994000,0,0,0,1,0,0,0,0
3.163029000,0,0,0,0,0,0,0,0
3.163046000,0,0,0,1,0,0,0,0
3.163055000,0,0,0,0,0,0,0,0
3.163064000,0,0,0,1,0,0,0,0
3.163072000,0,0,0,0,0,0,0,0
3.163116000,0,0,0,1,0,0,0,0
3.163124000,0,0,0,0,0,0,0,0
3.163133000,0,0,0,1,0,0,0,0
3.163142000,0,0,0,0,0,0,0,0
3.163150000,0,0,0,1,0,0,0,0
3.163159000,0,0,0,0,0,0,0,0
3.163177000,0,0,0,1,0,0,0,0
3.163185000,0,0,0,0,0,0,0,0
3.163220000,0,0,0,1,0,0,0,0
3.163229000,0,0,0,0,0,0,0,0
3.163237000,0,0,0,1,0,0,0,0
3.163246000,0,0,0,0,0,0,0,0
3.163255000,0,0,0,1,0,0,0,0
3.163263000,0,0,0,0,0,0,0,0
3.163307000,0,0,0,1,0,0,0,0
3.163316000,0,0,0,0,0,0,0,0
3.163324000,0,0,0,1,0,0,0,0
3.163333000,0,0,0,0,0,0,0,0
3.163342000,0,0,0,1,0,0,0,0
3.163359000,0,0,0,0,0,0,0,0
3.163394000,0,0,0,1,0,0,0,0
3.163402000,0,0,0,0,0,0,0,0
3.163411000,0,0,0,1,0,0,0,0
3.163420000,0,0,0,0,0,0,0,0
3.163428000,0,0,0,1,0,0,0,0
3.163446000,0,0,0,0,0,0,0,0
3.163455000,0,0,0,1,0,0,0,0
3.163463000,0,0,0,0,0,0,0,0
3.163481000,0,0,0,1,0,0,0,0
3.163489000,0,0,0,0,0,0,0,0
3.163498000,0,0,0,1,0,0,0,0
3.163507000,0,0,0,0,0,0,0,0
3.163515000,0,0,0,1,0,0,0,0
3.163524000,0,0,0,0,0,0,0,0
3.163533000,0,0,0,1,0,0,0,0
3.163550000,0,0,0,0,0,0,0,0
3.163559000,0,0,0,1,0,0,0,0
3.163567000,0,0,0,0,0,0,0,0
3.163585000,0,0,0,1,0,0,0,0
3.163594000,0,0,0,0,0,0,0,0
3.163637000,0,0,0,1,0,0,0,0
3.163654000,0,0,0,0,0,0,0,0
3.163672000,0,0,0,1,0,0,0,0
3.163680000,0,0,0,0,0,0,0,0
3.163689000,0,0,0,1,0,0,0,0
3.163698000,0,0,0,0,0,0,0,0
3.163724000,0,0,0,1,0,0,0,0
3.163741000,0,0,0,0,0,0,0,0
3.163759000,0,0,0,1,0,0,0,0
3.163767000,0,0,0,0,0,0,0,0
3.163785000,0,0,0,1,0,0,0,0
3.163793000,0,0,0,0,0,0,0,0
3.163811000,0,0,0,1,0,0,0,0
3.163828000,0,0,0,0,0,0,0,0
3.163845000,0,0,0,1,0,0,0,0
3.163854000,0,0,0,0,0,0,0,0
3.163863000,0,0,0,1,0,0,0,0
3.163880000,0,0,0,0,0,0,0,0
3.163898000,0,0,0,1,0,0,0,0
3.163915000,0,0,0,0,0,0,0,0
3.163932000,0,0,0,1,0,0,0,0
3.163941000,0,0,0,0,0,0,0,0
3.163967000,0,0,0,1,0,0,0,0
3.163976000,0,0,0,0,0,0,0,0
3.163984000,0,0,0,1,0,0,0,0
3.164002000,0,0,0,0,0,0,0,0
3.164019000,0,0,0,1,0,0,0,0
3.164028000,0,0,0,0,0,0,0,0
3.164037000,0,0,0,1,0,0,0,0
3.164045000,0,0,0,0,0,0,0,0
3.164054000,0,0,0,1,0,0,0,0
3.164063000,0,0,0,0,0,0,0,0
3.164071000,0,0,0,1,0,0,0,0
3.164089000,0,0,0,0,0,0,0,0
3.164106000,0,0,0,1,0,0,0,0
3.164115000,0,0,0,0,0,0,0,0
3.164132000,0,0,0,1,0,0,0,0
3.164150000,0,0,0,0,0,0,0,0
3.164158000,0,0,0,1,0,0,0,0
3.164176000,0,0,0,0,0,0,0,0
3.164193000,0,0,0,1,0,0,0,0
3.164202000,0,0,0,0,0,0,0,0
3.164210000,0,0,0,1,0,0,0,0
3.164236000,0,0,0,0,0,0,0,0
3.164245000,0,0,0,1,0,0,0,0
3.164262000,0,0,0,0,0,0,0,0
3.164280000,0,0,0,1,0,0,0,0
3.164289000,0,0,0,0,0,0,0,0
3.164323000,0,0,0,1,0,0,0,0
3.164349000,0,0,0,0,0,0,0,0
3.164367000,0,0,0,1,0,0,0,0
3.164375000,0,0,0,0,0,0,0,0
3.164384000,0,0,0,1,0,0,0,0
3.164393000,0,0,0,0,0,0,0,0
3.164410000,0,0,0,1,0,0,0,0
3.164436000,0,0,0,0,0,0,0,0
3.164454000,0,0,0,1,0,0,0,0
3.370593000,0,0,0,0,0,0,0,0
3.370601000,0,0,0,1,0,0,0,0
3.370610000,0,0,0,0,0,0,0,0
3.370619000,0,0,0,1,0,0,0,0
3.370636000,0,0,0,0,0,0,0,0
3.370653000,0,0,0,1,0,0,0,0
3.370662000,0,0,0,0,0,0,0,0
3.370671000,0,0,0,1,0,0,0,0
3.370680000,0,0,0,0,0,0,0,0
3.370688000,0,0,0,1,0,0,0,0
3.370697000,0,0,0,0,0,0,0,0
3.370714000,0,0,0,1,0,0,0,0
3.370723000,0,0,0,0,0,0,0,0
3.370740000,0,0,0,1,0,0,0,0
3.370749000,0,0,0,0,0,0,0,0
3.370758000,0,0,0,1,0,0,0,0
3.370766000,0,0,0,0,0,0,0,0
3.370784000,0,0,0,1,0,0,0,0
3.370810000,0,0,0,0,0,0,0,0
3.370827000,0,0,0,1,0,0,0,0
3.370836000,0,0,0,0,0,0,0,0
3.370845000,0,0,0,1,0,0,0,0
3.370853000,0,0,0,0,0,0,0,0
3.370879000,0,0,0,1,0,0,0,0
3.370888000,0,0,0,0,0,0,0,0
3.370914000,0,0,0,1,0,0,0,0
3.370923000,0,0,0,0,0,0,0,0
3.370931000,0,0,0,1,0,0,0,0
3.370940000,0,0,0,0,0,0,0,0
3.370949000,0,0,0,1,0,0,0,0
3.370975000,0,0,0,0,0,0,0,0
3.371001000,0,0,0,1,0,0,0,0
3.371010000,0,0,0,0,0,0,0,0
3.371018000,0,0,0,1,0,0,0,0
3.371027000,0,0,0,0,0,0,0,0
3.371036000,0,0,0,1,0,0,0,0
3.371044000,0,0,0,0,0,0,0,0
3.371088000,0,0,0,1,0,0,0,0
3.371097000,0,0,0,0,0,0,0,0
3.371105000,0,0,0,1,0,0,0,0
3.371114000,0,0,0,0,0,0,0,0
3.371131000,0,0,0,1,0,0,0,0
3.371140000,0,0,0,0,0,0,0,0
3.371157000,0,0,0,1,0,0,0,0
3.371166000,0,0,0,0,0,0,0,0
3.371175000,0,0,0,1,0,0,0,0
3.371183000,0,0,0,0,0,0,0,0
3.371192000,0,0,0,1,0,0,0,0
3.371201000,0,0,0,0,0,0,0,0
3.371227000,0,0,0,1,0,0,0,0
3.371236000,0,0,0,0,0,0,0,0
3.371262000,0,0,0,1,0,0,0,0
3.371270000,0,0,0,0,0,0,0,0
3.371279000,0,0,0,1,0,0,0,0
3.371288000,0,0,0,0,0,0,0,0
3.371296000,0,0,0,1,0,0,0,0
3.371305000,0,0,0,0,0,0,0,0
3.371314000,0,0,0,1,0,0,0,0
3.371331000,0,0,0,0,0,0,0,0
3.371340000,0,0,0,1,0,0,0,0
3.371348000,0,0,0,0,0,0,0,0
3.371366000,0,0,0,1,0,0,0,0
3.371375000,0,0,0,0,0,0,0,0
3.371383000,0,0,0,1,0,0,0,0
3.371409000,0,0,0,0,0,0,0,0
3.371435000,0,0,0,1,0,0,0,0
3.371444000,0,0,0,0,0,0,0,0
3.371453000,0,0,0,1,0,0,0,0
3.371461000,0,0,0,0,0,0,0,0
3.371505000,0,0,0,1,0,0,0,0
3.371514000,0,0,0,0,0,0,0,0
3.371522000,0,0,0,1,0,0,0,0
3.371531000,0,0,0,0,0,0,0,0
3.371540000,0,0,0,1,0,0,0,0
3.371548000,0,0,0,0,0,0,0,0
3.371557000,0,0,0,1,0,0,0,0
3.371566000,0,0,0,0,0,0,0,0
3.371583000,0,0,0,1,0,0,0,0
3.371592000,0,0,0,0,0,0,0,0
3.371609000,0,0,0,1,0,0,0,0
3.371618000,0,0,0,0,0,0,0,0
3.371626000,0,0,0,1,0,0,0,0
3.371635000,0,0,0,0,0,0,0,0
3.371644000,0,0,0,1,0,0,0,0
3.371679000,0,0,0,0,0,0,0,0
3.371696000,0,0,0,1,0,0,0,0
3.371705000,0,0,0,0,0,0,0,0
3.371713000,0,0,0,1,0,0,0,0
3.371722000,0,0,0,0,0,0,0,0
3.371731000,0,0,0,1,0,0,0,0
3.371739000,0,0,0,0,0,0,0,0
3.371748000,0,0,0,1,0,0,0,0
3.371765000,0,0,0,0,0,0,0,0
3.371774000,0,0,0,1,0,0,0,0
3.371783000,0,0,0,0,0,0,0,0
3.371800000,0,0,0,1,0,0,0,0
3.371809000,0,0,0,0,0,0,0,0
3.371835000,0,0,0,1,0,0,0,0
3.371852000,0,0,0,0,0,0,0,0
3.371870000,0,0,0,1,0,0,0,0
3.371878000,0,0,0,0,0,0,0,0
3.371887000,0,0,0,1,0,0,0,0
3.371896000,0,0,0,0,0,0,0,0
3.371904000,0,0,0,1,0,0,0,0
3.371939000,0,0,0,0,0,0,0,0
3.371957000,0,0,0,1,0,0,0,0
3.371965000,0,0,0,0,0,0,0,0
3.371974000,0,0,0,1,0,0,0,0
3.371983000,0,0,0,0,0,0,0,0
3.371991000,0,0,0,1,0,0,0,0
3.372026000,0,0,0,0,0,0,0,0
3.372043000,0,0,0,1,0,0,0,0
3.372052000,0,0,0,0,0,0,0,0
3.372061000,0,0,0,1,0,0,0,0
3.372070000,0,0,0,0,0,0,0,0
3.372113000,0,0,0,1,0,0,0,0
3.372122000,0,0,0,0,0,0,0,0
3.372130000,0,0,0,1,0,0,0,0
3.372139000,0,0,0,0,0,0,0,0
3.372148000,0,0,0,1,0,0,0,0
3.372156000,0,0,0,0,0,0,0,0
3.372174000,0,0,0,1,0,0,0,0
3.372182000,0,0,0,0,0,0,0,0
3.372217000,0,0,0,1,0,0,0,0
3.372226000,0,0,0,0,0,0,0,0
3.372235000,0,0,0,1,0,0,0,0
3.372243000,0,0,0,0,0,0,0,0
3.372252000,0,0,0,1,0,0,0,0
3.372261000,0,0,0,0,0,0,0,0
3.372304000,0,0,0,1,0,0,0,0
3.372313000,0,0,0,0,0,0,0,0
3.372321000,0,0,0,1,0,0,0,0
3.372330000,0,0,0,0,0,0,0,0
3.372339000,0,0,0,1,0,0,0,0
3.372356000,0,0,0,0,0,0,0,0
3.372391000,0,0,0,1,0,0,0,0
3.372400000,0,0,0,0,0,0,0,0
3.372408000,0,0,0,1,0,0,0,0
3.372417000,0,0,0,0,0,0,0,0
3.372426000,0,0,0,1,0,0,0,0
3.372443000,0,0,0,0,0,0,0,0
3.372452000,0,0,0,1,0,0,0,0
3.372460000,0,0,0,0,0,0,0,0
3.372478000,0,0,0,1,0,0,0,0
3.372487000,0,0,0,0,0,0,0,0
3.372495000,0,0,0,1,0,0,0,0
3.372504000,0,0,0,0,0,0,0,0
3.372513000,0,0,0,1,0,0,0,0
3.372521000,0,0,0,0,0,0,0,0
3.372530000,0,0,0,1,0,0,0,0
3.372547000,0,0,0,0,0,0,0,0
3.372556000,0,0,0,1,0,0,0,0
3.372565000,0,0,0,0,0,0,0,0
3.372582000,0,0,0,1,0,0,0,0
3.372591000,0,0,0,0,0,0,0,0
3.372634000,0,0,0,1,0,0,0,0
3.372652000,0,0,0,0,0,0,0,0
3.372669000,0,0,0,1,0,0,0,0
3.372678000,0,0,0,0,0,0,0,0
3.372686000,0,0,0,1,0,0,0,0
3.372695000,0,0,0,0,0,0,0,0
3.372721000,0,0,0,1,0,0,0,0
3.372738000,0,0,0,0,0,0,0,0
3.372756000,0,0,0,1,0,0,0,0
3.372764000,0,0,0,0,0,0,0,0
3.372782000,0,0,0,1,0,0,0,0
3.372791000,0,0,0,0,0,0,0,0
3.372808000,0,0,0,1,0,0,0,0
3.372825000,0,0,0,0,0,0,0,0
3.372843000,0,0,0,1,0,0,0,0
3.372851000,0,0,0,0,0,0,0,0
3.372860000,0,0,0,1,0,0,0,0
3.372877000,0,0,0,0,0,0,0,0
3.372895000,0,0,0,1,0,0,0,0
3.372912000,0,0,0,0,0,0,0,0
3.372930000,0,0,0,1,0,0,0,0
3.372938000,0,0,0,0,0,0,0,0
3.372964000,0,0,0,1,0,0,0,0
3.372973000,0,0,0,0,0,0,0,0
3.372982000,0,0,0,1,0,0,0,0
3.372999000,0,0,0,0,0,0,0,0
3.373016000,0,0,0,1,0,0,0,0
3.373025000,0,0,0,0,0,0,0,0
3.373034000,0,0,0,1,0,0,0,0
3.373042000,0,0,0,0,0,0,0,0
3.373051000,0,0,0,1,0,0,0,0
3.373060000,0,0,0,0,0,0,0,0
3.373069000,0,0,0,1,0,0,0,0
3.373086000,0,0,0,0,0,0,0,0
3.373103000,0,0,0,1,0,0,0,0
3.373112000,0,0,0,0,0,0,0,0
3.373129000,0,0,0,1,0,0,0,0
3.373147000,0,0,0,0,0,0,0,0
3.373155000,0,0,0,1,0,0,0,0
3.373173000,0,0,0,0,0,0,0,0
3.373190000,0,0,0,1,0,0,0,0
3.373199000,0,0,0,0,0,0,0,0
3.373208000,0,0,0,1,0,0,0,0
3.373234000,0,0,0,0,0,0,0,0
3.373242000,0,0,0,1,0,0,0,0
3.373260000,0,0,0,0,0,0,0,0
3.373277000,0,0,0,1,0,0,0,0
3.373286000,0,0,0,0,0,0,0,0
3.373320000,0,0,0,1,0,0,0,0
3.373347000,0,0,0,0,0,0,0,0
3.373364000,0,0,0,1,0,0,0,0
3.373373000,0,0,0,0,0,0,0,0
3.373381000,0,0,0,1,0,0,0,0
3.373390000,0,0,0,0,0,0,0,0
3.373407000,0,0,0,1,0,0,0,0
3.373433000,0,0,0,0,0,0,0,0
3.373451000,0,0,0,1,0,0,0,0
3.570591000,0,0,0,0,0,0,0,0
3.570599000,0,0,0,1,0,0,0,0
3.570608000,0,0,0,0,0,0,0,0
3.570617000,0,0,0,1,0,0,0,0
3.570634000,0,0,0,0,0,0,0,0
3.570651000,0,0,0,1,0,0,0,0
3.570660000,0,0,0,0,0,0,0,0
3.570669000,0,0,0,1,0,0,0,0
3.570677000,0,0,0,0,0,0,0,0
3.570686000,0,0,0,1,0,0,0,0
3.570695000,0,0,0,0,0,0,0,0
3.570712000,0,0,0,1,0,0,0,0
3.570721000,0,0,0,0,0,0,0,0
3.570738000,0,0,0,1,0,0,0,0
3.570747000,0,0,0,0,0,0,0,0
3.570756000,0,0,0,1,0,0,0,0
3.570764000,0,0,0,0,0,0,0,0
3.570782000,0,0,0,1,0,0,0,0
3.570808000,0,0,0,0,0,0,0,0
3.570825000,0,0,0,1,0,0,0,0
3.570834000,0,0,0,0,0,0,0,0
3.570842000,0,0,0,1,0,0,0,0
3.570851000,0,0,0,0,0,0,0,0
3.570877000,0,0,0,1,0,0,0,0
3.570886000,0,0,0,0,0,0,0,0
3.570912000,0,0,0,1,0,0,0,0
3.570921000,0,0,0,0,0,0,0,0
3.570929000,0,0,0,1,0,0,0,0
3.570938000,0,0,0,0,0,0,0,0
3.570947000,0,0,0,1,0,0,0,0
3.570973000,0,0,0,0,0,0,0,0
3.570999000,0,0,0,1,0,0,0,0
3.571008000,0,0,0,0,0,0,0,0
3.571016000,0,0,0,1,0,0,0,0
3.571025000,0,0,0,0,0,0,0,0
3.571034000,0,0,0,1,0,0,0,0
3.571042000,0,0,0,0,0,0,0,0
3.571086000,0,0,0,1,0,0,0,0
3.571094000,0,0,0,0,0,0,0,0
3.571103000,0,0,0,1,0,0,0,0
3.571112000,0,0,0,0,0,0,0,0
3.571129000,0,0,0,1,0,0,0,0
3.571138000,0,0,0,0,0,0,0,0
3.571155000,0,0,0,1,0,0,0,0
3.571164000,0,0,0,0,0,0,0,0
3.571173000,0,0,0,1,0,0,0,0
3.571181000,0,0,0,0,0,0,0,0
3.571190000,0,0,0,1,0,0,0,0
3.571199000,0,0,0,0,0,0,0,0
3.571225000,0,0,0,1,0,0,0,0
3.571233000,0,0,0,0,0,0,0,0
3.571259000,0,0,0,1,0,0,0,0
3.571268000,0,0,0,0,0,0,0,0
3.571277000,0,0,0,1,0,0,0,0
3.571286000,0,0,0,0,0,0,0,0
3.571294000,0,0,0,1,0,0,0,0
3.571303000,0,0,0,0,0,0,0,0
3.571312000,0,0,0,1,0,0,0,0
3.571329000,0,0,0,0,0,0,0,0
3.571338000,0,0,0,1,0,0,0,0
3.571346000,0,0,0,0,0,0,0,0
3.571364000,0,0,0,1,0,0,0,0
3.571372000,0,0,0,0,0,0,0,0
3.571381000,0,0,0,1,0,0,0,0
3.571407000,0,0,0,0,0,0,0,0
3.571433000,0,0,0,1,0,0,0,0
3.571442000,0,0,0,0,0,0,0,0
3.571451000,0,0,0,1,0,0,0,0
3.571459000,0,0,0,0,0,0,0,0
3.571503000,0,0,0,1,0,0,0,0
3.571511000,0,0,0,0,0,0,0,0
3.571520000,0,0,0,1,0,0,0,0
3.571529000,0,0,0,0,0,0,0,0
3.571537000,0,0,0,1,0,0,0,0
3.571546000,0,0,0,0,0,0,0,0
3.571555000,0,0,0,1,0,0,0,0
3.571564000,0,0,0,0,0,0,0,0
3.571581000,0,0,0,1,0,0,0,0
3.571590000,0,0,0,0,0,0,0,0
3.571607000,0,0,0,1,0,0,0,0
3.571616000,0,0,0,0,0,0,0,0
3.571624000,0,0,0,1,0,0,0,0
3.571633000,0,0,0,0,0,0,0,0
3.571642000,0,0,0,1,0,0,0,0
3.571676000,0,0,0,0,0,0,0,0
3.571694000,0,0,0,1,0,0,0,0
3.571703000,0,0,0,0,0,0,0,0
3.571711000,0,0,0,1,0,0,0,0
3.571720000,0,0,0,0,0,0,0,0
3.571729000,0,0,0,1,0,0,0,0
3.571737000,0,0,0,0,0,0,0,0
3.571746000,0,0,0,1,0,0,0,0
3.571763000,0,0,0,0,0,0,0,0
3.571772000,0,0,0,1,0,0,0,0
3.571781000,0,0,0,0,0,0,0,0
3.571798000,0,0,0,1,0,0,0,0
3.571807000,0,0,0,0,0,0,0,0
3.571833000,0,0,0,1,0,0,0,0
3.571850000,0,0,0,0,0,0,0,0
3.571868000,0,0,0,1,0,0,0,0
3.571876000,0,0,0,0,0,0,0,0
3.571885000,0,0,0,1,0,0,0,0
3.571894000,0,0,0,0,0,0,0,0
3.571902000,0,0,0,1,0,0,0,0
3.571937000,0,0,0,0,0,0,0,0
3.571954000,0,0,0,1,0,0,0,0
3.571963000,0,0,0,0,0,0,0,0
3.571972000,0,0,0,1,0,0,0,0
3.571981000,0,0,0,0,0,0,0,0
3.571989000,0,0,0,1,0,0,0,0
3.572024000,0,0,0,0,0,0,0,0
3.572041000,0,0,0,1,0,0,0,0
3.572050000,0,0,0,0,0,0,0,0
3.572059000,0,0,0,1,0,0,0,0
3.572067000,0,0,0,0,0,0,0,0
3.572111000,0,0,0,1,0,0,0,0
3.572120000,0,0,0,0,0,0,0,0
3.572128000,0,0,0,1,0,0,0,0
3.572137000,0,0,0,0,0,0,0,0
3.572146000,0,0,0,1,0,0,0,0
3.572154000,0,0,0,0,0,0,0,0
3.572172000,0,0,0,1,0,0,0,0
3.572180000,0,0,0,0,0,0,0,0
3.572215000,0,0,0,1,0,0,0,0
3.572224000,0,0,0,0,0,0,0,0
3.572232000,0,0,0,1,0,0,0,0
3.572241000,0,0,0,0,0,0,0,0
3.572250000,0,0,0,1,0,0,0,0
3.572259000,0,0,0,0,0,0,0,0
3.572302000,0,0,0,1,0,0,0,0
3.572311000,0,0,0,0,0,0,0,0
3.572319000,0,0,0,1,0,0,0,0
3.572328000,0,0,0,0,0,0,0,0
3.572337000,0,0,0,1,0,0,0,0
3.572354000,0,0,0,0,0,0,0,0
3.572389000,0,0,0,1,0,0,0,0
3.572398000,0,0,0,0,0,0,0,0
3.572406000,0,0,0,1,0,0,0,0
3.572415000,0,0,0,0,0,0,0,0
3.572424000,0,0,0,1,0,0,0,0
3.572441000,0,0,0,0,0,0,0,0
3.572450000,0,0,0,1,0,0,0,0
3.572458000,0,0,0,0,0,0,0,0
3.572476000,0,0,0,1,0,0,0,0
3.572484000,0,0,0,0,0,0,0,0
3.572493000,0,0,0,1,0,0,0,0
3.572502000,0,0,0,0,0,0,0,0
3.572510000,0,0,0,1,0,0,0,0
3.572519000,0,0,0,0,0,0,0,0
3.572528000,0,0,0,1,0,0,0,0
3.572545000,0,0,0,0,0,0,0,0
3.572554000,0,0,0,1,0,0,0,0
3.572563000,0,0,0,0,0,0,0,0
3.572580000,0,0,0,1,0,0,0,0
3.572589000,0,0,0,0,0,0,0,0
3.572632000,0,0,0,1,0,0,0,0
3.572649000,0,0,0,0,0,0,0,0
3.572667000,0,0,0,1,0,0,0,0
3.572676000,0,0,0,0,0,0,0,0
3.572684000,0,0,0,1,0,0,0,0
3.572693000,0,0,0,0,0,0,0,0
3.572719000,0,0,0,1,0,0,0,0
3.572736000,0,0,0,0,0,0,0,0
3.572754000,0,0,0,1,0,0,0,0
3.572762000,0,0,0,0,0,0,0,0
3.572780000,0,0,0,1,0,0,0,0
3.572788000,0,0,0,0,0,0,0,0
3.572806000,0,0,0,1,0,0,0,0
3.572823000,0,0,0,0,0,0,0,0
3.572841000,0,0,0,1,0,0,0,0
3.572849000,0,0,0,0,0,0,0,0
3.572858000,0,0,0,1,0,0,0,0
3.572875000,0,0,0,0,0,0,0,0
3.572893000,0,0,0,1,0,0,0,0
3.572910000,0,0,0,0,0,0,0,0
3.572927000,0,0,0,1,0,0,0,0
3.572936000,0,0,0,0,0,0,0,0
3.572962000,0,0,0,1,0,0,0,0
3.572971000,0,0,0,0,0,0,0,0
3.572980000,0,0,0,1,0,0,0,0
3.572997000,0,0,0,0,0,0,0,0
3.573014000,0,0,0,1,0,0,0,0
3.573023000,0,0,0,0,0,0,0,0
3.573032000,0,0,0,1,0,0,0,0
3.573040000,0,0,0,0,0,0,0,0
3.573049000,0,0,0,1,0,0,0,0
3.573058000,0,0,0,0,0,0,0,0
3.573066000,0,0,0,1,0,0,0,0
3.573084000,0,0,0,0,0,0,0,0
3.573101000,0,0,0,1,0,0,0,0
3.573110000,0,0,0,0,0,0,0,0
3.573127000,0,0,0,1,0,0,0,0
3.573145000,0,0,0,0,0,0,0,0
3.573153000,0,0,0,1,0,0,0,0
3.573171000,0,0,0,0,0,0,0,0
3.573188000,0,0,0,1,0,0,0,0
3.573197000,0,0,0,0,0,0,0,0
3.573205000,0,0,0,1,0,0,0,0
3.573232000,0,0,0,0,0,0,0,0
3.573240000,0,0,0,1,0,0,0,0
3.573258000,0,0,0,0,0,0,0,0
3.573275000,0,0,0,1,0,0,0,0
3.573284000,0,0,0,0,0,0,0,0
3.573318000,0,0,0,1,0,0,0,0
3.573344000,0,0,0,0,0,0,0,0
3.573362000,0,0,0,1,0,0,0,0
3.573370000,0,0,0,0,0,0,0,0
3.573379000,0,0,0,1,0,0,0,0
3.573388000,0,0,0,0,0,0,0,0
3.573405000,0,0,0,1,0,0,0,0
3.573431000,0,0,0,0,0,0,0,0
3.573449000,0,0,0,1,0,0,0,0
3.769588000,0,0,0,0,0,0,0,0
3.769597000,0,0,0,1,0,0,0,0
3.769605000,0,0,0,0,0,0,0,0
3.769614000,0,0,0,1,0,0,0,0
3.769631000,0,0,0,0,0,0,0,0
3.769649000,0,0,0,1,0,0,0,0
3.769657000,0,0,0,0,0,0,0,0
3.769666000,0,0,0,1,0,0,0,0
3.769675000,0,0,0,0,0,0,0,0
3.769683000,0,0,0,1,0,0,0,0
3.769692000,0,0,0,0,0,0,0,0
3.769709000,0,0,0,1,0,0,0,0
3.769718000,0,0,0,0,0,0,0,0
3.769736000,0,0,0,1,0,0,0,0
3.769744000,0,0,0,0,0,0,0,0
3.769753000,0,0,0,1,0,0,0,0
3.769762000,0,0,0,0,0,0,0,0
3.769779000,0,0,0,1,0,0,0,0
3.769805000,0,0,0,0,0,0,0,0
3.769822000,0,0,0,1,0,0,0,0
3.769831000,0,0,0,0,0,0,0,0
3.769840000,0,0,0,1,0,0,0,0
3.769848000,0,0,0,0,0,0,0,0
3.769875000,0,0,0,1,0,0,0,0
3.769883000,0,0,0,0,0,0,0,0
3.769909000,0,0,0,1,0,0,0,0
3.769918000,0,0,0,0,0,0,0,0
3.769927000,0,0,0,1,0,0,0,0
3.769935000,0,0,0,0,0,0,0,0
3.769944000,0,0,0,1,0,0,0,0
3.769970000,0,0,0,0,0,0,0,0
3.769996000,0,0,0,1,0,0,0,0
3.770005000,0,0,0,0,0,0,0,0
3.770014000,0,0,0,1,0,0,0,0
3.770022000,0,0,0,0,0,0,0,0
3.770031000,0,0,0,1,0,0,0,0
3.770040000,0,0,0,0,0,0,0,0
3.770083000,0,0,0,1,0,0,0,0
3.770092000,0,0,0,0,0,0,0,0
3.770100000,0,0,0,1,0,0,0,0
3.770109000,0,0,0,0,0,0,0,0
3.770126000,0,0,0,1,0,0,0,0
3.770135000,0,0,0,0,0,0,0,0
3.770153000,0,0,0,1,0,0,0,0
3.770161000,0,0,0,0,0,0,0,0
3.770170000,0,0,0,1,0,0,0,0
3.770179000,0,0,0,0,0,0,0,0
3.770187000,0,0,0,1,0,0,0,0
3.770196000,0,0,0,0,0,0,0,0
3.770222000,0,0,0,1,0,0,0,0
3.770231000,0,0,0,0,0,0,0,0
3.770257000,0,0,0,1,0,0,0,0
3.770265000,0,0,0,0,0,0,0,0
3.770274000,0,0,0,1,0,0,0,0
3.770283000,0,0,0,0,0,0,0,0
3.770292000,0,0,0,1,0,0,0,0
3.770300000,0,0,0,0,0,0,0,0
3.770309000,0,0,0,1,0,0,0,0
3.770326000,0,0,0,0,0,0,0,0
3.770335000,0,0,0,1,0,0,0,0
3.770344000,0,0,0,0,0,0,0,0
3.770361000,0,0,0,1,0,0,0,0
3.770370000,0,0,0,0,0,0,0,0
3.770378000,0,0,0,1,0,0,0,0
3.770404000,0,0,0,0,0,0,0,0
3.770431000,0,0,0,1,0,0,0,0
3.770439000,0,0,0,0,0,0,0,0
3.770448000,0,0,0,1,0,0,0,0
3.770457000,0,0,0,0,0,0,0,0
3.770500000,0,0,0,1,0,0,0,0
3.770509000,0,0,0,0,0,0,0,0
3.770517000,0,0,0,1,0,0,0,0
3.770526000,0,0,0,0,0,0,0,0
3.770535000,0,0,0,1,0,0,0,0
3.770543000,0,0,0,0,0,0,0,0
3.770552000,0,0,0,1,0,0,0,0
3.770561000,0,0,0,0,0,0,0,0
3.770578000,0,0,0,1,0,0,0,0
3.770587000,0,0,0,0,0,0,0,0
3.770604000,0,0,0,1,0,0,0,0
3.770613000,0,0,0,0,0,0,0,0
3.770622000,0,0,0,1,0,0,0,0
3.770630000,0,0,0,0,0,0,0,0
3.770639000,0,0,0,1,0,0,0,0
3.770674000,0,0,0,0,0,0,0,0
3.770691000,0,0,0,1,0,0,0,0
3.770700000,0,0,0,0,0,0,0,0
3.770709000,0,0,0,1,0,0,0,0
3.770717000,0,0,0,0,0,0,0,0
3.770726000,0,0,0,1,0,0,0,0
3.770735000,0,0,0,0,0,0,0,0
3.770743000,0,0,0,1,0,0,0,0
3.770761000,0,0,0,0,0,0,0,0
3.770769000,0,0,0,1,0,0,0,0
3.770778000,0,0,0,0,0,0,0,0
3.770795000,0,0,0,1,0,0,0,0
3.770804000,0,0,0,0,0,0,0,0
3.770830000,0,0,0,1,0,0,0,0
3.770848000,0,0,0,0,0,0,0,0
3.770865000,0,0,0,1,0,0,0,0
3.770874000,0,0,0,0,0,0,0,0
3.770882000,0,0,0,1,0,0,0,0
3.770891000,0,0,0,0,0,0,0,0
3.770900000,0,0,0,1,0,0,0,0
3.770934000,0,0,0,0,0,0,0,0
3.770952000,0,0,0,1,0,0,0,0
3.770960000,0,0,0,0,0,0,0,0
3.770969000,0,0,0,1,0,0,0,0
3.770978000,0,0,0,0,0,0,0,0
3.770987000,0,0,0,1,0,0,0,0
3.771021000,0,0,0,0,0,0,0,0
3.771039000,0,0,0,1,0,0,0,0
3.771047000,0,0,0,0,0,0,0,0
3.771056000,0,0,0,1,0,0,0,0
3.771065000,0,0,0,0,0,0,0,0
3.771108000,0,0,0,1,0,0,0,0
3.771117000,0,0,0,0,0,0,0,0
3.771126000,0,0,0,1,0,0,0,0
3.771134000,0,0,0,0,0,0,0,0
3.771143000,0,0,0,1,0,0,0,0
3.771152000,0,0,0,0,0,0,0,0
3.771169000,0,0,0,1,0,0,0,0
3.771178000,0,0,0,0,0,0,0,0
3.771212000,0,0,0,1,0,0,0,0
3.771221000,0,0,0,0,0,0,0,0
3.771230000,0,0,0,1,0,0,0,0
3.771238000,0,0,0,0,0,0,0,0
3.771247000,0,0,0,1,0,0,0,0
3.771256000,0,0,0,0,0,0,0,0
3.771299000,0,0,0,1,0,0,0,0
3.771308000,0,0,0,0,0,0,0,0
3.771317000,0,0,0,1,0,0,0,0
3.771325000,0,0,0,0,0,0,0,0
3.771334000,0,0,0,1,0,0,0,0
3.771351000,0,0,0,0,0,0,0,0
3.771386000,0,0,0,1,0,0,0,0
3.771395000,0,0,0,0,0,0,0,0
3.771404000,0,0,0,1,0,0,0,0
3.771412000,0,0,0,0,0,0,0,0
3.771421000,0,0,0,1,0,0,0,0
3.771438000,0,0,0,0,0,0,0,0
3.771447000,0,0,0,1,0,0,0,0
3.771456000,0,0,0,0,0,0,0,0
3.771473000,0,0,0,1,0,0,0,0
3.771482000,0,0,0,0,0,0,0,0
3.771490000,0,0,0,1,0,0,0,0
3.771499000,0,0,0,0,0,0,0,0
3.771508000,0,0,0,1,0,0,0,0
3.771516000,0,0,0,0,0,0,0,0
3.771525000,0,0,0,1,0,0,0,0
3.771543000,0,0,0,0,0,0,0,0
3.771551000,0,0,0,1,0,0,0,0
3.771560000,0,0,0,0,0,0,0,0
3.771577000,0,0,0,1,0,0,0,0
3.771586000,0,0,0,0,0,0,0,0
3.771629000,0,0,0,1,0,0,0,0
3.771647000,0,0,0,0,0,0,0,0
3.771664000,0,0,0,1,0,0,0,0
3.771673000,0,0,0,0,0,0,0,0
3.771682000,0,0,0,1,0,0,0,0
3.771690000,0,0,0,0,0,0,0,0
3.771716000,0,0,0,1,0,0,0,0
3.771734000,0,0,0,0,0,0,0,0
3.771751000,0,0,0,1,0,0,0,0
3.771760000,0,0,0,0,0,0,0,0
3.771777000,0,0,0,1,0,0,0,0
3.771786000,0,0,0,0,0,0,0,0
3.771803000,0,0,0,1,0,0,0,0
3.771821000,0,0,0,0,0,0,0,0
3.771838000,0,0,0,1,0,0,0,0
3.771847000,0,0,0,0,0,0,0,0
3.771855000,0,0,0,1,0,0,0,0
3.771873000,0,0,0,0,0,0,0,0
3.771890000,0,0,0,1,0,0,0,0
3.771907000,0,0,0,0,0,0,0,0
3.771925000,0,0,0,1,0,0,0,0
3.771933000,0,0,0,0,0,0,0,0
3.771960000,0,0,0,1,0,0,0,0
3.771968000,0,0,0,0,0,0,0,0
3.771977000,0,0,0,1,0,0,0,0
3.771994000,0,0,0,0,0,0,0,0
3.772012000,0,0,0,1,0,0,0,0
3.772020000,0,0,0,0,0,0,0,0
3.772029000,0,0,0,1,0,0,0,0
3.772038000,0,0,0,0,0,0,0,0
3.772046000,0,0,0,1,0,0,0,0
3.772055000,0,0,0,0,0,0,0,0
3.772064000,0,0,0,1,0,0,0,0
3.772081000,0,0,0,0,0,0,0,0
3.772099000,0,0,0,1,0,0,0,0
3.772107000,0,0,0,0,0,0,0,0
3.772125000,0,0,0,1,0,0,0,0
3.772142000,0,0,0,0,0,0,0,0
3.772151000,0,0,0,1,0,0,0,0
3.772168000,0,0,0,0,0,0,0,0
3.772185000,0,0,0,1,0,0,0,0
3.772194000,0,0,0,0,0,0,0,0
3.772203000,0,0,0,1,0,0,0,0
3.772229000,0,0,0,0,0,0,0,0
3.772238000,0,0,0,1,0,0,0,0
3.772255000,0,0,0,0,0,0,0,0
3.772272000,0,0,0,1,0,0,0,0
3.772281000,0,0,0,0,0,0,0,0
3.772316000,0,0,0,1,0,0,0,0
3.772342000,0,0,0,0,0,0,0,0
3.772359000,0,0,0,1,0,0,0,0
3.772368000,0,0,0,0,0,0,0,0
3.772377000,0,0,0,1,0,0,0,0
3.772385000,0,0,0,0,0,0,0,0
3.772403000,0,0,0,1,0,0,0,0
3.772429000,0,0,0,0,0,0,0,0
3.772446000,0,0,0,1,0,0,0,0
3.968586000,0,0,0,0,0,0,0,0
3.968595000,0,0,0,1,0,0,0,0
3.968604000,0,0,0,0,0,0,0,0
3.968612000,0,0,0,1,0,0,0,0
3.968630000,0,0,0,0,0,0,0,0
3.968647000,0,0,0,1,0,0,0,0
3.968656000,0,0,0,0,0,0,0,0
3.968664000,0,0,0,1,0,0,0,0
3.968673000,0,0,0,0,0,0,0,0
3.968682000,0,0,0,1,0,0,0,0
3.968690000,0,0,0,0,0,0,0,0
3.968708000,0,0,0,1,0,0,0,0
3.968716000,0,0,0,0,0,0,0,0
3.968734000,0,0,0,1,0,0,0,0
3.968743000,0,0,0,0,0,0,0,0
3.968751000,0,0,0,1,0,0,0,0
3.968760000,0,0,0,0,0,0,0,0
3.968777000,0,0,0,1,0,0,0,0
3.968803000,0,0,0,0,0,0,0,0
3.968821000,0,0,0,1,0,0,0,0
3.968829000,0,0,0,0,0,0,0,0
3.968838000,0,0,0,1,0,0,0,0
3.968847000,0,0,0,0,0,0,0,0
3.968873000,0,0,0,1,0,0,0,0
3.968881000,0,0,0,0,0,0,0,0
3.968908000,0,0,0,1,0,0,0,0
3.968916000,0,0,0,0,0,0,0,0
3.968925000,0,0,0,1,0,0,0,0
3.968934000,0,0,0,0,0,0,0,0
3.968942000,0,0,0,1,0,0,0,0
3.968968000,0,0,0,0,0,0,0,0
3.968994000,0,0,0,1,0,0,0,0
3.969003000,0,0,0,0,0,0,0,0
3.969012000,0,0,0,1,0,0,0,0
3.969020000,0,0,0,0,0,0,0,0
3.969029000,0,0,0,1,0,0,0,0
3.969038000,0,0,0,0,0,0,0,0
3.969081000,0,0,0,1,0,0,0,0
3.969090000,0,0,0,0,0,0,0,0
3.969099000,0,0,0,1,0,0,0,0
3.969107000,0,0,0,0,0,0,0,0
3.969125000,0,0,0,1,0,0,0,0
3.969133000,0,0,0,0,0,0,0,0
3.969151000,0,0,0,1,0,0,0,0
3.969159000,0,0,0,0,0,0,0,0
3.969168000,0,0,0,1,0,0,0,0
3.969177000,0,0,0,0,0,0,0,0
3.969186000,0,0,0,1,0,0,0,0
3.969194000,0,0,0,0,0,0,0,0
3.969220000,0,0,0,1,0,0,0,0
3.969229000,0,0,0,0,0,0,0,0
3.969255000,0,0,0,1,0,0,0,0
3.969264000,0,0,0,0,0,0,0,0
3.969272000,0,0,0,1,0,0,0,0
3.969281000,0,0,0,0,0,0,0,0
3.969290000,0,0,0,1,0,0,0,0
3.969298000,0,0,0,0,0,0,0,0
3.969307000,0,0,0,1,0,0,0,0
3.969325000,0,0,0,0,0,0,0,0
3.969333000,0,0,0,1,0,0,0,0
3.969342000,0,0,0,0,0,0,0,0
3.969359000,0,0,0,1,0,0,0,0
3.969368000,0,0,0,0,0,0,0,0
3.969377000,0,0,0,1,0,0,0,0
3.969403000,0,0,0,0,0,0,0,0
3.969429000,0,0,0,1,0,0,0,0
3.969437000,0,0,0,0,0,0,0,0
3.969446000,0,0,0,1,0,0,0,0
3.969455000,0,0,0,0,0,0,0,0
3.969498000,0,0,0,1,0,0,0,0
3.969507000,0,0,0,0,0,0,0,0
3.969516000,0,0,0,1,0,0,0,0
3.969524000,0,0,0,0,0,0,0,0
3.969533000,0,0,0,1,0,0,0,0
3.969542000,0,0,0,0,0,0,0,0
3.969550000,0,0,0,1,0,0,0,0
3.969559000,0,0,0,0,0,0,0,0
3.969576000,0,0,0,1,0,0,0,0
3.969585000,0,0,0,0,0,0,0,0
3.969603000,0,0,0,1,0,0,0,0
3.969611000,0,0,0,0,0,0,0,0
3.969620000,0,0,0,1,0,0,0,0
3.969629000,0,0,0,0,0,0,0,0
3.969637000,0,0,0,1,0,0,0,0
3.969672000,0,0,0,0,0,0,0,0
3.969689000,0,0,0,1,0,0,0,0
3.969698000,0,0,0,0,0,0,0,0
3.969707000,0,0,0,1,0,0,0,0
3.969715000,0,0,0,0,0,0,0,0
3.969724000,0,0,0,1,0,0,0,0
3.969733000,0,0,0,0,0,0,0,0
3.969742000,0,0,0,1,0,0,0,0
3.969759000,0,0,0,0,0,0,0,0
3.969768000,0,0,0,1,0,0,0,0
3.969776000,0,0,0,0,0,0,0,0
3.969794000,0,0,0,1,0,0,0,0
3.969802000,0,0,0,0,0,0,0,0
3.969828000,0,0,0,1,0,0,0,0
3.969846000,0,0,0,0,0,0,0,0
3.969863000,0,0,0,1,0,0,0,0
3.969872000,0,0,0,0,0,0,0,0
3.969881000,0,0,0,1,0,0,0,0
3.969889000,0,0,0,0,0,0,0,0
3.969898000,0,0,0,1,0,0,0,0
3.969933000,0,0,0,0,0,0,0,0
3.969950000,0,0,0,1,0,0,0,0
3.969959000,0,0,0,0,0,0,0,0
3.969967000,0,0,0,1,0,0,0,0
3.969976000,0,0,0,0,0,0,0,0
3.969985000,0,0,0,1,0,0,0,0
3.970020000,0,0,0,0,0,0,0,0
3.970037000,0,0,0,1,0,0,0,0
3.970046000,0,0,0,0,0,0,0,0
3.970054000,0,0,0,1,0,0,0,0
3.970063000,0,0,0,0,0,0,0,0
3.970106000,0,0,0,1,0,0,0,0
3.970115000,0,0,0,0,0,0,0,0
3.970124000,0,0,0,1,0,0,0,0
3.970132000,0,0,0,0,0,0,0,0
3.970141000,0,0,0,1,0,0,0,0
3.970150000,0,0,0,0,0,0,0,0
3.970167000,0,0,0,1,0,0,0,0
3.970176000,0,0,0,0,0,0,0,0
3.970211000,0,0,0,1,0,0,0,0
3.970219000,0,0,0,0,0,0,0,0
3.970228000,0,0,0,1,0,0,0,0
3.970237000,0,0,0,0,0,0,0,0
3.970245000,0,0,0,1,0,0,0,0
3.970254000,0,0,0,0,0,0,0,0
3.970298000,0,0,0,1,0,0,0,0
3.970306000,0,0,0,0,0,0,0,0
3.970315000,0,0,0,1,0,0,0,0
3.970324000,0,0,0,0,0,0,0,0
3.970332000,0,0,0,1,0,0,0,0
3.970350000,0,0,0,0,0,0,0,0
3.970384000,0,0,0,1,0,0,0,0
3.970393000,0,0,0,0,0,0,0,0
3.970402000,0,0,0,1,0,0,0,0
3.970410000,0,0,0,0,0,0,0,0
3.970419000,0,0,0,1,0,0,0,0
3.970437000,0,0,0,0,0,0,0,0
3.970445000,0,0,0,1,0,0,0,0
3.970454000,0,0,0,0,0,0,0,0
3.970471000,0,0,0,1,0,0,0,0
3.970480000,0,0,0,0,0,0,0,0
3.970489000,0,0,0,1,0,0,0,0
3.970497000,0,0,0,0,0,0,0,0
3.970506000,0,0,0,1,0,0,0,0
3.970515000,0,0,0,0,0,0,0,0
3.970523000,0,0,0,1,0,0,0,0
3.970541000,0,0,0,0,0,0,0,0
3.970549000,0,0,0,1,0,0,0,0
3.970558000,0,0,0,0,0,0,0,0
3.970576000,0,0,0,1,0,0,0,0
3.970584000,0,0,0,0,0,0,0,0
3.970628000,0,0,0,1,0,0,0,0
3.970645000,0,0,0,0,0,0,0,0
3.970662000,0,0,0,1,0,0,0,0
3.970671000,0,0,0,0,0,0,0,0
3.970680000,0,0,0,1,0,0,0,0
3.970688000,0,0,0,0,0,0,0,0
3.970715000,0,0,0,1,0,0,0,0
3.970732000,0,0,0,0,0,0,0,0
3.970749000,0,0,0,1,0,0,0,0
3.970758000,0,0,0,0,0,0,0,0
3.970775000,0,0,0,1,0,0,0,0
3.970784000,0,0,0,0,0,0,0,0
3.970801000,0,0,0,1,0,0,0,0
3.970819000,0,0,0,0,0,0,0,0
3.970836000,0,0,0,1,0,0,0,0
3.970845000,0,0,0,0,0,0,0,0
3.970854000,0,0,0,1,0,0,0,0
3.970871000,0,0,0,0,0,0,0,0
3.970888000,0,0,0,1,0,0,0,0
3.970906000,0,0,0,0,0,0,0,0
3.970923000,0,0,0,1,0,0,0,0
3.970932000,0,0,0,0,0,0,0,0
3.970958000,0,0,0,1,0,0,0,0
3.970966000,0,0,0,0,0,0,0,0
3.970975000,0,0,0,1,0,0,0,0
3.970993000,0,0,0,0,0,0,0,0
3.971010000,0,0,0,1,0,0,0,0
3.971019000,0,0,0,0,0,0,0,0
3.971027000,0,0,0,1,0,0,0,0
3.971036000,0,0,0,0,0,0,0,0
3.971045000,0,0,0,1,0,0,0,0
3.971053000,0,0,0,0,0,0,0,0
3.971062000,0,0,0,1,0,0,0,0
3.971079000,0,0,0,0,0,0,0,0
3.971097000,0,0,0,1,0,0,0,0
3.971105000,0,0,0,0,0,0,0,0
3.971123000,0,0,0,1,0,0,0,0
3.971140000,0,0,0,0,0,0,0,0
3.971149000,0,0,0,1,0,0,0,0
3.971166000,0,0,0,0,0,0,0,0
3.971184000,0,0,0,1,0,0,0,0
3.971192000,0,0,0,0,0,0,0,0
3.971201000,0,0,0,1,0,0,0,0
3.971227000,0,0,0,0,0,0,0,0
3.971236000,0,0,0,1,0,0,0,0
3.971253000,0,0,0,0,0,0,0,0
3.971271000,0,0,0,1,0,0,0,0
3.971279000,0,0,0,0,0,0,0,0
3.971314000,0,0,0,1,0,0,0,0
3.971340000,0,0,0,0,0,0,0,0
3.971357000,0,0,0,1,0,0,0,0
3.971366000,0,0,0,0,0,0,0,0
3.971375000,0,0,0,1,0,0,0,0
3.971383000,0,0,0,0,0,0,0,0
3.971401000,0,0,0,1,0,0,0,0
3.971427000,0,0,0,0,0,0,0,0
3.971444000,0,0,0,1,0,0,0,0
4.178582000,0,0,0,0,0,0,0,0
4.178590000,0,0,0,1,0,0,0,0
4.178599000,0,0,0,0,0,0,0,0
4.178608000,0,0,0,1,0,0,0,0
4.178625000,0,0,0,0,0,0,0,0
4.178643000,0,0,0,1,0,0,0,0
4.178651000,0,0,0,0,0,0,0,0
4.178660000,0,0,0,1,0,0,0,0
4.178669000,0,0,0,0,0,0,0,0
4.178677000,0,0,0,1,0,0,0,0
4.178686000,0,0,0,0,0,0,0,0
4.178703000,0,0,0,1,0,0,0,0
4.178712000,0,0,0,0,0,0,0,0
4.178729000,0,0,0,1,0,0,0,0
4.178738000,0,0,0,0,0,0,0,0
4.178747000,0,0,0,1,0,0,0,0
4.178756000,0,0,0,0,0,0,0,0
4.178773000,0,0,0,1,0,0,0,0
4.178799000,0,0,0,0,0,0,0,0
4.178816000,0,0,0,1,0,0,0,0
4.178825000,0,0,0,0,0,0,0,0
4.178834000,0,0,0,1,0,0,0,0
4.178842000,0,0,0,0,0,0,0,0
4.178868000,0,0,0,1,0,0,0,0
4.178877000,0,0,0,0,0,0,0,0
4.178903000,0,0,0,1,0,0,0,0
4.178912000,0,0,0,0,0,0,0,0
4.178921000,0,0,0,1,0,0,0,0
4.178929000,0,0,0,0,0,0,0,0
4.178938000,0,0,0,1,0,0,0,0
4.178964000,0,0,0,0,0,0,0,0
4.178990000,0,0,0,1,0,0,0,0
4.178999000,0,0,0,0,0,0,0,0
4.179007000,0,0,0,1,0,0,0,0
4.179016000,0,0,0,0,0,0,0,0
4.179025000,0,0,0,1,0,0,0,0
4.179033000,0,0,0,0,0,0,0,0
4.179077000,0,0,0,1,0,0,0,0
4.179086000,0,0,0,0,0,0,0,0
4.179094000,0,0,0,1,0,0,0,0
4.179103000,0,0,0,0,0,0,0,0
4.179120000,0,0,0,1,0,0,0,0
4.179129000,0,0,0,0,0,0,0,0
4.179146000,0,0,0,1,0,0,0,0
4.179155000,0,0,0,0,0,0,0,0
4.179164000,0,0,0,1,0,0,0,0
4.179172000,0,0,0,0,0,0,0,0
4.179181000,0,0,0,1,0,0,0,0
4.179190000,0,0,0,0,0,0,0,0
4.179216000,0,0,0,1,0,0,0,0
4.179225000,0,0,0,0,0,0,0,0
4.179251000,0,0,0,1,0,0,0,0
4.179259000,0,0,0,0,0,0,0,0
4.179268000,0,0,0,1,0,0,0,0
4.179277000,0,0,0,0,0,0,0,0
4.179285000,0,0,0,1,0,0,0,0
4.179294000,0,0,0,0,0,0,0,0
4.179303000,0,0,0,1,0,0,0,0
4.179320000,0,0,0,0,0,0,0,0
4.179329000,0,0,0,1,0,0,0,0
4.179338000,0,0,0,0,0,0,0,0
4.179355000,0,0,0,1,0,0,0,0
4.179364000,0,0,0,0,0,0,0,0
4.179372000,0,0,0,1,0,0,0,0
4.179398000,0,0,0,0,0,0,0,0
4.179424000,0,0,0,1,0,0,0,0
4.179433000,0,0,0,0,0,0,0,0
4.179442000,0,0,0,1,0,0,0,0
4.179450000,0,0,0,0,0,0,0,0
4.179494000,0,0,0,1,0,0,0,0
4.179503000,0,0,0,0,0,0,0,0
4.179511000,0,0,0,1,0,0,0,0
4.179520000,0,0,0,0,0,0,0,0
4.179529000,0,0,0,1,0,0,0,0
4.179537000,0,0,0,0,0,0,0,0
4.179546000,0,0,0,1,0,0,0,0
4.179555000,0,0,0,0,0,0,0,0
4.179572000,0,0,0,1,0,0,0,0
4.179581000,0,0,0,0,0,0,0,0
4.179598000,0,0,0,1,0,0,0,0
4.179607000,0,0,0,0,0,0,0,0
4.179616000,0,0,0,1,0,0,0,0
4.179624000,0,0,0,0,0,0,0,0
4.179633000,0,0,0,1,0,0,0,0
4.179668000,0,0,0,0,0,0,0,0
4.179685000,0,0,0,1,0,0,0,0
4.179694000,0,0,0,0,0,0,0,0
4.179702000,0,0,0,1,0,0,0,0
4.179711000,0,0,0,0,0,0,0,0
4.179720000,0,0,0,1,0,0,0,0
4.179728000,0,0,0,0,0,0,0,0
4.179737000,0,0,0,1,0,0,0,0
4.179755000,0,0,0,0,0,0,0,0
4.179763000,0,0,0,1,0,0,0,0
4.179772000,0,0,0,0,0,0,0,0
4.179789000,0,0,0,1,0,0,0,0
4.179798000,0,0,0,0,0,0,0,0
4.179824000,0,0,0,1,0,0,0,0
4.179841000,0,0,0,0,0,0,0,0
4.179859000,0,0,0,1,0,0,0,0
4.179867000,0,0,0,0,0,0,0,0
4.179876000,0,0,0,1,0,0,0,0
4.179885000,0,0,0,0,0,0,0,0
4.179894000,0,0,0,1,0,0,0,0
4.179928000,0,0,0,0,0,0,0,0
4.179946000,0,0,0,1,0,0,0,0
4.179954000,0,0,0,0,0,0,0,0
4.179963000,0,0,0,1,0,0,0,0
4.179972000,0,0,0,0,0,0,0,0
4.179980000,0,0,0,1,0,0,0,0
4.180015000,0,0,0,0,0,0,0,0
4.180033000,0,0,0,1,0,0,0,0
4.180041000,0,0,0,0,0,0,0,0
4.180050000,0,0,0,1,0,0,0,0
4.180059000,0,0,0,0,0,0,0,0
4.180102000,0,0,0,1,0,0,0,0
4.180111000,0,0,0,0,0,0,0,0
4.180119000,0,0,0,1,0,0,0,0
4.180128000,0,0,0,0,0,0,0,0
4.180137000,0,0,0,1,0,0,0,0
4.180145000,0,0,0,0,0,0,0,0
4.180163000,0,0,0,1,0,0,0,0
4.180172000,0,0,0,0,0,0,0,0
4.180206000,0,0,0,1,0,0,0,0
4.180215000,0,0,0,0,0,0,0,0
4.180224000,0,0,0,1,0,0,0,0
4.180232000,0,0,0,0,0,0,0,0
4.180241000,0,0,0,1,0,0,0,0
4.180250000,0,0,0,0,0,0,0,0
4.180293000,0,0,0,1,0,0,0,0
4.180302000,0,0,0,0,0,0,0,0
4.180311000,0,0,0,1,0,0,0,0
4.180319000,0,0,0,0,0,0,0,0
4.180328000,0,0,0,1,0,0,0,0
4.180345000,0,0,0,0,0,0,0,0
4.180380000,0,0,0,1,0,0,0,0
4.180389000,0,0,0,0,0,0,0,0
4.180397000,0,0,0,1,0,0,0,0
4.180406000,0,0,0,0,0,0,0,0
4.180415000,0,0,0,1,0,0,0,0
4.180432000,0,0,0,0,0,0,0,0
4.180441000,0,0,0,1,0,0,0,0
4.180450000,0,0,0,0,0,0,0,0
4.180467000,0,0,0,1,0,0,0,0
4.180476000,0,0,0,0,0,0,0,0
4.180484000,0,0,0,1,0,0,0,0
4.180493000,0,0,0,0,0,0,0,0
4.180502000,0,0,0,1,0,0,0,0
4.180510000,0,0,0,0,0,0,0,0
4.180519000,0,0,0,1,0,0,0,0
4.180536000,0,0,0,0,0,0,0,0
4.180545000,0,0,0,1,0,0,0,0
4.180554000,0,0,0,0,0,0,0,0
4.180571000,0,0,0,1,0,0,0,0
4.180580000,0,0,0,0,0,0,0,0
4.180623000,0,0,0,1,0,0,0,0
4.180641000,0,0,0,0,0,0,0,0
4.180658000,0,0,0,1,0,0,0,0
4.180667000,0,0,0,0,0,0,0,0
4.180675000,0,0,0,1,0,0,0,0
4.180684000,0,0,0,0,0,0,0,0
4.180710000,0,0,0,1,0,0,0,0
4.180728000,0,0,0,0,0,0,0,0
4.180745000,0,0,0,1,0,0,0,0
4.180754000,0,0,0,0,0,0,0,0
4.180771000,0,0,0,1,0,0,0,0
4.180780000,0,0,0,0,0,0,0,0
4.180797000,0,0,0,1,0,0,0,0
4.180814000,0,0,0,0,0,0,0,0
4.180832000,0,0,0,1,0,0,0,0
4.180840000,0,0,0,0,0,0,0,0
4.180849000,0,0,0,1,0,0,0,0
4.180867000,0,0,0,0,0,0,0,0
4.180884000,0,0,0,1,0,0,0,0
4.180901000,0,0,0,0,0,0,0,0
4.180919000,0,0,0,1,0,0,0,0
4.180927000,0,0,0,0,0,0,0,0
4.180953000,0,0,0,1,0,0,0,0
4.180962000,0,0,0,0,0,0,0,0
4.180971000,0,0,0,1,0,0,0,0
4.180988000,0,0,0,0,0,0,0,0
4.181006000,0,0,0,1,0,0,0,0
4.181014000,0,0,0,0,0,0,0,0
4.181023000,0,0,0,1,0,0,0,0
4.181032000,0,0,0,0,0,0,0,0
4.181040000,0,0,0,1,0,0,0,0
4.181049000,0,0,0,0,0,0,0,0
4.181058000,0,0,0,1,0,0,0,0
4.181075000,0,0,0,0,0,0,0,0
4.181092000,0,0,0,1,0,0,0,0
4.181101000,0,0,0,0,0,0,0,0
4.181118000,0,0,0,1,0,0,0,0
4.181136000,0,0,0,0,0,0,0,0
4.181145000,0,0,0,1,0,0,0,0
4.181162000,0,0,0,0,0,0,0,0
4.181179000,0,0,0,1,0,0,0,0
4.181188000,0,0,0,0,0,0,0,0
4.181197000,0,0,0,1,0,0,0,0
4.181223000,0,0,0,0,0,0,0,0
4.181231000,0,0,0,1,0,0,0,0
4.181249000,0,0,0,0,0,0,0,0
4.181266000,0,0,0,1,0,0,0,0
4.181275000,0,0,0,0,0,0,0,0
4.181310000,0,0,0,1,0,0,0,0
4.181336000,0,0,0,0,0,0,0,0
4.181353000,0,0,0,1,0,0,0,0
4.181362000,0,0,0,0,0,0,0,0
4.181370000,0,0,0,1,0,0,0,0
4.181379000,0,0,0,0,0,0,0,0
4.181396000,0,0,0,1,0,0,0,0
4.181423000,0,0,0,0,0,0,0,0
4.181440000,0,0,0,1,0,0,0,0
4.380579000,0,0,0,0,0,0,0,0
4.380588000,0,0,0,1,0,0,0,0
4.380597000,0,0,0,0,0,0,0,0
4.380605000,0,0,0,1,0,0,0,0
4.380623000,0,0,0,0,0,0,0,0
4.380640000,0,0,0,1,0,0,0,0
4.380649000,0,0,0,0,0,0,0,0
4.380657000,0,0,0,1,0,0,0,0
4.380666000,0,0,0,0,0,0,0,0
4.380675000,0,0,0,1,0,0,0,0
4.380683000,0,0,0,0,0,0,0,0
4.380701000,0,0,0,1,0,0,0,0
4.380709000,0,0,0,0,0,0,0,0
4.380727000,0,0,0,1,0,0,0,0
4.380735000,0,0,0,0,0,0,0,0
4.380744000,0,0,0,1,0,0,0,0
4.380753000,0,0,0,0,0,0,0,0
4.380770000,0,0,0,1,0,0,0,0
4.380796000,0,0,0,0,0,0,0,0
4.380814000,0,0,0,1,0,0,0,0
4.380822000,0,0,0,0,0,0,0,0
4.380831000,0,0,0,1,0,0,0,0
4.380840000,0,0,0,0,0,0,0,0
4.380866000,0,0,0,1,0,0,0,0
4.380874000,0,0,0,0,0,0,0,0
4.380901000,0,0,0,1,0,0,0,0
4.380909000,0,0,0,0,0,0,0,0
4.380918000,0,0,0,1,0,0,0,0
4.380927000,0,0,0,0,0,0,0,0
4.380935000,0,0,0,1,0,0,0,0
4.380961000,0,0,0,0,0,0,0,0
4.380987000,0,0,0,1,0,0,0,0
4.380996000,0,0,0,0,0,0,0,0
4.381005000,0,0,0,1,0,0,0,0
4.381013000,0,0,0,0,0,0,0,0
4.381022000,0,0,0,1,0,0,0,0
4.381031000,0,0,0,0,0,0,0,0
4.381074000,0,0,0,1,0,0,0,0
4.381083000,0,0,0,0,0,0,0,0
4.381092000,0,0,0,1,0,0,0,0
4.381100000,0,0,0,0,0,0,0,0
4.381118000,0,0,0,1,0,0,0,0
4.381126000,0,0,0,0,0,0,0,0
4.381144000,0,0,0,1,0,0,0,0
4.381152000,0,0,0,0,0,0,0,0
4.381161000,0,0,0,1,0,0,0,0
4.381170000,0,0,0,0,0,0,0,0
4.381179000,0,0,0,1,0,0,0,0
4.381187000,0,0,0,0,0,0,0,0
4.381213000,0,0,0,1,0,0,0,0
4.381222000,0,0,0,0,0,0,0,0
4.381248000,0,0,0,1,0,0,0,0
4.381257000,0,0,0,0,0,0,0,0
4.381265000,0,0,0,1,0,0,0,0
4.381274000,0,0,0,0,0,0,0,0
4.381283000,0,0,0,1,0,0,0,0
4.381291000,0,0,0,0,0,0,0,0
4.381300000,0,0,0,1,0,0,0,0
4.381318000,0,0,0,0,0,0,0,0
4.381326000,0,0,0,1,0,0,0,0
4.381335000,0,0,0,0,0,0,0,0
4.381352000,0,0,0,1,0,0,0,0
4.381361000,0,0,0,0,0,0,0,0
4.381370000,0,0,0,1,0,0,0,0
4.381396000,0,0,0,0,0,0,0,0
4.381422000,0,0,0,1,0,0,0,0
4.381430000,0,0,0,0,0,0,0,0
4.381439000,0,0,0,1,0,0,0,0
4.381448000,0,0,0,0,0,0,0,0
4.381491000,0,0,0,1,0,0,0,0
4.381500000,0,0,0,0,0,0,0,0
4.381509000,0,0,0,1,0,0,0,0
4.381517000,0,0,0,0,0,0,0,0
4.381526000,0,0,0,1,0,0,0,0
4.381535000,0,0,0,0,0,0,0,0
4.381543000,0,0,0,1,0,0,0,0
4.381552000,0,0,0,0,0,0,0,0
4.381569000,0,0,0,1,0,0,0,0
4.381578000,0,0,0,0,0,0,0,0
4.381596000,0,0,0,1,0,0,0,0
4.381604000,0,0,0,0,0,0,0,0
4.381613000,0,0,0,1,0,0,0,0
4.381622000,0,0,0,0,0,0,0,0
4.381630000,0,0,0,1,0,0,0,0
4.381665000,0,0,0,0,0,0,0,0
4.381682000,0,0,0,1,0,0,0,0
4.381691000,0,0,0,0,0,0,0,0
4.381700000,0,0,0,1,0,0,0,0
4.381708000,0,0,0,0,0,0,0,0
4.381717000,0,0,0,1,0,0,0,0
4.381726000,0,0,0,0,0,0,0,0
4.381735000,0,0,0,1,0,0,0,0
4.381752000,0,0,0,0,0,0,0,0
4.381761000,0,0,0,1,0,0,0,0
4.381769000,0,0,0,0,0,0,0,0
4.381787000,0,0,0,1,0,0,0,0
4.381795000,0,0,0,0,0,0,0,0
4.381821000,0,0,0,1,0,0,0,0
4.381839000,0,0,0,0,0,0,0,0
4.381856000,0,0,0,1,0,0,0,0
4.381865000,0,0,0,0,0,0,0,0
4.381874000,0,0,0,1,0,0,0,0
4.381882000,0,0,0,0,0,0,0,0
4.381891000,0,0,0,1,0,0,0,0
4.381926000,0,0,0,0,0,0,0,0
4.381943000,0,0,0,1,0,0,0,0
4.381952000,0,0,0,0,0,0,0,0
4.381960000,0,0,0,1,0,0,0,0
4.381969000,0,0,0,0,0,0,0,0
4.381978000,0,0,0,1,0,0,0,0
4.382013000,0,0,0,0,0,0,0,0
4.382030000,0,0,0,1,0,0,0,0
4.382039000,0,0,0,0,0,0,0,0
4.382047000,0,0,0,1,0,0,0,0
4.382056000,0,0,0,0,0,0,0,0
4.382099000,0,0,0,1,0,0,0,0
4.382108000,0,0,0,0,0,0,0,0
4.382117000,0,0,0,1,0,0,0,0
4.382125000,0,0,0,0,0,0,0,0
4.382134000,0,0,0,1,0,0,0,0
4.382143000,0,0,0,0,0,0,0,0
4.382160000,0,0,0,1,0,0,0,0
4.382169000,0,0,0,0,0,0,0,0
4.382204000,0,0,0,1,0,0,0,0
4.382212000,0,0,0,0,0,0,0,0
4.382221000,0,0,0,1,0,0,0,0
4.382230000,0,0,0,0,0,0,0,0
4.382238000,0,0,0,1,0,0,0,0
4.382247000,0,0,0,0,0,0,0,0
4.382291000,0,0,0,1,0,0,0,0
4.382299000,0,0,0,0,0,0,0,0
4.382308000,0,0,0,1,0,0,0,0
4.382317000,0,0,0,0,0,0,0,0
4.382325000,0,0,0,1,0,0,0,0
4.382343000,0,0,0,0,0,0,0,0
4.382377000,0,0,0,1,0,0,0,0
4.382386000,0,0,0,0,0,0,0,0
4.382395000,0,0,0,1,0,0,0,0
4.382403000,0,0,0,0,0,0,0,0
4.382412000,0,0,0,1,0,0,0,0
4.382430000,0,0,0,0,0,0,0,0
4.382438000,0,0,0,1,0,0,0,0
4.382447000,0,0,0,0,0,0,0,0
4.382464000,0,0,0,1,0,0,0,0
4.382473000,0,0,0,0,0,0,0,0
4.382482000,0,0,0,1,0,0,0,0
4.382490000,0,0,0,0,0,0,0,0
4.382499000,0,0,0,1,0,0,0,0
4.382508000,0,0,0,0,0,0,0,0
4.382516000,0,0,0,1,0,0,0,0
4.382534000,0,0,0,0,0,0,0,0
4.382542000,0,0,0,1,0,0,0,0
4.382551000,0,0,0,0,0,0,0,0
4.382569000,0,0,0,1,0,0,0,0
4.382577000,0,0,0,0,0,0,0,0
4.382621000,0,0,0,1,0,0,0,0
4.382638000,0,0,0,0,0,0,0,0
4.382655000,0,0,0,1,0,0,0,0
4.382664000,0,0,0,0,0,0,0,0
4.382673000,0,0,0,1,0,0,0,0
4.382681000,0,0,0,0,0,0,0,0
4.382708000,0,0,0,1,0,0,0,0
4.382725000,0,0,0,0,0,0,0,0
4.382742000,0,0,0,1,0,0,0,0
4.382751000,0,0,0,0,0,0,0,0
4.382768000,0,0,0,1,0,0,0,0
4.382777000,0,0,0,0,0,0,0,0
4.382794000,0,0,0,1,0,0,0,0
4.382812000,0,0,0,0,0,0,0,0
4.382829000,0,0,0,1,0,0,0,0
4.382838000,0,0,0,0,0,0,0,0
4.382847000,0,0,0,1,0,0,0,0
4.382864000,0,0,0,0,0,0,0,0
4.382881000,0,0,0,1,0,0,0,0
4.382899000,0,0,0,0,0,0,0,0
4.382916000,0,0,0,1,0,0,0,0
4.382925000,0,0,0,0,0,0,0,0
4.382951000,0,0,0,1,0,0,0,0
4.382959000,0,0,0,0,0,0,0,0
4.382968000,0,0,0,1,0,0,0,0
4.382986000,0,0,0,0,0,0,0,0
4.383003000,0,0,0,1,0,0,0,0
4.383012000,0,0,0,0,0,0,0,0
4.383020000,0,0,0,1,0,0,0,0
4.383029000,0,0,0,0,0,0,0,0
4.383038000,0,0,0,1,0,0,0,0
4.383046000,0,0,0,0,0,0,0,0
4.383055000,0,0,0,1,0,0,0,0
4.383072000,0,0,0,0,0,0,0,0
4.383090000,0,0,0,1,0,0,0,0
4.383098000,0,0,0,0,0,0,0,0
4.383116000,0,0,0,1,0,0,0,0
4.383133000,0,0,0,0,0,0,0,0
4.383142000,0,0,0,1,0,0,0,0
4.383159000,0,0,0,0,0,0,0,0
4.383177000,0,0,0,1,0,0,0,0
4.383185000,0,0,0,0,0,0,0,0
4.383194000,0,0,0,1,0,0,0,0
4.383220000,0,0,0,0,0,0,0,0
4.383229000,0,0,0,1,0,0,0,0
4.383246000,0,0,0,0,0,0,0,0
4.383264000,0,0,0,1,0,0,0,0
4.383272000,0,0,0,0,0,0,0,0
4.383307000,0,0,0,1,0,0,0,0
4.383333000,0,0,0,0,0,0,0,0
4.383350000,0,0,0,1,0,0,0,0
4.383359000,0,0,0,0,0,0,0,0
4.383368000,0,0,0,1,0,0,0,0
4.383376000,0,0,0,0,0,0,0,0
4.383394000,0,0,0,1,0,0,0,0
4.383420000,0,0,0,0,0,0,0,0
4.383437000,0,0,0,1,0,0,0,0
4.602576000,0,0,0,0,0,0,0,0
4.602585000,0,0,0,1,0,0,0,0
4.602594000,0,0,0,0,0,0,0,0
4.602602000,0,0,0,1,0,0,0,0
4.602620000,0,0,0,0,0,0,0,0
4.602637000,0,0,0,1,0,0,0,0
4.602646000,0,0,0,0,0,0,0,0
4.602654000,0,0,0,1,0,0,0,0
4.602663000,0,0,0,0,0,0,0,0
4.602672000,0,0,0,1,0,0,0,0
4.602680000,0,0,0,0,0,0,0,0
4.602698000,0,0,0,1,0,0,0,0
4.602706000,0,0,0,0,0,0,0,0
4.602724000,0,0,0,1,0,0,0,0
4.602733000,0,0,0,0,0,0,0,0
4.602741000,0,0,0,1,0,0,0,0
4.602750000,0,0,0,0,0,0,0,0
4.602767000,0,0,0,1,0,0,0,0
4.602793000,0,0,0,0,0,0,0,0
4.602811000,0,0,0,1,0,0,0,0
4.602819000,0,0,0,0,0,0,0,0
4.602828000,0,0,0,1,0,0,0,0
4.602837000,0,0,0,0,0,0,0,0
4.602863000,0,0,0,1,0,0,0,0
4.602872000,0,0,0,0,0,0,0,0
4.602898000,0,0,0,1,0,0,0,0
4.602906000,0,0,0,0,0,0,0,0
4.602915000,0,0,0,1,0,0,0,0
4.602924000,0,0,0,0,0,0,0,0
4.602932000,0,0,0,1,0,0,0,0
4.602958000,0,0,0,0,0,0,0,0
4.602984000,0,0,0,1,0,0,0,0
4.602993000,0,0,0,0,0,0,0,0
4.603002000,0,0,0,1,0,0,0,0
4.603011000,0,0,0,0,0,0,0,0
4.603019000,0,0,0,1,0,0,0,0
4.603028000,0,0,0,0,0,0,0,0
4.603071000,0,0,0,1,0,0,0,0
4.603080000,0,0,0,0,0,0,0,0
4.603089000,0,0,0,1,0,0,0,0
4.603097000,0,0,0,0,0,0,0,0
4.603115000,0,0,0,1,0,0,0,0
4.603123000,0,0,0,0,0,0,0,0
4.603141000,0,0,0,1,0,0,0,0
4.603150000,0,0,0,0,0,0,0,0
4.603158000,0,0,0,1,0,0,0,0
4.603167000,0,0,0,0,0,0,0,0
4.603176000,0,0,0,1,0,0,0,0
4.603184000,0,0,0,0,0,0,0,0
4.603210000,0,0,0,1,0,0,0,0
4.603219000,0,0,0,0,0,0,0,0
4.603245000,0,0,0,1,0,0,0,0
4.603254000,0,0,0,0,0,0,0,0
4.603262000,0,0,0,1,0,0,0,0
4.603271000,0,0,0,0,0,0,0,0
4.603280000,0,0,0,1,0,0,0,0
4.603289000,0,0,0,0,0,0,0,0
4.603297000,0,0,0,1,0,0,0,0
4.603315000,0,0,0,0,0,0,0,0
4.603323000,0,0,0,1,0,0,0,0
4.603332000,0,0,0,0,0,0,0,0
4.603349000,0,0,0,1,0,0,0,0
4.603358000,0,0,0,0,0,0,0,0
4.603367000,0,0,0,1,0,0,0,0
4.603393000,0,0,0,0,0,0,0,0
4.603419000,0,0,0,1,0,0,0,0
4.603428000,0,0,0,0,0,0,0,0
4.603436000,0,0,0,1,0,0,0,0
4.603445000,0,0,0,0,0,0,0,0
4.603488000,0,0,0,1,0,0,0,0
4.603497000,0,0,0,0,0,0,0,0
4.603506000,0,0,0,1,0,0,0,0
4.603514000,0,0,0,0,0,0,0,0
4.603523000,0,0,0,1,0,0,0,0
4.603532000,0,0,0,0,0,0,0,0
4.603540000,0,0,0,1,0,0,0,0
4.603549000,0,0,0,0,0,0,0,0
4.603567000,0,0,0,1,0,0,0,0
4.603575000,0,0,0,0,0,0,0,0
4.603593000,0,0,0,1,0,0,0,0
4.603601000,0,0,0,0,0,0,0,0
4.603610000,0,0,0,1,0,0,0,0
4.603619000,0,0,0,0,0,0,0,0
4.603627000,0,0,0,1,0,0,0,0
4.603662000,0,0,0,0,0,0,0,0
4.603679000,0,0,0,1,0,0,0,0
4.603688000,0,0,0,0,0,0,0,0
4.603697000,0,0,0,1,0,0,0,0
4.603706000,0,0,0,0,0,0,0,0
4.603714000,0,0,0,1,0,0,0,0
4.603723000,0,0,0,0,0,0,0,0
4.603732000,0,0,0,1,0,0,0,0
4.603749000,0,0,0,0,0,0,0,0
4.603758000,0,0,0,1,0,0,0,0
4.603766000,0,0,0,0,0,0,0,0
4.603784000,0,0,0,1,0,0,0,0
4.603792000,0,0,0,0,0,0,0,0
4.603818000,0,0,0,1,0,0,0,0
4.603836000,0,0,0,0,0,0,0,0
4.603853000,0,0,0,1,0,0,0,0
4.603862000,0,0,0,0,0,0,0,0
4.603871000,0,0,0,1,0,0,0,0
4.603879000,0,0,0,0,0,0,0,0
4.603888000,0,0,0,1,0,0,0,0
4.603923000,0,0,0,0,0,0,0,0
4.603940000,0,0,0,1,0,0,0,0
4.603949000,0,0,0,0,0,0,0,0
4.603957000,0,0,0,1,0,0,0,0
4.603966000,0,0,0,0,0,0,0,0
4.603975000,0,0,0,1,0,0,0,0
4.604010000,0,0,0,0,0,0,0,0
4.604027000,0,0,0,1,0,0,0,0
4.604036000,0,0,0,0,0,0,0,0
4.604044000,0,0,0,1,0,0,0,0
4.604053000,0,0,0,0,0,0,0,0
4.604096000,0,0,0,1,0,0,0,0
4.604105000,0,0,0,0,0,0,0,0
4.604114000,0,0,0,1,0,0,0,0
4.604123000,0,0,0,0,0,0,0,0
4.604131000,0,0,0,1,0,0,0,0
4.604140000,0,0,0,0,0,0,0,0
4.604157000,0,0,0,1,0,0,0,0
4.604166000,0,0,0,0,0,0,0,0
4.604201000,0,0,0,1,0,0,0,0
4.604209000,0,0,0,0,0,0,0,0
4.604218000,0,0,0,1,0,0,0,0
4.604227000,0,0,0,0,0,0,0,0
4.604235000,0,0,0,1,0,0,0,0
4.604244000,0,0,0,0,0,0,0,0
4.604288000,0,0,0,1,0,0,0,0
4.604296000,0,0,0,0,0,0,0,0
4.604305000,0,0,0,1,0,0,0,0
4.604314000,0,0,0,0,0,0,0,0
4.604322000,0,0,0,1,0,0,0,0
4.604340000,0,0,0,0,0,0,0,0
4.604374000,0,0,0,1,0,0,0,0
4.604383000,0,0,0,0,0,0,0,0
4.604392000,0,0,0,1,0,0,0,0
4.604401000,0,0,0,0,0,0,0,0
4.604409000,0,0,0,1,0,0,0,0
4.604427000,0,0,0,0,0,0,0,0
4.604435000,0,0,0,1,0,0,0,0
4.604444000,0,0,0,0,0,0,0,0
4.604461000,0,0,0,1,0,0,0,0
4.604470000,0,0,0,0,0,0,0,0
4.604479000,0,0,0,1,0,0,0,0
4.604487000,0,0,0,0,0,0,0,0
4.604496000,0,0,0,1,0,0,0,0
4.604505000,0,0,0,0,0,0,0,0
4.604513000,0,0,0,1,0,0,0,0
4.604531000,0,0,0,0,0,0,0,0
4.604539000,0,0,0,1,0,0,0,0
4.604548000,0,0,0,0,0,0,0,0
4.604566000,0,0,0,1,0,0,0,0
4.604574000,0,0,0,0,0,0,0,0
4.604618000,0,0,0,1,0,0,0,0
4.604635000,0,0,0,0,0,0,0,0
4.604652000,0,0,0,1,0,0,0,0
4.604661000,0,0,0,0,0,0,0,0
4.604670000,0,0,0,1,0,0,0,0
4.604678000,0,0,0,0,0,0,0,0
4.604705000,0,0,0,1,0,0,0,0
4.604722000,0,0,0,0,0,0,0,0
4.604739000,0,0,0,1,0,0,0,0
4.604748000,0,0,0,0,0,0,0,0
4.604765000,0,0,0,1,0,0,0,0
4.604774000,0,0,0,0,0,0,0,0
4.604791000,0,0,0,1,0,0,0,0
4.604809000,0,0,0,0,0,0,0,0
4.604826000,0,0,0,1,0,0,0,0
4.604835000,0,0,0,0,0,0,0,0
4.604844000,0,0,0,1,0,0,0,0
4.604861000,0,0,0,0,0,0,0,0
4.604878000,0,0,0,1,0,0,0,0
4.604896000,0,0,0,0,0,0,0,0
4.604913000,0,0,0,1,0,0,0,0
4.604922000,0,0,0,0,0,0,0,0
4.604948000,0,0,0,1,0,0,0,0
4.604956000,0,0,0,0,0,0,0,0
4.604965000,0,0,0,1,0,0,0,0
4.604983000,0,0,0,0,0,0,0,0
4.605000000,0,0,0,1,0,0,0,0
4.605009000,0,0,0,0,0,0,0,0
4.605017000,0,0,0,1,0,0,0,0
4.605026000,0,0,0,0,0,0,0,0
4.605035000,0,0,0,1,0,0,0,0
4.605043000,0,0,0,0,0,0,0,0
4.605052000,0,0,0,1,0,0,0,0
4.605069000,0,0,0,0,0,0,0,0
4.605087000,0,0,0,1,0,0,0,0
4.605095000,0,0,0,0,0,0,0,0
4.605113000,0,0,0,1,0,0,0,0
4.605130000,0,0,0,0,0,0,0,0
4.605139000,0,0,0,1,0,0,0,0
4.605156000,0,0,0,0,0,0,0,0
4.605174000,0,0,0,1,0,0,0,0
4.605182000,0,0,0,0,0,0,0,0
4.605191000,0,0,0,1,0,0,0,0
4.605217000,0,0,0,0,0,0,0,0
4.605226000,0,0,0,1,0,0,0,0
4.605243000,0,0,0,0,0,0,0,0
4.605261000,0,0,0,1,0,0,0,0
4.605269000,0,0,0,0,0,0,0,0
4.605304000,0,0,0,1,0,0,0,0
4.605330000,0,0,0,0,0,0,0,0
4.605347000,0,0,0,1,0,0,0,0
4.605356000,0,0,0,0,0,0,0,0
4.605365000,0,0,0,1,0,0,0,0
4.605373000,0,0,0,0,0,0,0,0
4.605391000,0,0,0,1,0,0,0,0
4.605417000,0,0,0,0,0,0,0,0
4.605434000,0,0,0,1,0,0,0,0
4.821575000,0,0,0,0,0,0,0,0
4.821583000,0,0,0,1,0,0,0,0
4.821592000,0,0,0,0,0,0,0,0
4.821601000,0,0,0,1,0,0,0,0
4.821618000,0,0,0,0,0,0,0,0
4.821635000,0,0,0,1,0,0,0,0
4.821644000,0,0,0,0,0,0,0,0
4.821653000,0,0,0,1,0,0,0,0
4.821662000,0,0,0,0,0,0,0,0
4.821670000,0,0,0,1,0,0,0,0
4.821679000,0,0,0,0,0,0,0,0
4.821696000,0,0,0,1,0,0,0,0
4.821705000,0,0,0,0,0,0,0,0
4.821722000,0,0,0,1,0,0,0,0
4.821731000,0,0,0,0,0,0,0,0
4.821740000,0,0,0,1,0,0,0,0
4.821748000,0,0,0,0,0,0,0,0
4.821766000,0,0,0,1,0,0,0,0
4.821792000,0,0,0,0,0,0,0,0
4.821809000,0,0,0,1,0,0,0,0
4.821818000,0,0,0,0,0,0,0,0
4.821827000,0,0,0,1,0,0,0,0
4.821835000,0,0,0,0,0,0,0,0
4.821861000,0,0,0,1,0,0,0,0
4.821870000,0,0,0,0,0,0,0,0
4.821896000,0,0,0,1,0,0,0,0
4.821905000,0,0,0,0,0,0,0,0
4.821913000,0,0,0,1,0,0,0,0
4.821922000,0,0,0,0,0,0,0,0
4.821931000,0,0,0,1,0,0,0,0
4.821957000,0,0,0,0,0,0,0,0
4.821983000,0,0,0,1,0,0,0,0
4.821992000,0,0,0,0,0,0,0,0
4.822000000,0,0,0,1,0,0,0,0
4.822009000,0,0,0,0,0,0,0,0
4.822018000,0,0,0,1,0,0,0,0
4.822026000,0,0,0,0,0,0,0,0
4.822070000,0,0,0,1,0,0,0,0
4.822078000,0,0,0,0,0,0,0,0
4.822087000,0,0,0,1,0,0,0,0
4.822096000,0,0,0,0,0,0,0,0
4.822113000,0,0,0,1,0,0,0,0
4.822122000,0,0,0,0,0,0,0,0
4.822139000,0,0,0,1,0,0,0,0
4.822148000,0,0,0,0,0,0,0,0
4.822157000,0,0,0,1,0,0,0,0
4.822165000,0,0,0,0,0,0,0,0
4.822174000,0,0,0,1,0,0,0,0
4.822183000,0,0,0,0,0,0,0,0
4.822209000,0,0,0,1,0,0,0,0
4.822217000,0,0,0,0,0,0,0,0
4.822244000,0,0,0,1,0,0,0,0
4.822252000,0,0,0,0,0,0,0,0
4.822261000,0,0,0,1,0,0,0,0
4.822270000,0,0,0,0,0,0,0,0
4.822278000,0,0,0,1,0,0,0,0
4.822287000,0,0,0,0,0,0,0,0
4.822296000,0,0,0,1,0,0,0,0
4.822313000,0,0,0,0,0,0,0,0
4.822322000,0,0,0,1,0,0,0,0
4.822330000,0,0,0,0,0,0,0,0
4.822348000,0,0,0,1,0,0,0,0
4.822356000,0,0,0,0,0,0,0,0
4.822365000,0,0,0,1,0,0,0,0
4.822391000,0,0,0,0,0,0,0,0
4.822417000,0,0,0,1,0,0,0,0
4.822426000,0,0,0,0,0,0,0,0
4.822435000,0,0,0,1,0,0,0,0
4.822443000,0,0,0,0,0,0,0,0
4.822487000,0,0,0,1,0,0,0,0
4.822495000,0,0,0,0,0,0,0,0
4.822504000,0,0,0,1,0,0,0,0
4.822513000,0,0,0,0,0,0,0,0
4.822522000,0,0,0,1,0,0,0,0
4.822530000,0,0,0,0,0,0,0,0
4.822539000,0,0,0,1,0,0,0,0
4.822548000,0,0,0,0,0,0,0,0
4.822565000,0,0,0,1,0,0,0,0
4.822574000,0,0,0,0,0,0,0,0
4.822591000,0,0,0,1,0,0,0,0
4.822600000,0,0,0,0,0,0,0,0
4.822608000,0,0,0,1,0,0,0,0
4.822617000,0,0,0,0,0,0,0,0
4.822626000,0,0,0,1,0,0,0,0
4.822661000,0,0,0,0,0,0,0,0
4.822678000,0,0,0,1,0,0,0,0
4.822687000,0,0,0,0,0,0,0,0
4.822695000,0,0,0,1,0,0,0,0
4.822704000,0,0,0,0,0,0,0,0
4.822713000,0,0,0,1,0,0,0,0
4.822721000,0,0,0,0,0,0,0,0
4.822730000,0,0,0,1,0,0,0,0
4.822747000,0,0,0,0,0,0,0,0
4.822756000,0,0,0,1,0,0,0,0
4.822765000,0,0,0,0,0,0,0,0
4.822782000,0,0,0,1,0,0,0,0
4.822791000,0,0,0,0,0,0,0,0
4.822817000,0,0,0,1,0,0,0,0
4.822834000,0,0,0,0,0,0,0,0
4.822852000,0,0,0,1,0,0,0,0
4.822860000,0,0,0,0,0,0,0,0
4.822869000,0,0,0,1,0,0,0,0
4.822878000,0,0,0,0,0,0,0,0
4.822886000,0,0,0,1,0,0,0,0
4.822921000,0,0,0,0,0,0,0,0
4.822939000,0,0,0,1,0,0,0,0
4.822947000,0,0,0,0,0,0,0,0
4.822956000,0,0,0,1,0,0,0,0
4.822965000,0,0,0,0,0,0,0,0
4.822973000,0,0,0,1,0,0,0,0
4.823008000,0,0,0,0,0,0,0,0
4.823025000,0,0,0,1,0,0,0,0
4.823034000,0,0,0,0,0,0,0,0
4.823043000,0,0,0,1,0,0,0,0
4.823051000,0,0,0,0,0,0,0,0
4.823095000,0,0,0,1,0,0,0,0
4.823104000,0,0,0,0,0,0,0,0
4.823112000,0,0,0,1,0,0,0,0
4.823121000,0,0,0,0,0,0,0,0
4.823130000,0,0,0,1,0,0,0,0
4.823138000,0,0,0,0,0,0,0,0
4.823156000,0,0,0,1,0,0,0,0
4.823164000,0,0,0,0,0,0,0,0
4.823199000,0,0,0,1,0,0,0,0
4.823208000,0,0,0,0,0,0,0,0
4.823217000,0,0,0,1,0,0,0,0
4.823225000,0,0,0,0,0,0,0,0
4.823234000,0,0,0,1,0,0,0,0
4.823243000,0,0,0,0,0,0,0,0
4.823286000,0,0,0,1,0,0,0,0
4.823295000,0,0,0,0,0,0,0,0
4.823303000,0,0,0,1,0,0,0,0
4.823312000,0,0,0,0,0,0,0,0
4.823321000,0,0,0,1,0,0,0,0
4.823338000,0,0,0,0,0,0,0,0
4.823373000,0,0,0,1,0,0,0,0
4.823382000,0,0,0,0,0,0,0,0
4.823390000,0,0,0,1,0,0,0,0
4.823399000,0,0,0,0,0,0,0,0
4.823408000,0,0,0,1,0,0,0,0
4.823425000,0,0,0,0,0,0,0,0
4.823434000,0,0,0,1,0,0,0,0
4.823442000,0,0,0,0,0,0,0,0
4.823460000,0,0,0,1,0,0,0,0
4.823468000,0,0,0,0,0,0,0,0
4.823477000,0,0,0,1,0,0,0,0
4.823486000,0,0,0,0,0,0,0,0
4.823495000,0,0,0,1,0,0,0,0
4.823503000,0,0,0,0,0,0,0,0
4.823512000,0,0,0,1,0,0,0,0
4.823529000,0,0,0,0,0,0,0,0
4.823538000,0,0,0,1,0,0,0,0
4.823547000,0,0,0,0,0,0,0,0
4.823564000,0,0,0,1,0,0,0,0
4.823573000,0,0,0,0,0,0,0,0
4.823616000,0,0,0,1,0,0,0,0
4.823634000,0,0,0,0,0,0,0,0
4.823651000,0,0,0,1,0,0,0,0
4.823660000,0,0,0,0,0,0,0,0
4.823668000,0,0,0,1,0,0,0,0
4.823677000,0,0,0,0,0,0,0,0
4.823703000,0,0,0,1,0,0,0,0
4.823720000,0,0,0,0,0,0,0,0
4.823738000,0,0,0,1,0,0,0,0
4.823746000,0,0,0,0,0,0,0,0
4.823764000,0,0,0,1,0,0,0,0
4.823773000,0,0,0,0,0,0,0,0
4.823790000,0,0,0,1,0,0,0,0
4.823807000,0,0,0,0,0,0,0,0
4.823825000,0,0,0,1,0,0,0,0
4.823833000,0,0,0,0,0,0,0,0
4.823842000,0,0,0,1,0,0,0,0
4.823859000,0,0,0,0,0,0,0,0
4.823877000,0,0,0,1,0,0,0,0
4.823894000,0,0,0,0,0,0,0,0
4.823912000,0,0,0,1,0,0,0,0
4.823920000,0,0,0,0,0,0,0,0
4.823946000,0,0,0,1,0,0,0,0
4.823955000,0,0,0,0,0,0,0,0
4.823964000,0,0,0,1,0,0,0,0
4.823981000,0,0,0,0,0,0,0,0
4.823998000,0,0,0,1,0,0,0,0
4.824007000,0,0,0,0,0,0,0,0
4.824016000,0,0,0,1,0,0,0,0
4.824024000,0,0,0,0,0,0,0,0
4.824033000,0,0,0,1,0,0,0,0
4.824042000,0,0,0,0,0,0,0,0
4.824051000,0,0,0,1,0,0,0,0
4.824068000,0,0,0,0,0,0,0,0
4.824085000,0,0,0,1,0,0,0,0
4.824094000,0,0,0,0,0,0,0,0
4.824111000,0,0,0,1,0,0,0,0
4.824129000,0,0,0,0,0,0,0,0
4.824137000,0,0,0,1,0,0,0,0
4.824155000,0,0,0,0,0,0,0,0
4.824172000,0,0,0,1,0,0,0,0
4.824181000,0,0,0,0,0,0,0,0
4.824190000,0,0,0,1,0,0,0,0
4.824216000,0,0,0,0,0,0,0,0
4.824224000,0,0,0,1,0,0,0,0
4.824242000,0,0,0,0,0,0,0,0
4.824259000,0,0,0,1,0,0,0,0
4.824268000,0,0,0,0,0,0,0,0
4.824302000,0,0,0,1,0,0,0,0
4.824329000,0,0,0,0,0,0,0,0
4.824346000,0,0,0,1,0,0,0,0
4.824355000,0,0,0,0,0,0,0,0
4.824363000,0,0,0,1,0,0,0,0
4.824372000,0,0,0,0,0,0,0,0
4.824389000,0,0,0,1,0,0,0,0
4.824415000,0,0,0,0,0,0,0,0
4.824433000,0,0,0,1,0,0,0,0
5.041570000,0,0,0,0,0,0,0,0
5.041579000,0,0,0,1,0,0,0,0
5.041588000,0,0,0,0,0,0,0,0
5.041596000,0,0,0,1,0,0,0,0
5.041614000,0,0,0,0,0,0,0,0
5.041631000,0,0,0,1,0,0,0,0
5.041640000,0,0,0,0,0,0,0,0
5.041648000,0,0,0,1,0,0,0,0
5.041657000,0,0,0,0,0,0,0,0
5.041666000,0,0,0,1,0,0,0,0
5.041674000,0,0,0,0,0,0,0,0
5.041692000,0,0,0,1,0,0,0,0
5.041700000,0,0,0,0,0,0,0,0
5.041718000,0,0,0,1,0,0,0,0
5.041727000,0,0,0,0,0,0,0,0
5.041735000,0,0,0,1,0,0,0,0
5.041744000,0,0,0,0,0,0,0,0
5.041761000,0,0,0,1,0,0,0,0
5.041787000,0,0,0,0,0,0,0,0
5.041805000,0,0,0,1,0,0,0,0
5.041813000,0,0,0,0,0,0,0,0
5.041822000,0,0,0,1,0,0,0,0
5.041831000,0,0,0,0,0,0,0,0
5.041857000,0,0,0,1,0,0,0,0
5.041866000,0,0,0,0,0,0,0,0
5.041892000,0,0,0,1,0,0,0,0
5.041900000,0,0,0,0,0,0,0,0
5.041909000,0,0,0,1,0,0,0,0
5.041918000,0,0,0,0,0,0,0,0
5.041926000,0,0,0,1,0,0,0,0
5.041952000,0,0,0,0,0,0,0,0
5.041978000,0,0,0,1,0,0,0,0
5.041987000,0,0,0,0,0,0,0,0
5.041996000,0,0,0,1,0,0,0,0
5.042005000,0,0,0,0,0,0,0,0
5.042013000,0,0,0,1,0,0,0,0
5.042022000,0,0,0,0,0,0,0,0
5.042065000,0,0,0,1,0,0,0,0
5.042074000,0,0,0,0,0,0,0,0
5.042083000,0,0,0,1,0,0,0,0
5.042091000,0,0,0,0,0,0,0,0
5.042109000,0,0,0,1,0,0,0,0
5.042117000,0,0,0,0,0,0,0,0
5.042135000,0,0,0,1,0,0,0,0
5.042144000,0,0,0,0,0,0,0,0
5.042152000,0,0,0,1,0,0,0,0
5.042161000,0,0,0,0,0,0,0,0
5.042170000,0,0,0,1,0,0,0,0
5.042178000,0,0,0,0,0,0,0,0
5.042204000,0,0,0,1,0,0,0,0
5.042213000,0,0,0,0,0,0,0,0
5.042239000,0,0,0,1,0,0,0,0
5.042248000,0,0,0,0,0,0,0,0
5.042256000,0,0,0,1,0,0,0,0
5.042265000,0,0,0,0,0,0,0,0
5.042274000,0,0,0,1,0,0,0,0
5.042283000,0,0,0,0,0,0,0,0
5.042291000,0,0,0,1,0,0,0,0
5.042309000,0,0,0,0,0,0,0,0
5.042317000,0,0,0,1,0,0,0,0
5.042326000,0,0,0,0,0,0,0,0
5.042343000,0,0,0,1,0,0,0,0
5.042352000,0,0,0,0,0,0,0,0
5.042361000,0,0,0,1,0,0,0,0
5.042387000,0,0,0,0,0,0,0,0
5.042413000,0,0,0,1,0,0,0,0
5.042422000,0,0,0,0,0,0,0,0
5.042430000,0,0,0,1,0,0,0,0
5.042439000,0,0,0,0,0,0,0,0
5.042482000,0,0,0,1,0,0,0,0
5.042491000,0,0,0,0,0,0,0,0
5.042500000,0,0,0,1,0,0,0,0
5.042508000,0,0,0,0,0,0,0,0
5.042517000,0,0,0,1,0,0,0,0
5.042526000,0,0,0,0,0,0,0,0
5.042534000,0,0,0,1,0,0,0,0
5.042543000,0,0,0,0,0,0,0,0
5.042561000,0,0,0,1,0,0,0,0
5.042569000,0,0,0,0,0,0,0,0
5.042587000,0,0,0,1,0,0,0,0
5.042595000,0,0,0,0,0,0,0,0
5.042604000,0,0,0,1,0,0,0,0
5.042613000,0,0,0,0,0,0,0,0
5.042621000,0,0,0,1,0,0,0,0
5.042656000,0,0,0,0,0,0,0,0
5.042673000,0,0,0,1,0,0,0,0
5.042682000,0,0,0,0,0,0,0,0
5.042691000,0,0,0,1,0,0,0,0
5.042700000,0,0,0,0,0,0,0,0
5.042708000,0,0,0,1,0,0,0,0
5.042717000,0,0,0,0,0,0,0,0
5.042726000,0,0,0,1,0,0,0,0
5.042743000,0,0,0,0,0,0,0,0
5.042752000,0,0,0,1,0,0,0,0
5.042760000,0,0,0,0,0,0,0,0
5.042778000,0,0,0,1,0,0,0,0
5.042786000,0,0,0,0,0,0,0,0
5.042812000,0,0,0,1,0,0,0,0
5.042830000,0,0,0,0,0,0,0,0
5.042847000,0,0,0,1,0,0,0,0
5.042856000,0,0,0,0,0,0,0,0
5.042865000,0,0,0,1,0,0,0,0
5.042873000,0,0,0,0,0,0,0,0
5.042882000,0,0,0,1,0,0,0,0
5.042917000,0,0,0,0,0,0,0,0
5.042934000,0,0,0,1,0,0,0,0
5.042943000,0,0,0,0,0,0,0,0
5.042951000,0,0,0,1,0,0,0,0
5.042960000,0,0,0,0,0,0,0,0
5.042969000,0,0,0,1,0,0,0,0
5.043004000,0,0,0,0,0,0,0,0
5.043021000,0,0,0,1,0,0,0,0
5.043030000,0,0,0,0,0,0,0,0
5.043038000,0,0,0,1,0,0,0,0
5.043047000,0,0,0,0,0,0,0,0
5.043090000,0,0,0,1,0,0,0,0
5.043099000,0,0,0,0,0,0,0,0
5.043108000,0,0,0,1,0,0,0,0
5.043117000,0,0,0,0,0,0,0,0
5.043125000,0,0,0,1,0,0,0,0
5.043134000,0,0,0,0,0,0,0,0
5.043151000,0,0,0,1,0,0,0,0
5.043160000,0,0,0,0,0,0,0,0
5.043195000,0,0,0,1,0,0,0,0
5.043203000,0,0,0,0,0,0,0,0
5.043212000,0,0,0,1,0,0,0,0
5.043221000,0,0,0,0,0,0,0,0
5.043229000,0,0,0,1,0,0,0,0
5.043238000,0,0,0,0,0,0,0,0
5.043282000,0,0,0,1,0,0,0,0
5.043290000,0,0,0,0,0,0,0,0
5.043299000,0,0,0,1,0,0,0,0
5.043308000,0,0,0,0,0,0,0,0
5.043316000,0,0,0,1,0,0,0,0
5.043334000,0,0,0,0,0,0,0,0
5.043368000,0,0,0,1,0,0,0,0
5.043377000,0,0,0,0,0,0,0,0
5.043386000,0,0,0,1,0,0,0,0
5.043395000,0,0,0,0,0,0,0,0
5.043403000,0,0,0,1,0,0,0,0
5.043421000,0,0,0,0,0,0,0,0
5.043429000,0,0,0,1,0,0,0,0
5.043438000,0,0,0,0,0,0,0,0
5.043455000,0,0,0,1,0,0,0,0
5.043464000,0,0,0,0,0,0,0,0
5.043473000,0,0,0,1,0,0,0,0
5.043481000,0,0,0,0,0,0,0,0
5.043490000,0,0,0,1,0,0,0,0
5.043499000,0,0,0,0,0,0,0,0
5.043507000,0,0,0,1,0,0,0,0
5.043525000,0,0,0,0,0,0,0,0
5.043534000,0,0,0,1,0,0,0,0
5.043542000,0,0,0,0,0,0,0,0
5.043560000,0,0,0,1,0,0,0,0
5.043568000,0,0,0,0,0,0,0,0
5.043612000,0,0,0,1,0,0,0,0
5.043629000,0,0,0,0,0,0,0,0
5.043646000,0,0,0,1,0,0,0,0
5.043655000,0,0,0,0,0,0,0,0
5.043664000,0,0,0,1,0,0,0,0
5.043673000,0,0,0,0,0,0,0,0
5.043699000,0,0,0,1,0,0,0,0
5.043716000,0,0,0,0,0,0,0,0
5.043733000,0,0,0,1,0,0,0,0
5.043742000,0,0,0,0,0,0,0,0
5.043759000,0,0,0,1,0,0,0,0
5.043768000,0,0,0,0,0,0,0,0
5.043785000,0,0,0,1,0,0,0,0
5.043803000,0,0,0,0,0,0,0,0
5.043820000,0,0,0,1,0,0,0,0
5.043829000,0,0,0,0,0,0,0,0
5.043838000,0,0,0,1,0,0,0,0
5.043855000,0,0,0,0,0,0,0,0
5.043872000,0,0,0,1,0,0,0,0
5.043890000,0,0,0,0,0,0,0,0
5.043907000,0,0,0,1,0,0,0,0
5.043916000,0,0,0,0,0,0,0,0
5.043942000,0,0,0,1,0,0,0,0
5.043951000,0,0,0,0,0,0,0,0
5.043959000,0,0,0,1,0,0,0,0
5.043977000,0,0,0,0,0,0,0,0
5.043994000,0,0,0,1,0,0,0,0
5.044003000,0,0,0,0,0,0,0,0
5.044011000,0,0,0,1,0,0,0,0
5.044020000,0,0,0,0,0,0,0,0
5.044029000,0,0,0,1,0,0,0,0
5.044037000,0,0,0,0,0,0,0,0
5.044046000,0,0,0,1,0,0,0,0
5.044063000,0,0,0,0,0,0,0,0
5.044081000,0,0,0,1,0,0,0,0
5.044090000,0,0,0,0,0,0,0,0
5.044107000,0,0,0,1,0,0,0,0
5.044124000,0,0,0,0,0,0,0,0
5.044133000,0,0,0,1,0,0,0,0
5.044150000,0,0,0,0,0,0,0,0
5.044168000,0,0,0,1,0,0,0,0
5.044176000,0,0,0,0,0,0,0,0
5.044185000,0,0,0,1,0,0,0,0
5.044211000,0,0,0,0,0,0,0,0
5.044220000,0,0,0,1,0,0,0,0
5.044237000,0,0,0,0,0,0,0,0
5.044255000,0,0,0,1,0,0,0,0
5.044263000,0,0,0,0,0,0,0,0
5.044298000,0,0,0,1,0,0,0,0
5.044324000,0,0,0,0,0,0,0,0
5.044341000,0,0,0,1,0,0,0,0
5.044350000,0,0,0,0,0,0,0,0
5.044359000,0,0,0,1,0,0,0,0
5.044368000,0,0,0,0,0,0,0,0
5.044385000,0,0,0,1,0,0,0,0
5.044411000,0,0,0,0,0,0,0,0
5.044428000,0,0,0,1,0,0,0,0
5.251568000,0,0,0,0,0,0,0,0
5.251576000,0,0,0,1,0,0,0,0
5.251585000,0,0,0,0,0,0,0,0
5.251594000,0,0,0,1,0,0,0,0
5.251611000,0,0,0,0,0,0,0,0
5.251628000,0,0,0,1,0,0,0,0
5.251637000,0,0,0,0,0,0,0,0
5.251646000,0,0,0,1,0,0,0,0
5.251654000,0,0,0,0,0,0,0,0
5.251663000,0,0,0,1,0,0,0,0
5.251672000,0,0,0,0,0,0,0,0
5.251689000,0,0,0,1,0,0,0,0
5.251698000,0,0,0,0,0,0,0,0
5.251715000,0,0,0,1,0,0,0,0
5.251724000,0,0,0,0,0,0,0,0
5.251733000,0,0,0,1,0,0,0,0
5.251741000,0,0,0,0,0,0,0,0
5.251759000,0,0,0,1,0,0,0,0
5.251785000,0,0,0,0,0,0,0,0
5.251802000,0,0,0,1,0,0,0,0
5.251811000,0,0,0,0,0,0,0,0
5.251819000,0,0,0,1,0,0,0,0
5.251828000,0,0,0,0,0,0,0,0
5.251854000,0,0,0,1,0,0,0,0
5.251863000,0,0,0,0,0,0,0,0
5.251889000,0,0,0,1,0,0,0,0
5.251898000,0,0,0,0,0,0,0,0
5.251906000,0,0,0,1,0,0,0,0
5.251915000,0,0,0,0,0,0,0,0
5.251924000,0,0,0,1,0,0,0,0
5.251950000,0,0,0,0,0,0,0,0
5.251976000,0,0,0,1,0,0,0,0
5.251985000,0,0,0,0,0,0,0,0
5.251993000,0,0,0,1,0,0,0,0
5.252002000,0,0,0,0,0,0,0,0
5.252011000,0,0,0,1,0,0,0,0
5.252019000,0,0,0,0,0,0,0,0
5.252063000,0,0,0,1,0,0,0,0
5.252071000,0,0,0,0,0,0,0,0
5.252080000,0,0,0,1,0,0,0,0
5.252089000,0,0,0,0,0,0,0,0
5.252106000,0,0,0,1,0,0,0,0
5.252115000,0,0,0,0,0,0,0,0
5.252132000,0,0,0,1,0,0,0,0
5.252141000,0,0,0,0,0,0,0,0
5.252150000,0,0,0,1,0,0,0,0
5.252158000,0,0,0,0,0,0,0,0
5.252167000,0,0,0,1,0,0,0,0
5.252176000,0,0,0,0,0,0,0,0
5.252202000,0,0,0,1,0,0,0,0
5.252210000,0,0,0,0,0,0,0,0
5.252236000,0,0,0,1,0,0,0,0
5.252245000,0,0,0,0,0,0,0,0
5.252254000,0,0,0,1,0,0,0,0
5.252262000,0,0,0,0,0,0,0,0
5.252271000,0,0,0,1,0,0,0,0
5.252280000,0,0,0,0,0,0,0,0
5.252289000,0,0,0,1,0,0,0,0
5.252306000,0,0,0,0,0,0,0,0
5.252315000,0,0,0,1,0,0,0,0
5.252323000,0,0,0,0,0,0,0,0
5.252341000,0,0,0,1,0,0,0,0
5.252349000,0,0,0,0,0,0,0,0
5.252358000,0,0,0,1,0,0,0,0
5.252384000,0,0,0,0,0,0,0,0
5.252410000,0,0,0,1,0,0,0,0
5.252419000,0,0,0,0,0,0,0,0
5.252428000,0,0,0,1,0,0,0,0
5.252436000,0,0,0,0,0,0,0,0
5.252480000,0,0,0,1,0,0,0,0
5.252488000,0,0,0,0,0,0,0,0
5.252497000,0,0,0,1,0,0,0,0
5.252506000,0,0,0,0,0,0,0,0
5.252514000,0,0,0,1,0,0,0,0
5.252523000,0,0,0,0,0,0,0,0
5.252532000,0,0,0,1,0,0,0,0
5.252540000,0,0,0,0,0,0,0,0
5.252558000,0,0,0,1,0,0,0,0
5.252567000,0,0,0,0,0,0,0,0
5.252584000,0,0,0,1,0,0,0,0
5.252593000,0,0,0,0,0,0,0,0
5.252601000,0,0,0,1,0,0,0,0
5.252610000,0,0,0,0,0,0,0,0
5.252619000,0,0,0,1,0,0,0,0
5.252653000,0,0,0,0,0,0,0,0
5.252671000,0,0,0,1,0,0,0,0
5.252679000,0,0,0,0,0,0,0,0
5.252688000,0,0,0,1,0,0,0,0
5.252697000,0,0,0,0,0,0,0,0
5.252706000,0,0,0,1,0,0,0,0
5.252714000,0,0,0,0,0,0,0,0
5.252723000,0,0,0,1,0,0,0,0
5.252740000,0,0,0,0,0,0,0,0
5.252749000,0,0,0,1,0,0,0,0
5.252758000,0,0,0,0,0,0,0,0
5.252775000,0,0,0,1,0,0,0,0
5.252784000,0,0,0,0,0,0,0,0
5.252810000,0,0,0,1,0,0,0,0
5.252827000,0,0,0,0,0,0,0,0
5.252845000,0,0,0,1,0,0,0,0
5.252853000,0,0,0,0,0,0,0,0
5.252862000,0,0,0,1,0,0,0,0
5.252871000,0,0,0,0,0,0,0,0
5.252879000,0,0,0,1,0,0,0,0
5.252914000,0,0,0,0,0,0,0,0
5.252931000,0,0,0,1,0,0,0,0
5.252940000,0,0,0,0,0,0,0,0
5.252949000,0,0,0,1,0,0,0,0
5.252957000,0,0,0,0,0,0,0,0
5.252966000,0,0,0,1,0,0,0,0
5.253001000,0,0,0,0,0,0,0,0
5.253018000,0,0,0,1,0,0,0,0
5.253027000,0,0,0,0,0,0,0,0
5.253036000,0,0,0,1,0,0,0,0
5.253044000,0,0,0,0,0,0,0,0
5.253088000,0,0,0,1,0,0,0,0
5.253096000,0,0,0,0,0,0,0,0
5.253105000,0,0,0,1,0,0,0,0
5.253114000,0,0,0,0,0,0,0,0
5.253123000,0,0,0,1,0,0,0,0
5.253131000,0,0,0,0,0,0,0,0
5.253149000,0,0,0,1,0,0,0,0
5.253157000,0,0,0,0,0,0,0,0
5.253192000,0,0,0,1,0,0,0,0
5.253201000,0,0,0,0,0,0,0,0
5.253209000,0,0,0,1,0,0,0,0
5.253218000,0,0,0,0,0,0,0,0
5.253227000,0,0,0,1,0,0,0,0
5.253235000,0,0,0,0,0,0,0,0
5.253279000,0,0,0,1,0,0,0,0
5.253288000,0,0,0,0,0,0,0,0
5.253296000,0,0,0,1,0,0,0,0
5.253305000,0,0,0,0,0,0,0,0
5.253314000,0,0,0,1,0,0,0,0
5.253331000,0,0,0,0,0,0,0,0
5.253366000,0,0,0,1,0,0,0,0
5.253374000,0,0,0,0,0,0,0,0
5.253383000,0,0,0,1,0,0,0,0
5.253392000,0,0,0,0,0,0,0,0
5.253401000,0,0,0,1,0,0,0,0
5.253418000,0,0,0,0,0,0,0,0
5.253427000,0,0,0,1,0,0,0,0
5.253435000,0,0,0,0,0,0,0,0
5.253453000,0,0,0,1,0,0,0,0
5.253461000,0,0,0,0,0,0,0,0
5.253470000,0,0,0,1,0,0,0,0
5.253479000,0,0,0,0,0,0,0,0
5.253487000,0,0,0,1,0,0,0,0
5.253496000,0,0,0,0,0,0,0,0
5.253505000,0,0,0,1,0,0,0,0
5.253522000,0,0,0,0,0,0,0,0
5.253531000,0,0,0,1,0,0,0,0
5.253540000,0,0,0,0,0,0,0,0
5.253557000,0,0,0,1,0,0,0,0
5.253566000,0,0,0,0,0,0,0,0
5.253609000,0,0,0,1,0,0,0,0
5.253626000,0,0,0,0,0,0,0,0
5.253644000,0,0,0,1,0,0,0,0
5.253652000,0,0,0,0,0,0,0,0
5.253661000,0,0,0,1,0,0,0,0
5.253670000,0,0,0,0,0,0,0,0
5.253696000,0,0,0,1,0,0,0,0
5.253713000,0,0,0,0,0,0,0,0
5.253731000,0,0,0,1,0,0,0,0
5.253739000,0,0,0,0,0,0,0,0
5.253757000,0,0,0,1,0,0,0,0
5.253765000,0,0,0,0,0,0,0,0
5.253783000,0,0,0,1,0,0,0,0
5.253800000,0,0,0,0,0,0,0,0
5.253818000,0,0,0,1,0,0,0,0
5.253826000,0,0,0,0,0,0,0,0
5.253835000,0,0,0,1,0,0,0,0
5.253852000,0,0,0,0,0,0,0,0
5.253870000,0,0,0,1,0,0,0,0
5.253887000,0,0,0,0,0,0,0,0
5.253904000,0,0,0,1,0,0,0,0
5.253913000,0,0,0,0,0,0,0,0
5.253939000,0,0,0,1,0,0,0,0
5.253948000,0,0,0,0,0,0,0,0
5.253957000,0,0,0,1,0,0,0,0
5.253974000,0,0,0,0,0,0,0,0
5.253991000,0,0,0,1,0,0,0,0
5.254000000,0,0,0,0,0,0,0,0
5.254009000,0,0,0,1,0,0,0,0
5.254017000,0,0,0,0,0,0,0,0
5.254026000,0,0,0,1,0,0,0,0
5.254035000,0,0,0,0,0,0,0,0
5.254043000,0,0,0,1,0,0,0,0
5.254061000,0,0,0,0,0,0,0,0
5.254078000,0,0,0,1,0,0,0,0
5.254087000,0,0,0,0,0,0,0,0
5.254104000,0,0,0,1,0,0,0,0
5.254122000,0,0,0,0,0,0,0,0
5.254130000,0,0,0,1,0,0,0,0
5.254148000,0,0,0,0,0,0,0,0
5.254165000,0,0,0,1,0,0,0,0
5.254174000,0,0,0,0,0,0,0,0
5.254182000,0,0,0,1,0,0,0,0
5.254208000,0,0,0,0,0,0,0,0
5.254217000,0,0,0,1,0,0,0,0
5.254235000,0,0,0,0,0,0,0,0
5.254252000,0,0,0,1,0,0,0,0
5.254261000,0,0,0,0,0,0,0,0
5.254295000,0,0,0,1,0,0,0,0
5.254321000,0,0,0,0,0,0,0,0
5.254339000,0,0,0,1,0,0,0,0
5.254347000,0,0,0,0,0,0,0,0
5.254356000,0,0,0,1,0,0,0,0
5.254365000,0,0,0,0,0,0,0,0
5.254382000,0,0,0,1,0,0,0,0
5.254408000,0,0,0,0,0,0,0,0
5.254426000,0,0,0,1,0,0,0,0
5.452582000,0,0,0,0,0,0,0,0
5.452590000,0,0,0,1,0,0,0,0
5.452599000,0,0,0,0,0,0,0,0
5.452608000,0,0,0,1,0,0,0,0
5.452625000,0,0,0,0,0,0,0,0
5.452643000,0,0,0,1,0,0,0,0
5.452651000,0,0,0,0,0,0,0,0
5.452660000,0,0,0,1,0,0,0,0
5.452669000,0,0,0,0,0,0,0,0
5.452677000,0,0,0,1,0,0,0,0
5.452686000,0,0,0,0,0,0,0,0
5.452703000,0,0,0,1,0,0,0,0
5.452712000,0,0,0,0,0,0,0,0
5.452729000,0,0,0,1,0,0,0,0
5.452738000,0,0,0,0,0,0,0,0
5.452747000,0,0,0,1,0,0,0,0
5.452756000,0,0,0,0,0,0,0,0
5.452773000,0,0,0,1,0,0,0,0
5.452799000,0,0,0,0,0,0,0,0
5.452816000,0,0,0,1,0,0,0,0
5.452825000,0,0,0,0,0,0,0,0
5.452834000,0,0,0,1,0,0,0,0
5.452842000,0,0,0,0,0,0,0,0
5.452868000,0,0,0,1,0,0,0,0
5.452877000,0,0,0,0,0,0,0,0
5.452903000,0,0,0,1,0,0,0,0
5.452912000,0,0,0,0,0,0,0,0
5.452921000,0,0,0,1,0,0,0,0
5.452929000,0,0,0,0,0,0,0,0
5.452938000,0,0,0,1,0,0,0,0
5.452964000,0,0,0,0,0,0,0,0
5.452990000,0,0,0,1,0,0,0,0
5.452999000,0,0,0,0,0,0,0,0
5.453007000,0,0,0,1,0,0,0,0
5.453016000,0,0,0,0,0,0,0,0
5.453025000,0,0,0,1,0,0,0,0
5.453033000,0,0,0,0,0,0,0,0
5.453077000,0,0,0,1,0,0,0,0
5.453086000,0,0,0,0,0,0,0,0
5.453094000,0,0,0,1,0,0,0,0
5.453103000,0,0,0,0,0,0,0,0
5.453120000,0,0,0,1,0,0,0,0
5.453129000,0,0,0,0,0,0,0,0
5.453146000,0,0,0,1,0,0,0,0
5.453155000,0,0,0,0,0,0,0,0
5.453164000,0,0,0,1,0,0,0,0
5.453172000,0,0,0,0,0,0,0,0
5.453181000,0,0,0,1,0,0,0,0
5.453190000,0,0,0,0,0,0,0,0
5.453216000,0,0,0,1,0,0,0,0
5.453225000,0,0,0,0,0,0,0,0
5.453251000,0,0,0,1,0,0,0,0
5.453259000,0,0,0,0,0,0,0,0
5.453268000,0,0,0,1,0,0,0,0
5.453277000,0,0,0,0,0,0,0,0
5.453285000,0,0,0,1,0,0,0,0
5.453294000,0,0,0,0,0,0,0,0
5.453303000,0,0,0,1,0,0,0,0
5.453320000,0,0,0,0,0,0,0,0
5.453329000,0,0,0,1,0,0,0,0
5.453338000,0,0,0,0,0,0,0,0
5.453355000,0,0,0,1,0,0,0,0
5.453364000,0,0,0,0,0,0,0,0
5.453372000,0,0,0,1,0,0,0,0
5.453398000,0,0,0,0,0,0,0,0
5.453424000,0,0,0,1,0,0,0,0
5.453433000,0,0,0,0,0,0,0,0
5.453442000,0,0,0,1,0,0,0,0
5.453450000,0,0,0,0,0,0,0,0
5.453494000,0,0,0,1,0,0,0,0
5.453503000,0,0,0,0,0,0,0,0
5.453511000,0,0,0,1,0,0,0,0
5.453520000,0,0,0,0,0,0,0,0
5.453529000,0,0,0,1,0,0,0,0
5.453537000,0,0,0,0,0,0,0,0
5.453546000,0,0,0,1,0,0,0,0
5.453555000,0,0,0,0,0,0,0,0
5.453572000,0,0,0,1,0,0,0,0
5.453581000,0,0,0,0,0,0,0,0
5.453598000,0,0,0,1,0,0,0,0
5.453607000,0,0,0,0,0,0,0,0
5.453616000,0,0,0,1,0,0,0,0
5.453624000,0,0,0,0,0,0,0,0
5.453633000,0,0,0,1,0,0,0,0
5.453668000,0,0,0,0,0,0,0,0
5.453685000,0,0,0,1,0,0,0,0
5.453694000,0,0,0,0,0,0,0,0
5.453702000,0,0,0,1,0,0,0,0
5.453711000,0,0,0,0,0,0,0,0
5.453720000,0,0,0,1,0,0,0,0
5.453728000,0,0,0,0,0,0,0,0
5.453737000,0,0,0,1,0,0,0,0
5.453755000,0,0,0,0,0,0,0,0
5.453763000,0,0,0,1,0,0,0,0
5.453772000,0,0,0,0,0,0,0,0
5.453789000,0,0,0,1,0,0,0,0
5.453798000,0,0,0,0,0,0,0,0
5.453824000,0,0,0,1,0,0,0,0
5.453841000,0,0,0,0,0,0,0,0
5.453859000,0,0,0,1,0,0,0,0
5.453867000,0,0,0,0,0,0,0,0
5.453876000,0,0,0,1,0,0,0,0
5.453885000,0,0,0,0,0,0,0,0
5.453894000,0,0,0,1,0,0,0,0
5.453928000,0,0,0,0,0,0,0,0
5.453946000,0,0,0,1,0,0,0,0
5.453954000,0,0,0,0,0,0,0,0
5.453963000,0,0,0,1,0,0,0,0
5.453972000,0,0,0,0,0,0,0,0
5.453980000,0,0,0,1,0,0,0,0
5.454015000,0,0,0,0,0,0,0,0
5.454033000,0,0,0,1,0,0,0,0
5.454041000,0,0,0,0,0,0,0,0
5.454050000,0,0,0,1,0,0,0,0
5.454059000,0,0,0,0,0,0,0,0
5.454102000,0,0,0,1,0,0,0,0
5.454111000,0,0,0,0,0,0,0,0
5.454119000,0,0,0,1,0,0,0,0
5.454128000,0,0,0,0,0,0,0,0
5.454137000,0,0,0,1,0,0,0,0
5.454145000,0,0,0,0,0,0,0,0
5.454163000,0,0,0,1,0,0,0,0
5.454172000,0,0,0,0,0,0,0,0
5.454206000,0,0,0,1,0,0,0,0
5.454215000,0,0,0,0,0,0,0,0
5.454224000,0,0,0,1,0,0,0,0
5.454232000,0,0,0,0,0,0,0,0
5.454241000,0,0,0,1,0,0,0,0
5.454250000,0,0,0,0,0,0,0,0
5.454293000,0,0,0,1,0,0,0,0
5.454302000,0,0,0,0,0,0,0,0
5.454311000,0,0,0,1,0,0,0,0
5.454319000,0,0,0,0,0,0,0,0
5.454328000,0,0,0,1,0,0,0,0
5.454345000,0,0,0,0,0,0,0,0
5.454380000,0,0,0,1,0,0,0,0
5.454389000,0,0,0,0,0,0,0,0
5.454397000,0,0,0,1,0,0,0,0
5.454406000,0,0,0,0,0,0,0,0
5.454415000,0,0,0,1,0,0,0,0
5.454432000,0,0,0,0,0,0,0,0
5.454441000,0,0,0,1,0,0,0,0
5.454450000,0,0,0,0,0,0,0,0
5.454467000,0,0,0,1,0,0,0,0
5.454476000,0,0,0,0,0,0,0,0
5.454484000,0,0,0,1,0,0,0,0
5.454493000,0,0,0,0,0,0,0,0
5.454502000,0,0,0,1,0,0,0,0
5.454510000,0,0,0,0,0,0,0,0
5.454519000,0,0,0,1,0,0,0,0
5.454536000,0,0,0,0,0,0,0,0
5.454545000,0,0,0,1,0,0,0,0
5.454554000,0,0,0,0,0,0,0,0
5.454571000,0,0,0,1,0,0,0,0
5.454580000,0,0,0,0,0,0,0,0
5.454623000,0,0,0,1,0,0,0,0
5.454641000,0,0,0,0,0,0,0,0
5.454658000,0,0,0,1,0,0,0,0
5.454667000,0,0,0,0,0,0,0,0
5.454675000,0,0,0,1,0,0,0,0
5.454684000,0,0,0,0,0,0,0,0
5.454710000,0,0,0,1,0,0,0,0
5.454728000,0,0,0,0,0,0,0,0
5.454745000,0,0,0,1,0,0,0,0
5.454754000,0,0,0,0,0,0,0,0
5.454771000,0,0,0,1,0,0,0,0
5.454780000,0,0,0,0,0,0,0,0
5.454797000,0,0,0,1,0,0,0,0
5.454814000,0,0,0,0,0,0,0,0
5.454832000,0,0,0,1,0,0,0,0
5.454840000,0,0,0,0,0,0,0,0
5.454849000,0,0,0,1,0,0,0,0
5.454867000,0,0,0,0,0,0,0,0
5.454884000,0,0,0,1,0,0,0,0
5.454901000,0,0,0,0,0,0,0,0
5.454919000,0,0,0,1,0,0,0,0
5.454927000,0,0,0,0,0,0,0,0
5.454953000,0,0,0,1,0,0,0,0
5.454962000,0,0,0,0,0,0,0,0
5.454971000,0,0,0,1,0,0,0,0
5.454988000,0,0,0,0,0,0,0,0
5.455006000,0,0,0,1,0,0,0,0
5.455014000,0,0,0,0,0,0,0,0
5.455023000,0,0,0,1,0,0,0,0
5.455032000,0,0,0,0,0,0,0,0
5.455040000,0,0,0,1,0,0,0,0
5.455049000,0,0,0,0,0,0,0,0
5.455058000,0,0,0,1,0,0,0,0
5.455075000,0,0,0,0,0,0,0,0
5.455092000,0,0,0,1,0,0,0,0
5.455101000,0,0,0,0,0,0,0,0
5.455118000,0,0,0,1,0,0,0,0
5.455136000,0,0,0,0,0,0,0,0
5.455145000,0,0,0,1,0,0,0,0
5.455162000,0,0,0,0,0,0,0,0
5.455179000,0,0,0,1,0,0,0,0
5.455188000,0,0,0,0,0,0,0,0
5.455197000,0,0,0,1,0,0,0,0
5.455223000,0,0,0,0,0,0,0,0
5.455231000,0,0,0,1,0,0,0,0
5.455249000,0,0,0,0,0,0,0,0
5.455266000,0,0,0,1,0,0,0,0
5.455275000,0,0,0,0,0,0,0,0
5.455310000,0,0,0,1,0,0,0,0
5.455336000,0,0,0,0,0,0,0,0
5.455353000,0,0,0,1,0,0,0,0
5.455362000,0,0,0,0,0,0,0,0
5.455370000,0,0,0,1,0,0,0,0
5.455379000,0,0,0,0,0,0,0,0
5.455396000,0,0,0,1,0,0,0,0
5.455423000,0,0,0,0,0,0,0,0
5.455440000,0,0,0,1,0,0,0,0
5.662562000,0,0,0,0,0,0,0,0
5.662571000,0,0,0,1,0,0,0,0
5.662579000,0,0,0,0,0,0,0,0
5.662588000,0,0,0,1,0,0,0,0
5.662605000,0,0,0,0,0,0,0,0
5.662623000,0,0,0,1,0,0,0,0
5.662631000,0,0,0,0,0,0,0,0
5.662640000,0,0,0,1,0,0,0,0
5.662649000,0,0,0,0,0,0,0,0
5.662657000,0,0,0,1,0,0,0,0
5.662666000,0,0,0,0,0,0,0,0
5.662684000,0,0,0,1,0,0,0,0
5.662692000,0,0,0,0,0,0,0,0
5.662710000,0,0,0,1,0,0,0,0
5.662718000,0,0,0,0,0,0,0,0
5.662727000,0,0,0,1,0,0,0,0
5.662736000,0,0,0,0,0,0,0,0
5.662753000,0,0,0,1,0,0,0,0
5.662779000,0,0,0,0,0,0,0,0
5.662796000,0,0,0,1,0,0,0,0
5.662805000,0,0,0,0,0,0,0,0
5.662814000,0,0,0,1,0,0,0,0
5.662823000,0,0,0,0,0,0,0,0
5.662849000,0,0,0,1,0,0,0,0
5.662857000,0,0,0,0,0,0,0,0
5.662883000,0,0,0,1,0,0,0,0
5.662892000,0,0,0,0,0,0,0,0
5.662901000,0,0,0,1,0,0,0,0
5.662909000,0,0,0,0,0,0,0,0
5.662918000,0,0,0,1,0,0,0,0
5.662944000,0,0,0,0,0,0,0,0
5.662970000,0,0,0,1,0,0,0,0
5.662979000,0,0,0,0,0,0,0,0
5.662988000,0,0,0,1,0,0,0,0
5.662996000,0,0,0,0,0,0,0,0
5.663005000,0,0,0,1,0,0,0,0
5.663014000,0,0,0,0,0,0,0,0
5.663057000,0,0,0,1,0,0,0,0
5.663066000,0,0,0,0,0,0,0,0
5.663074000,0,0,0,1,0,0,0,0
5.663083000,0,0,0,0,0,0,0,0
5.663101000,0,0,0,1,0,0,0,0
5.663109000,0,0,0,0,0,0,0,0
5.663127000,0,0,0,1,0,0,0,0
5.663135000,0,0,0,0,0,0,0,0
5.663144000,0,0,0,1,0,0,0,0
5.663153000,0,0,0,0,0,0,0,0
5.663161000,0,0,0,1,0,0,0,0
5.663170000,0,0,0,0,0,0,0,0
5.663196000,0,0,0,1,0,0,0,0
5.663205000,0,0,0,0,0,0,0,0
5.663231000,0,0,0,1,0,0,0,0
5.663240000,0,0,0,0,0,0,0,0
5.663248000,0,0,0,1,0,0,0,0
5.663257000,0,0,0,0,0,0,0,0
5.663266000,0,0,0,1,0,0,0,0
5.663274000,0,0,0,0,0,0,0,0
5.663283000,0,0,0,1,0,0,0,0
5.663300000,0,0,0,0,0,0,0,0
5.663309000,0,0,0,1,0,0,0,0
5.663318000,0,0,0,0,0,0,0,0
5.663335000,0,0,0,1,0,0,0,0
5.663344000,0,0,0,0,0,0,0,0
5.663352000,0,0,0,1,0,0,0,0
5.663379000,0,0,0,0,0,0,0,0
5.663405000,0,0,0,1,0,0,0,0
5.663413000,0,0,0,0,0,0,0,0
5.663422000,0,0,0,1,0,0,0,0
5.663431000,0,0,0,0,0,0,0,0
5.663474000,0,0,0,1,0,0,0,0
5.663483000,0,0,0,0,0,0,0,0
5.663491000,0,0,0,1,0,0,0,0
5.663500000,0,0,0,0,0,0,0,0
5.663509000,0,0,0,1,0,0,0,0
5.663518000,0,0,0,0,0,0,0,0
5.663526000,0,0,0,1,0,0,0,0
5.663535000,0,0,0,0,0,0,0,0
5.663552000,0,0,0,1,0,0,0,0
5.663561000,0,0,0,0,0,0,0,0
5.663578000,0,0,0,1,0,0,0,0
5.663587000,0,0,0,0,0,0,0,0
5.663596000,0,0,0,1,0,0,0,0
5.663604000,0,0,0,0,0,0,0,0
5.663613000,0,0,0,1,0,0,0,0
5.663648000,0,0,0,0,0,0,0,0
5.663665000,0,0,0,1,0,0,0,0
5.663674000,0,0,0,0,0,0,0,0
5.663683000,0,0,0,1,0,0,0,0
5.663691000,0,0,0,0,0,0,0,0
5.663700000,0,0,0,1,0,0,0,0
5.663709000,0,0,0,0,0,0,0,0
5.663717000,0,0,0,1,0,0,0,0
5.663735000,0,0,0,0,0,0,0,0
5.663743000,0,0,0,1,0,0,0,0
5.663752000,0,0,0,0,0,0,0,0
5.663769000,0,0,0,1,0,0,0,0
5.663778000,0,0,0,0,0,0,0,0
5.663804000,0,0,0,1,0,0,0,0
5.663822000,0,0,0,0,0,0,0,0
5.663839000,0,0,0,1,0,0,0,0
5.663848000,0,0,0,0,0,0,0,0
5.663856000,0,0,0,1,0,0,0,0
5.663865000,0,0,0,0,0,0,0,0
5.663874000,0,0,0,1,0,0,0,0
5.663908000,0,0,0,0,0,0,0,0
5.663926000,0,0,0,1,0,0,0,0
5.663935000,0,0,0,0,0,0,0,0
5.663943000,0,0,0,1,0,0,0,0
5.663952000,0,0,0,0,0,0,0,0
5.663961000,0,0,0,1,0,0,0,0
5.663995000,0,0,0,0,0,0,0,0
5.664013000,0,0,0,1,0,0,0,0
5.664021000,0,0,0,0,0,0,0,0
5.664030000,0,0,0,1,0,0,0,0
5.664039000,0,0,0,0,0,0,0,0
5.664082000,0,0,0,1,0,0,0,0
5.664091000,0,0,0,0,0,0,0,0
5.664100000,0,0,0,1,0,0,0,0
5.664108000,0,0,0,0,0,0,0,0
5.664117000,0,0,0,1,0,0,0,0
5.664126000,0,0,0,0,0,0,0,0
5.664143000,0,0,0,1,0,0,0,0
5.664152000,0,0,0,0,0,0,0,0
5.664186000,0,0,0,1,0,0,0,0
5.664195000,0,0,0,0,0,0,0,0
5.664204000,0,0,0,1,0,0,0,0
5.664213000,0,0,0,0,0,0,0,0
5.664221000,0,0,0,1,0,0,0,0
5.664230000,0,0,0,0,0,0,0,0
5.664273000,0,0,0,1,0,0,0,0
5.664282000,0,0,0,0,0,0,0,0
5.664291000,0,0,0,1,0,0,0,0
5.664299000,0,0,0,0,0,0,0,0
5.664308000,0,0,0,1,0,0,0,0
5.664325000,0,0,0,0,0,0,0,0
5.664360000,0,0,0,1,0,0,0,0
5.664369000,0,0,0,0,0,0,0,0
5.664378000,0,0,0,1,0,0,0,0
5.664386000,0,0,0,0,0,0,0,0
5.664395000,0,0,0,1,0,0,0,0
5.664412000,0,0,0,0,0,0,0,0
5.664421000,0,0,0,1,0,0,0,0
5.664430000,0,0,0,0,0,0,0,0
5.664447000,0,0,0,1,0,0,0,0
5.664456000,0,0,0,0,0,0,0,0
5.664464000,0,0,0,1,0,0,0,0
5.664473000,0,0,0,0,0,0,0,0
5.664482000,0,0,0,1,0,0,0,0
5.664491000,0,0,0,0,0,0,0,0
5.664499000,0,0,0,1,0,0,0,0
5.664517000,0,0,0,0,0,0,0,0
5.664525000,0,0,0,1,0,0,0,0
5.664534000,0,0,0,0,0,0,0,0
5.664551000,0,0,0,1,0,0,0,0
5.664560000,0,0,0,0,0,0,0,0
5.664603000,0,0,0,1,0,0,0,0
5.664621000,0,0,0,0,0,0,0,0
5.664638000,0,0,0,1,0,0,0,0
5.664647000,0,0,0,0,0,0,0,0
5.664656000,0,0,0,1,0,0,0,0
5.664664000,0,0,0,0,0,0,0,0
5.664690000,0,0,0,1,0,0,0,0
5.664708000,0,0,0,0,0,0,0,0
5.664725000,0,0,0,1,0,0,0,0
5.664734000,0,0,0,0,0,0,0,0
5.664751000,0,0,0,1,0,0,0,0
5.664760000,0,0,0,0,0,0,0,0
5.664777000,0,0,0,1,0,0,0,0
5.664795000,0,0,0,0,0,0,0,0
5.664812000,0,0,0,1,0,0,0,0
5.664821000,0,0,0,0,0,0,0,0
5.664829000,0,0,0,1,0,0,0,0
5.664847000,0,0,0,0,0,0,0,0
5.664864000,0,0,0,1,0,0,0,0
5.664881000,0,0,0,0,0,0,0,0
5.664899000,0,0,0,1,0,0,0,0
5.664908000,0,0,0,0,0,0,0,0
5.664934000,0,0,0,1,0,0,0,0
5.664942000,0,0,0,0,0,0,0,0
5.664951000,0,0,0,1,0,0,0,0
5.664968000,0,0,0,0,0,0,0,0
5.664986000,0,0,0,1,0,0,0,0
5.664994000,0,0,0,0,0,0,0,0
5.665003000,0,0,0,1,0,0,0,0
5.665012000,0,0,0,0,0,0,0,0
5.665020000,0,0,0,1,0,0,0,0
5.665029000,0,0,0,0,0,0,0,0
5.665038000,0,0,0,1,0,0,0,0
5.665055000,0,0,0,0,0,0,0,0
5.665073000,0,0,0,1,0,0,0,0
5.665081000,0,0,0,0,0,0,0,0
5.665099000,0,0,0,1,0,0,0,0
5.665116000,0,0,0,0,0,0,0,0
5.665125000,0,0,0,1,0,0,0,0
5.665142000,0,0,0,0,0,0,0,0
5.665159000,0,0,0,1,0,0,0,0
5.665168000,0,0,0,0,0,0,0,0
5.665177000,0,0,0,1,0,0,0,0
5.665203000,0,0,0,0,0,0,0,0
5.665212000,0,0,0,1,0,0,0,0
5.665229000,0,0,0,0,0,0,0,0
5.665246000,0,0,0,1,0,0,0,0
5.665255000,0,0,0,0,0,0,0,0
5.665290000,0,0,0,1,0,0,0,0
5.665316000,0,0,0,0,0,0,0,0
5.665333000,0,0,0,1,0,0,0,0
5.665342000,0,0,0,0,0,0,0,0
5.665351000,0,0,0,1,0,0,0,0
5.665359000,0,0,0,0,0,0,0,0
5.665377000,0,0,0,1,0,0,0,0
5.665403000,0,0,0,0,0,0,0,0
5.665420000,0,0,0,1,0,0,0,0
5.871559000,0,0,0,0,0,0,0,0
5.871568000,0,0,0,1,0,0,0,0
5.871577000,0,0,0,0,0,0,0,0
5.871585000,0,0,0,1,0,0,0,0
5.871603000,0,0,0,0,0,0,0,0
5.871620000,0,0,0,1,0,0,0,0
5.871629000,0,0,0,0,0,0,0,0
5.871637000,0,0,0,1,0,0,0,0
5.871646000,0,0,0,0,0,0,0,0
5.871655000,0,0,0,1,0,0,0,0
5.871664000,0,0,0,0,0,0,0,0
5.871681000,0,0,0,1,0,0,0,0
5.871690000,0,0,0,0,0,0,0,0
5.871707000,0,0,0,1,0,0,0,0
5.871716000,0,0,0,0,0,0,0,0
5.871724000,0,0,0,1,0,0,0,0
5.871733000,0,0,0,0,0,0,0,0
5.871750000,0,0,0,1,0,0,0,0
5.871776000,0,0,0,0,0,0,0,0
5.871794000,0,0,0,1,0,0,0,0
5.871803000,0,0,0,0,0,0,0,0
5.871811000,0,0,0,1,0,0,0,0
5.871820000,0,0,0,0,0,0,0,0
5.871846000,0,0,0,1,0,0,0,0
5.871855000,0,0,0,0,0,0,0,0
5.871881000,0,0,0,1,0,0,0,0
5.871889000,0,0,0,0,0,0,0,0
5.871898000,0,0,0,1,0,0,0,0
5.871907000,0,0,0,0,0,0,0,0
5.871915000,0,0,0,1,0,0,0,0
5.871942000,0,0,0,0,0,0,0,0
5.871968000,0,0,0,1,0,0,0,0
5.871976000,0,0,0,0,0,0,0,0
5.871985000,0,0,0,1,0,0,0,0
5.871994000,0,0,0,0,0,0,0,0
5.872002000,0,0,0,1,0,0,0,0
5.872011000,0,0,0,0,0,0,0,0
5.872054000,0,0,0,1,0,0,0,0
5.872063000,0,0,0,0,0,0,0,0
5.872072000,0,0,0,1,0,0,0,0
5.872081000,0,0,0,0,0,0,0,0
5.872098000,0,0,0,1,0,0,0,0
5.872107000,0,0,0,0,0,0,0,0
5.872124000,0,0,0,1,0,0,0,0
5.872133000,0,0,0,0,0,0,0,0
5.872141000,0,0,0,1,0,0,0,0
5.872150000,0,0,0,0,0,0,0,0
5.872159000,0,0,0,1,0,0,0,0
5.872167000,0,0,0,0,0,0,0,0
5.872193000,0,0,0,1,0,0,0,0
5.872202000,0,0,0,0,0,0,0,0
5.872228000,0,0,0,1,0,0,0,0
5.872237000,0,0,0,0,0,0,0,0
5.872246000,0,0,0,1,0,0,0,0
5.872254000,0,0,0,0,0,0,0,0
5.872263000,0,0,0,1,0,0,0,0
5.872272000,0,0,0,0,0,0,0,0
5.872280000,0,0,0,1,0,0,0,0
5.872298000,0,0,0,0,0,0,0,0
5.872306000,0,0,0,1,0,0,0,0
5.872315000,0,0,0,0,0,0,0,0
5.872332000,0,0,0,1,0,0,0,0
5.872341000,0,0,0,0,0,0,0,0
5.872350000,0,0,0,1,0,0,0,0
5.872376000,0,0,0,0,0,0,0,0
5.872402000,0,0,0,1,0,0,0,0
5.872411000,0,0,0,0,0,0,0,0
5.872419000,0,0,0,1,0,0,0,0
5.872428000,0,0,0,0,0,0,0,0
5.872471000,0,0,0,1,0,0,0,0
5.872480000,0,0,0,0,0,0,0,0
5.872489000,0,0,0,1,0,0,0,0
5.872498000,0,0,0,0,0,0,0,0
5.872506000,0,0,0,1,0,0,0,0
5.872515000,0,0,0,0,0,0,0,0
5.872524000,0,0,0,1,0,0,0,0
5.872532000,0,0,0,0,0,0,0,0
5.872550000,0,0,0,1,0,0,0,0
5.872558000,0,0,0,0,0,0,0,0
5.872576000,0,0,0,1,0,0,0,0
5.872584000,0,0,0,0,0,0,0,0
5.872593000,0,0,0,1,0,0,0,0
5.872602000,0,0,0,0,0,0,0,0
5.872610000,0,0,0,1,0,0,0,0
5.872645000,0,0,0,0,0,0,0,0
5.872663000,0,0,0,1,0,0,0,0
5.872671000,0,0,0,0,0,0,0,0
5.872680000,0,0,0,1,0,0,0,0
5.872689000,0,0,0,0,0,0,0,0
5.872697000,0,0,0,1,0,0,0,0
5.872706000,0,0,0,0,0,0,0,0
5.872715000,0,0,0,1,0,0,0,0
5.872732000,0,0,0,0,0,0,0,0
5.872741000,0,0,0,1,0,0,0,0
5.872749000,0,0,0,0,0,0,0,0
5.872767000,0,0,0,1,0,0,0,0
5.872776000,0,0,0,0,0,0,0,0
5.872802000,0,0,0,1,0,0,0,0
5.872819000,0,0,0,0,0,0,0,0
5.872836000,0,0,0,1,0,0,0,0
5.872845000,0,0,0,0,0,0,0,0
5.872854000,0,0,0,1,0,0,0,0
5.872862000,0,0,0,0,0,0,0,0
5.872871000,0,0,0,1,0,0,0,0
5.872906000,0,0,0,0,0,0,0,0
5.872923000,0,0,0,1,0,0,0,0
5.872932000,0,0,0,0,0,0,0,0
5.872941000,0,0,0,1,0,0,0,0
5.872949000,0,0,0,0,0,0,0,0
5.872958000,0,0,0,1,0,0,0,0
5.872993000,0,0,0,0,0,0,0,0
5.873010000,0,0,0,1,0,0,0,0
5.873019000,0,0,0,0,0,0,0,0
5.873027000,0,0,0,1,0,0,0,0
5.873036000,0,0,0,0,0,0,0,0
5.873080000,0,0,0,1,0,0,0,0
5.873088000,0,0,0,0,0,0,0,0
5.873097000,0,0,0,1,0,0,0,0
5.873106000,0,0,0,0,0,0,0,0
5.873114000,0,0,0,1,0,0,0,0
5.873123000,0,0,0,0,0,0,0,0
5.873140000,0,0,0,1,0,0,0,0
5.873149000,0,0,0,0,0,0,0,0
5.873184000,0,0,0,1,0,0,0,0
5.873192000,0,0,0,0,0,0,0,0
5.873201000,0,0,0,1,0,0,0,0
5.873210000,0,0,0,0,0,0,0,0
5.873219000,0,0,0,1,0,0,0,0
5.873227000,0,0,0,0,0,0,0,0
5.873271000,0,0,0,1,0,0,0,0
5.873279000,0,0,0,0,0,0,0,0
5.873288000,0,0,0,1,0,0,0,0
5.873297000,0,0,0,0,0,0,0,0
5.873305000,0,0,0,1,0,0,0,0
5.873323000,0,0,0,0,0,0,0,0
5.873358000,0,0,0,1,0,0,0,0
5.873366000,0,0,0,0,0,0,0,0
5.873375000,0,0,0,1,0,0,0,0
5.873384000,0,0,0,0,0,0,0,0
5.873392000,0,0,0,1,0,0,0,0
5.873410000,0,0,0,0,0,0,0,0
5.873418000,0,0,0,1,0,0,0,0
5.873427000,0,0,0,0,0,0,0,0
5.873444000,0,0,0,1,0,0,0,0
5.873453000,0,0,0,0,0,0,0,0
5.873462000,0,0,0,1,0,0,0,0
5.873470000,0,0,0,0,0,0,0,0
5.873479000,0,0,0,1,0,0,0,0
5.873488000,0,0,0,0,0,0,0,0
5.873497000,0,0,0,1,0,0,0,0
5.873514000,0,0,0,0,0,0,0,0
5.873523000,0,0,0,1,0,0,0,0
5.873531000,0,0,0,0,0,0,0,0
5.873549000,0,0,0,1,0,0,0,0
5.873557000,0,0,0,0,0,0,0,0
5.873601000,0,0,0,1,0,0,0,0
5.873618000,0,0,0,0,0,0,0,0
5.873636000,0,0,0,1,0,0,0,0
5.873644000,0,0,0,0,0,0,0,0
5.873653000,0,0,0,1,0,0,0,0
5.873662000,0,0,0,0,0,0,0,0
5.873688000,0,0,0,1,0,0,0,0
5.873705000,0,0,0,0,0,0,0,0
5.873722000,0,0,0,1,0,0,0,0
5.873731000,0,0,0,0,0,0,0,0
5.873748000,0,0,0,1,0,0,0,0
5.873757000,0,0,0,0,0,0,0,0
5.873775000,0,0,0,1,0,0,0,0
5.873792000,0,0,0,0,0,0,0,0
5.873809000,0,0,0,1,0,0,0,0
5.873818000,0,0,0,0,0,0,0,0
5.873827000,0,0,0,1,0,0,0,0
5.873844000,0,0,0,0,0,0,0,0
5.873861000,0,0,0,1,0,0,0,0
5.873879000,0,0,0,0,0,0,0,0
5.873896000,0,0,0,1,0,0,0,0
5.873905000,0,0,0,0,0,0,0,0
5.873931000,0,0,0,1,0,0,0,0
5.873940000,0,0,0,0,0,0,0,0
5.873948000,0,0,0,1,0,0,0,0
5.873966000,0,0,0,0,0,0,0,0
5.873983000,0,0,0,1,0,0,0,0
5.873992000,0,0,0,0,0,0,0,0
5.874000000,0,0,0,1,0,0,0,0
5.874009000,0,0,0,0,0,0,0,0
5.874018000,0,0,0,1,0,0,0,0
5.874026000,0,0,0,0,0,0,0,0
5.874035000,0,0,0,1,0,0,0,0
5.874053000,0,0,0,0,0,0,0,0
5.874070000,0,0,0,1,0,0,0,0
5.874079000,0,0,0,0,0,0,0,0
5.874096000,0,0,0,1,0,0,0,0
5.874113000,0,0,0,0,0,0,0,0
5.874122000,0,0,0,1,0,0,0,0
5.874139000,0,0,0,0,0,0,0,0
5.874157000,0,0,0,1,0,0,0,0
5.874165000,0,0,0,0,0,0,0,0
5.874174000,0,0,0,1,0,0,0,0
5.874200000,0,0,0,0,0,0,0,0
5.874209000,0,0,0,1,0,0,0,0
5.874226000,0,0,0,0,0,0,0,0
5.874244000,0,0,0,1,0,0,0,0
5.874252000,0,0,0,0,0,0,0,0
5.874287000,0,0,0,1,0,0,0,0
5.874313000,0,0,0,0,0,0,0,0
5.874331000,0,0,0,1,0,0,0,0
5.874339000,0,0,0,0,0,0,0,0
5.874348000,0,0,0,1,0,0,0,0
5.874357000,0,0,0,0,0,0,0,0
5.874374000,0,0,0,1,0,0,0,0
5.874400000,0,0,0,0,0,0,0,0
5.874417000,0,0,0,1,0,0,0,0
6.079556000,0,0,0,0,0,0,0,0
6.079565000,0,0,0,1,0,0,0,0
6.079574000,0,0,0,0,0,0,0,0
6.079583000,0,0,0,1,0,0,0,0
6.079600000,0,0,0,0,0,0,0,0
6.079617000,0,0,0,1,0,0,0,0
6.079626000,0,0,0,0,0,0,0,0
6.079635000,0,0,0,1,0,0,0,0
6.079643000,0,0,0,0,0,0,0,0
6.079652000,0,0,0,1,0,0,0,0
6.079661000,0,0,0,0,0,0,0,0
6.079678000,0,0,0,1,0,0,0,0
6.079687000,0,0,0,0,0,0,0,0
6.079704000,0,0,0,1,0,0,0,0
6.079713000,0,0,0,0,0,0,0,0
6.079722000,0,0,0,1,0,0,0,0
6.079730000,0,0,0,0,0,0,0,0
6.079748000,0,0,0,1,0,0,0,0
6.079774000,0,0,0,0,0,0,0,0
6.079791000,0,0,0,1,0,0,0,0
6.079800000,0,0,0,0,0,0,0,0
6.079808000,0,0,0,1,0,0,0,0
6.079817000,0,0,0,0,0,0,0,0
6.079843000,0,0,0,1,0,0,0,0
6.079852000,0,0,0,0,0,0,0,0
6.079878000,0,0,0,1,0,0,0,0
6.079887000,0,0,0,0,0,0,0,0
6.079895000,0,0,0,1,0,0,0,0
6.079904000,0,0,0,0,0,0,0,0
6.079913000,0,0,0,1,0,0,0,0
6.079939000,0,0,0,0,0,0,0,0
6.079965000,0,0,0,1,0,0,0,0
6.079973000,0,0,0,0,0,0,0,0
6.079982000,0,0,0,1,0,0,0,0
6.079991000,0,0,0,0,0,0,0,0
6.080000000,0,0,0,1,0,0,0,0
6.080008000,0,0,0,0,0,0,0,0
6.080052000,0,0,0,1,0,0,0,0
6.080060000,0,0,0,0,0,0,0,0
6.080069000,0,0,0,1,0,0,0,0
6.080078000,0,0,0,0,0,0,0,0
6.080095000,0,0,0,1,0,0,0,0
6.080104000,0,0,0,0,0,0,0,0
6.080121000,0,0,0,1,0,0,0,0
6.080130000,0,0,0,0,0,0,0,0
6.080139000,0,0,0,1,0,0,0,0
6.080147000,0,0,0,0,0,0,0,0
6.080156000,0,0,0,1,0,0,0,0
6.080165000,0,0,0,0,0,0,0,0
6.080191000,0,0,0,1,0,0,0,0
6.080199000,0,0,0,0,0,0,0,0
6.080225000,0,0,0,1,0,0,0,0
6.080234000,0,0,0,0,0,0,0,0
6.080243000,0,0,0,1,0,0,0,0
6.080251000,0,0,0,0,0,0,0,0
6.080260000,0,0,0,1,0,0,0,0
6.080269000,0,0,0,0,0,0,0,0
6.080277000,0,0,0,1,0,0,0,0
6.080295000,0,0,0,0,0,0,0,0
6.080304000,0,0,0,1,0,0,0,0
6.080312000,0,0,0,0,0,0,0,0
6.080330000,0,0,0,1,0,0,0,0
6.080338000,0,0,0,0,0,0,0,0
6.080347000,0,0,0,1,0,0,0,0
6.080373000,0,0,0,0,0,0,0,0
6.080399000,0,0,0,1,0,0,0,0
6.080408000,0,0,0,0,0,0,0,0
6.080416000,0,0,0,1,0,0,0,0
6.080425000,0,0,0,0,0,0,0,0
6.080469000,0,0,0,1,0,0,0,0
6.080477000,0,0,0,0,0,0,0,0
6.080486000,0,0,0,1,0,0,0,0
6.080495000,0,0,0,0,0,0,0,0
6.080503000,0,0,0,1,0,0,0,0
6.080512000,0,0,0,0,0,0,0,0
6.080521000,0,0,0,1,0,0,0,0
6.080529000,0,0,0,0,0,0,0,0
6.080547000,0,0,0,1,0,0,0,0
6.080556000,0,0,0,0,0,0,0,0
6.080573000,0,0,0,1,0,0,0,0
6.080582000,0,0,0,0,0,0,0,0
6.080590000,0,0,0,1,0,0,0,0
6.080599000,0,0,0,0,0,0,0,0
6.080608000,0,0,0,1,0,0,0,0
6.080642000,0,0,0,0,0,0,0,0
6.080660000,0,0,0,1,0,0,0,0
6.080668000,0,0,0,0,0,0,0,0
6.080677000,0,0,0,1,0,0,0,0
6.080686000,0,0,0,0,0,0,0,0
6.080694000,0,0,0,1,0,0,0,0
6.080703000,0,0,0,0,0,0,0,0
6.080712000,0,0,0,1,0,0,0,0
6.080729000,0,0,0,0,0,0,0,0
6.080738000,0,0,0,1,0,0,0,0
6.080747000,0,0,0,0,0,0,0,0
6.080764000,0,0,0,1,0,0,0,0
6.080773000,0,0,0,0,0,0,0,0
6.080799000,0,0,0,1,0,0,0,0
6.080816000,0,0,0,0,0,0,0,0
6.080833000,0,0,0,1,0,0,0,0
6.080842000,0,0,0,0,0,0,0,0
6.080851000,0,0,0,1,0,0,0,0
6.080860000,0,0,0,0,0,0,0,0
6.080868000,0,0,0,1,0,0,0,0
6.080903000,0,0,0,0,0,0,0,0
6.080920000,0,0,0,1,0,0,0,0
6.080929000,0,0,0,0,0,0,0,0
6.080938000,0,0,0,1,0,0,0,0
6.080946000,0,0,0,0,0,0,0,0
6.080955000,0,0,0,1,0,0,0,0
6.080990000,0,0,0,0,0,0,0,0
6.081007000,0,0,0,1,0,0,0,0
6.081016000,0,0,0,0,0,0,0,0
6.081025000,0,0,0,1,0,0,0,0
6.081033000,0,0,0,0,0,0,0,0
6.081077000,0,0,0,1,0,0,0,0
6.081085000,0,0,0,0,0,0,0,0
6.081094000,0,0,0,1,0,0,0,0
6.081103000,0,0,0,0,0,0,0,0
6.081111000,0,0,0,1,0,0,0,0
6.081120000,0,0,0,0,0,0,0,0
6.081138000,0,0,0,1,0,0,0,0
6.081146000,0,0,0,0,0,0,0,0
6.081181000,0,0,0,1,0,0,0,0
6.081190000,0,0,0,0,0,0,0,0
6.081198000,0,0,0,1,0,0,0,0
6.081207000,0,0,0,0,0,0,0,0
6.081216000,0,0,0,1,0,0,0,0
6.081224000,0,0,0,0,0,0,0,0
6.081268000,0,0,0,1,0,0,0,0
6.081277000,0,0,0,0,0,0,0,0
6.081285000,0,0,0,1,0,0,0,0
6.081294000,0,0,0,0,0,0,0,0
6.081303000,0,0,0,1,0,0,0,0
6.081320000,0,0,0,0,0,0,0,0
6.081355000,0,0,0,1,0,0,0,0
6.081363000,0,0,0,0,0,0,0,0
6.081372000,0,0,0,1,0,0,0,0
6.081381000,0,0,0,0,0,0,0,0
6.081389000,0,0,0,1,0,0,0,0
6.081407000,0,0,0,0,0,0,0,0
6.081416000,0,0,0,1,0,0,0,0
6.081424000,0,0,0,0,0,0,0,0
6.081442000,0,0,0,1,0,0,0,0
6.081450000,0,0,0,0,0,0,0,0
6.081459000,0,0,0,1,0,0,0,0
6.081468000,0,0,0,0,0,0,0,0
6.081476000,0,0,0,1,0,0,0,0
6.081485000,0,0,0,0,0,0,0,0
6.081494000,0,0,0,1,0,0,0,0
6.081511000,0,0,0,0,0,0,0,0
6.081520000,0,0,0,1,0,0,0,0
6.081528000,0,0,0,0,0,0,0,0
6.081546000,0,0,0,1,0,0,0,0
6.081555000,0,0,0,0,0,0,0,0
6.081598000,0,0,0,1,0,0,0,0
6.081615000,0,0,0,0,0,0,0,0
6.081633000,0,0,0,1,0,0,0,0
6.081641000,0,0,0,0,0,0,0,0
6.081650000,0,0,0,1,0,0,0,0
6.081659000,0,0,0,0,0,0,0,0
6.081685000,0,0,0,1,0,0,0,0
6.081702000,0,0,0,0,0,0,0,0
6.081720000,0,0,0,1,0,0,0,0
6.081728000,0,0,0,0,0,0,0,0
6.081746000,0,0,0,1,0,0,0,0
6.081754000,0,0,0,0,0,0,0,0
6.081772000,0,0,0,1,0,0,0,0
6.081789000,0,0,0,0,0,0,0,0
6.081806000,0,0,0,1,0,0,0,0
6.081815000,0,0,0,0,0,0,0,0
6.081824000,0,0,0,1,0,0,0,0
6.081841000,0,0,0,0,0,0,0,0
6.081859000,0,0,0,1,0,0,0,0
6.081876000,0,0,0,0,0,0,0,0
6.081893000,0,0,0,1,0,0,0,0
6.081902000,0,0,0,0,0,0,0,0
6.081928000,0,0,0,1,0,0,0,0
6.081937000,0,0,0,0,0,0,0,0
6.081945000,0,0,0,1,0,0,0,0
6.081963000,0,0,0,0,0,0,0,0
6.081980000,0,0,0,1,0,0,0,0
6.081989000,0,0,0,0,0,0,0,0
6.081998000,0,0,0,1,0,0,0,0
6.082006000,0,0,0,0,0,0,0,0
6.082015000,0,0,0,1,0,0,0,0
6.082024000,0,0,0,0,0,0,0,0
6.082032000,0,0,0,1,0,0,0,0
6.082050000,0,0,0,0,0,0,0,0
6.082067000,0,0,0,1,0,0,0,0
6.082076000,0,0,0,0,0,0,0,0
6.082093000,0,0,0,1,0,0,0,0
6.082111000,0,0,0,0,0,0,0,0
6.082119000,0,0,0,1,0,0,0,0
6.082137000,0,0,0,0,0,0,0,0
6.082154000,0,0,0,1,0,0,0,0
6.082163000,0,0,0,0,0,0,0,0
6.082171000,0,0,0,1,0,0,0,0
6.082197000,0,0,0,0,0,0,0,0
6.082206000,0,0,0,1,0,0,0,0
6.082223000,0,0,0,0,0,0,0,0
6.082241000,0,0,0,1,0,0,0,0
6.082250000,0,0,0,0,0,0,0,0
6.082284000,0,0,0,1,0,0,0,0
6.082310000,0,0,0,0,0,0,0,0
6.082328000,0,0,0,1,0,0,0,0
6.082336000,0,0,0,0,0,0,0,0
6.082345000,0,0,0,1,0,0,0,0
6.082354000,0,0,0,0,0,0,0,0
6.082371000,0,0,0,1,0,0,0,0
6.082397000,0,0,0,0,0,0,0,0
6.082415000,0,0,0,1,0,0,0,0
6.280554000,0,0,0,0,0,0,0,0
6.280562000,0,0,0,1,0,0,0,0
6.280571000,0,0,0,0,0,0,0,0
6.280580000,0,0,0,1,0,0,0,0
6.280597000,0,0,0,0,0,0,0,0
6.280615000,0,0,0,1,0,0,0,0
6.280623000,0,0,0,0,0,0,0,0
6.280632000,0,0,0,1,0,0,0,0
6.280641000,0,0,0,0,0,0,0,0
6.280649000,0,0,0,1,0,0,0,0
6.280658000,0,0,0,0,0,0,0,0
6.280675000,0,0,0,1,0,0,0,0
6.280684000,0,0,0,0,0,0,0,0
6.280701000,0,0,0,1,0,0,0,0
6.280710000,0,0,0,0,0,0,0,0
6.280719000,0,0,0,1,0,0,0,0
6.280728000,0,0,0,0,0,0,0,0
6.280745000,0,0,0,1,0,0,0,0
6.280771000,0,0,0,0,0,0,0,0
6.280788000,0,0,0,1,0,0,0,0
6.280797000,0,0,0,0,0,0,0,0
6.280806000,0,0,0,1,0,0,0,0
6.280814000,0,0,0,0,0,0,0,0
6.280840000,0,0,0,1,0,0,0,0
6.280849000,0,0,0,0,0,0,0,0
6.280875000,0,0,0,1,0,0,0,0
6.280884000,0,0,0,0,0,0,0,0
6.280893000,0,0,0,1,0,0,0,0
6.280901000,0,0,0,0,0,0,0,0
6.280910000,0,0,0,1,0,0,0,0
6.280936000,0,0,0,0,0,0,0,0
6.280962000,0,0,0,1,0,0,0,0
6.280971000,0,0,0,0,0,0,0,0
6.280979000,0,0,0,1,0,0,0,0
6.280988000,0,0,0,0,0,0,0,0
6.280997000,0,0,0,1,0,0,0,0
6.281006000,0,0,0,0,0,0,0,0
6.281049000,0,0,0,1,0,0,0,0
6.281058000,0,0,0,0,0,0,0,0
6.281066000,0,0,0,1,0,0,0,0
6.281075000,0,0,0,0,0,0,0,0
6.281092000,0,0,0,1,0,0,0,0
6.281101000,0,0,0,0,0,0,0,0
6.281118000,0,0,0,1,0,0,0,0
6.281127000,0,0,0,0,0,0,0,0
6.281136000,0,0,0,1,0,0,0,0
6.281145000,0,0,0,0,0,0,0,0
6.281153000,0,0,0,1,0,0,0,0
6.281162000,0,0,0,0,0,0,0,0
6.281188000,0,0,0,1,0,0,0,0
6.281197000,0,0,0,0,0,0,0,0
6.281223000,0,0,0,1,0,0,0,0
6.281231000,0,0,0,0,0,0,0,0
6.281240000,0,0,0,1,0,0,0,0
6.281249000,0,0,0,0,0,0,0,0
6.281257000,0,0,0,1,0,0,0,0
6.281266000,0,0,0,0,0,0,0,0
6.281275000,0,0,0,1,0,0,0,0
6.281292000,0,0,0,0,0,0,0,0
6.281301000,0,0,0,1,0,0,0,0
6.281310000,0,0,0,0,0,0,0,0
6.281327000,0,0,0,1,0,0,0,0
6.281336000,0,0,0,0,0,0,0,0
6.281344000,0,0,0,1,0,0,0,0
6.281370000,0,0,0,0,0,0,0,0
6.281396000,0,0,0,1,0,0,0,0
6.281405000,0,0,0,0,0,0,0,0
6.281414000,0,0,0,1,0,0,0,0
6.281422000,0,0,0,0,0,0,0,0
6.281466000,0,0,0,1,0,0,0,0
6.281475000,0,0,0,0,0,0,0,0
6.281483000,0,0,0,1,0,0,0,0
6.281492000,0,0,0,0,0,0,0,0
6.281501000,0,0,0,1,0,0,0,0
6.281509000,0,0,0,0,0,0,0,0
6.281518000,0,0,0,1,0,0,0,0
6.281527000,0,0,0,0,0,0,0,0
6.281544000,0,0,0,1,0,0,0,0
6.281553000,0,0,0,0,0,0,0,0
6.281570000,0,0,0,1,0,0,0,0
6.281579000,0,0,0,0,0,0,0,0
6.281588000,0,0,0,1,0,0,0,0
6.281596000,0,0,0,0,0,0,0,0
6.281605000,0,0,0,1,0,0,0,0
6.281640000,0,0,0,0,0,0,0,0
6.281657000,0,0,0,1,0,0,0,0
6.281666000,0,0,0,0,0,0,0,0
6.281674000,0,0,0,1,0,0,0,0
6.281683000,0,0,0,0,0,0,0,0
6.281692000,0,0,0,1,0,0,0,0
6.281700000,0,0,0,0,0,0,0,0
6.281709000,0,0,0,1,0,0,0,0
6.281727000,0,0,0,0,0,0,0,0
6.281735000,0,0,0,1,0,0,0,0
6.281744000,0,0,0,0,0,0,0,0
6.281761000,0,0,0,1,0,0,0,0
6.281770000,0,0,0,0,0,0,0,0
6.281796000,0,0,0,1,0,0,0,0
6.281813000,0,0,0,0,0,0,0,0
6.281831000,0,0,0,1,0,0,0,0
6.281839000,0,0,0,0,0,0,0,0
6.281848000,0,0,0,1,0,0,0,0
6.281857000,0,0,0,0,0,0,0,0
6.281866000,0,0,0,1,0,0,0,0
6.281900000,0,0,0,0,0,0,0,0
6.281918000,0,0,0,1,0,0,0,0
6.281926000,0,0,0,0,0,0,0,0
6.281935000,0,0,0,1,0,0,0,0
6.281944000,0,0,0,0,0,0,0,0
6.281952000,0,0,0,1,0,0,0,0
6.281987000,0,0,0,0,0,0,0,0
6.282005000,0,0,0,1,0,0,0,0
6.282013000,0,0,0,0,0,0,0,0
6.282022000,0,0,0,1,0,0,0,0
6.282031000,0,0,0,0,0,0,0,0
6.282074000,0,0,0,1,0,0,0,0
6.282083000,0,0,0,0,0,0,0,0
6.282091000,0,0,0,1,0,0,0,0
6.282100000,0,0,0,0,0,0,0,0
6.282109000,0,0,0,1,0,0,0,0
6.282117000,0,0,0,0,0,0,0,0
6.282135000,0,0,0,1,0,0,0,0
6.282144000,0,0,0,0,0,0,0,0
6.282178000,0,0,0,1,0,0,0,0
6.282187000,0,0,0,0,0,0,0,0
6.282196000,0,0,0,1,0,0,0,0
6.282204000,0,0,0,0,0,0,0,0
6.282213000,0,0,0,1,0,0,0,0
6.282222000,0,0,0,0,0,0,0,0
6.282265000,0,0,0,1,0,0,0,0
6.282274000,0,0,0,0,0,0,0,0
6.282283000,0,0,0,1,0,0,0,0
6.282291000,0,0,0,0,0,0,0,0
6.282300000,0,0,0,1,0,0,0,0
6.282317000,0,0,0,0,0,0,0,0
6.282352000,0,0,0,1,0,0,0,0
6.282361000,0,0,0,0,0,0,0,0
6.282369000,0,0,0,1,0,0,0,0
6.282378000,0,0,0,0,0,0,0,0
6.282387000,0,0,0,1,0,0,0,0
6.282404000,0,0,0,0,0,0,0,0
6.282413000,0,0,0,1,0,0,0,0
6.282422000,0,0,0,0,0,0,0,0
6.282439000,0,0,0,1,0,0,0,0
6.282448000,0,0,0,0,0,0,0,0
6.282456000,0,0,0,1,0,0,0,0
6.282465000,0,0,0,0,0,0,0,0
6.282474000,0,0,0,1,0,0,0,0
6.282482000,0,0,0,0,0,0,0,0
6.282491000,0,0,0,1,0,0,0,0
6.282508000,0,0,0,0,0,0,0,0
6.282517000,0,0,0,1,0,0,0,0
6.282526000,0,0,0,0,0,0,0,0
6.282543000,0,0,0,1,0,0,0,0
6.282552000,0,0,0,0,0,0,0,0
6.282595000,0,0,0,1,0,0,0,0
6.282613000,0,0,0,0,0,0,0,0
6.282630000,0,0,0,1,0,0,0,0
6.282639000,0,0,0,0,0,0,0,0
6.282647000,0,0,0,1,0,0,0,0
6.282656000,0,0,0,0,0,0,0,0
6.282682000,0,0,0,1,0,0,0,0
6.282700000,0,0,0,0,0,0,0,0
6.282717000,0,0,0,1,0,0,0,0
6.282726000,0,0,0,0,0,0,0,0
6.282743000,0,0,0,1,0,0,0,0
6.282752000,0,0,0,0,0,0,0,0
6.282769000,0,0,0,1,0,0,0,0
6.282786000,0,0,0,0,0,0,0,0
6.282804000,0,0,0,1,0,0,0,0
6.282812000,0,0,0,0,0,0,0,0
6.282821000,0,0,0,1,0,0,0,0
6.282839000,0,0,0,0,0,0,0,0
6.282856000,0,0,0,1,0,0,0,0
6.282873000,0,0,0,0,0,0,0,0
6.282891000,0,0,0,1,0,0,0,0
6.282899000,0,0,0,0,0,0,0,0
6.282925000,0,0,0,1,0,0,0,0
6.282934000,0,0,0,0,0,0,0,0
6.282943000,0,0,0,1,0,0,0,0
6.282960000,0,0,0,0,0,0,0,0
6.282978000,0,0,0,1,0,0,0,0
6.282986000,0,0,0,0,0,0,0,0
6.282995000,0,0,0,1,0,0,0,0
6.283004000,0,0,0,0,0,0,0,0
6.283012000,0,0,0,1,0,0,0,0
6.283021000,0,0,0,0,0,0,0,0
6.283030000,0,0,0,1,0,0,0,0
6.283047000,0,0,0,0,0,0,0,0
6.283064000,0,0,0,1,0,0,0,0
6.283073000,0,0,0,0,0,0,0,0
6.283090000,0,0,0,1,0,0,0,0
6.283108000,0,0,0,0,0,0,0,0
6.283117000,0,0,0,1,0,0,0,0
6.283134000,0,0,0,0,0,0,0,0
6.283151000,0,0,0,1,0,0,0,0
6.283160000,0,0,0,0,0,0,0,0
6.283169000,0,0,0,1,0,0,0,0
6.283195000,0,0,0,0,0,0,0,0
6.283203000,0,0,0,1,0,0,0,0
6.283221000,0,0,0,0,0,0,0,0
6.283238000,0,0,0,1,0,0,0,0
6.283247000,0,0,0,0,0,0,0,0
6.283282000,0,0,0,1,0,0,0,0
6.283308000,0,0,0,0,0,0,0,0
6.283325000,0,0,0,1,0,0,0,0
6.283334000,0,0,0,0,0,0,0,0
6.283342000,0,0,0,1,0,0,0,0
6.283351000,0,0,0,0,0,0,0,0
6.283368000,0,0,0,1,0,0,0,0
6.283395000,0,0,0,0,0,0,0,0
6.283412000,0,0,0,1,0,0,0,0
6.480551000,0,0,0,0,0,0,0,0
6.480560000,0,0,0,1,0,0,0,0
6.480568000,0,0,0,0,0,0,0,0
6.480577000,0,0,0,1,0,0,0,0
6.480595000,0,0,0,0,0,0,0,0
6.480612000,0,0,0,1,0,0,0,0
6.480621000,0,0,0,0,0,0,0,0
6.480629000,0,0,0,1,0,0,0,0
6.480638000,0,0,0,0,0,0,0,0
6.480647000,0,0,0,1,0,0,0,0
6.480655000,0,0,0,0,0,0,0,0
6.480673000,0,0,0,1,0,0,0,0
6.480681000,0,0,0,0,0,0,0,0
6.480699000,0,0,0,1,0,0,0,0
6.480707000,0,0,0,0,0,0,0,0
6.480716000,0,0,0,1,0,0,0,0
6.480725000,0,0,0,0,0,0,0,0
6.480742000,0,0,0,1,0,0,0,0
6.480768000,0,0,0,0,0,0,0,0
6.480786000,0,0,0,1,0,0,0,0
6.480794000,0,0,0,0,0,0,0,0
6.480803000,0,0,0,1,0,0,0,0
6.480812000,0,0,0,0,0,0,0,0
6.480838000,0,0,0,1,0,0,0,0
6.480846000,0,0,0,0,0,0,0,0
6.480872000,0,0,0,1,0,0,0,0
6.480881000,0,0,0,0,0,0,0,0
6.480890000,0,0,0,1,0,0,0,0
6.480899000,0,0,0,0,0,0,0,0
6.480907000,0,0,0,1,0,0,0,0
6.480933000,0,0,0,0,0,0,0,0
6.480959000,0,0,0,1,0,0,0,0
6.480968000,0,0,0,0,0,0,0,0
6.480977000,0,0,0,1,0,0,0,0
6.480985000,0,0,0,0,0,0,0,0
6.480994000,0,0,0,1,0,0,0,0
6.481003000,0,0,0,0,0,0,0,0
6.481046000,0,0,0,1,0,0,0,0
6.481055000,0,0,0,0,0,0,0,0
6.481064000,0,0,0,1,0,0,0,0
6.481072000,0,0,0,0,0,0,0,0
6.481090000,0,0,0,1,0,0,0,0
6.481098000,0,0,0,0,0,0,0,0
6.481116000,0,0,0,1,0,0,0,0
6.481124000,0,0,0,0,0,0,0,0
6.481133000,0,0,0,1,0,0,0,0
6.481142000,0,0,0,0,0,0,0,0
6.481150000,0,0,0,1,0,0,0,0
6.481159000,0,0,0,0,0,0,0,0
6.481185000,0,0,0,1,0,0,0,0
6.481194000,0,0,0,0,0,0,0,0
6.481220000,0,0,0,1,0,0,0,0
6.481229000,0,0,0,0,0,0,0,0
6.481237000,0,0,0,1,0,0,0,0
6.481246000,0,0,0,0,0,0,0,0
6.481255000,0,0,0,1,0,0,0,0
6.481263000,0,0,0,0,0,0,0,0
6.481272000,0,0,0,1,0,0,0,0
6.481289000,0,0,0,0,0,0,0,0
6.481298000,0,0,0,1,0,0,0,0
6.481307000,0,0,0,0,0,0,0,0
6.481324000,0,0,0,1,0,0,0,0
6.481333000,0,0,0,0,0,0,0,0
6.481342000,0,0,0,1,0,0,0,0
6.481368000,0,0,0,0,0,0,0,0
6.481394000,0,0,0,1,0,0,0,0
6.481402000,0,0,0,0,0,0,0,0
6.481411000,0,0,0,1,0,0,0,0
6.481420000,0,0,0,0,0,0,0,0
6.481463000,0,0,0,1,0,0,0,0
6.481472000,0,0,0,0,0,0,0,0
6.481481000,0,0,0,1,0,0,0,0
6.481489000,0,0,0,0,0,0,0,0
6.481498000,0,0,0,1,0,0,0,0
6.481507000,0,0,0,0,0,0,0,0
6.481515000,0,0,0,1,0,0,0,0
6.481524000,0,0,0,0,0,0,0,0
6.481541000,0,0,0,1,0,0,0,0
6.481550000,0,0,0,0,0,0,0,0
6.481567000,0,0,0,1,0,0,0,0
6.481576000,0,0,0,0,0,0,0,0
6.481585000,0,0,0,1,0,0,0,0
6.481594000,0,0,0,0,0,0,0,0
6.481602000,0,0,0,1,0,0,0,0
6.481637000,0,0,0,0,0,0,0,0
6.481654000,0,0,0,1,0,0,0,0
6.481663000,0,0,0,0,0,0,0,0
6.481672000,0,0,0,1,0,0,0,0
6.481680000,0,0,0,0,0,0,0,0
6.481689000,0,0,0,1,0,0,0,0
6.481698000,0,0,0,0,0,0,0,0
6.481706000,0,0,0,1,0,0,0,0
6.481724000,0,0,0,0,0,0,0,0
6.481733000,0,0,0,1,0,0,0,0
6.481741000,0,0,0,0,0,0,0,0
6.481759000,0,0,0,1,0,0,0,0
6.481767000,0,0,0,0,0,0,0,0
6.481793000,0,0,0,1,0,0,0,0
6.481811000,0,0,0,0,0,0,0,0
6.481828000,0,0,0,1,0,0,0,0
6.481837000,0,0,0,0,0,0,0,0
6.481845000,0,0,0,1,0,0,0,0
6.481854000,0,0,0,0,0,0,0,0
6.481863000,0,0,0,1,0,0,0,0
6.481898000,0,0,0,0,0,0,0,0
6.481915000,0,0,0,1,0,0,0,0
6.481924000,0,0,0,0,0,0,0,0
6.481932000,0,0,0,1,0,0,0,0
6.481941000,0,0,0,0,0,0,0,0
6.481950000,0,0,0,1,0,0,0,0
6.481984000,0,0,0,0,0,0,0,0
6.482002000,0,0,0,1,0,0,0,0
6.482011000,0,0,0,0,0,0,0,0
6.482019000,0,0,0,1,0,0,0,0
6.482028000,0,0,0,0,0,0,0,0
6.482071000,0,0,0,1,0,0,0,0
6.482080000,0,0,0,0,0,0,0,0
6.482089000,0,0,0,1,0,0,0,0
6.482097000,0,0,0,0,0,0,0,0
6.482106000,0,0,0,1,0,0,0,0
6.482115000,0,0,0,0,0,0,0,0
6.482132000,0,0,0,1,0,0,0,0
6.482141000,0,0,0,0,0,0,0,0
6.482176000,0,0,0,1,0,0,0,0
6.482184000,0,0,0,0,0,0,0,0
6.482193000,0,0,0,1,0,0,0,0
6.482202000,0,0,0,0,0,0,0,0
6.482210000,0,0,0,1,0,0,0,0
6.482219000,0,0,0,0,0,0,0,0
6.482262000,0,0,0,1,0,0,0,0
6.482271000,0,0,0,0,0,0,0,0
6.482280000,0,0,0,1,0,0,0,0
6.482289000,0,0,0,0,0,0,0,0
6.482297000,0,0,0,1,0,0,0,0
6.482315000,0,0,0,0,0,0,0,0
6.482349000,0,0,0,1,0,0,0,0
6.482358000,0,0,0,0,0,0,0,0
6.482367000,0,0,0,1,0,0,0,0
6.482375000,0,0,0,0,0,0,0,0
6.482384000,0,0,0,1,0,0,0,0
6.482401000,0,0,0,0,0,0,0,0
6.482410000,0,0,0,1,0,0,0,0
6.482419000,0,0,0,0,0,0,0,0
6.482436000,0,0,0,1,0,0,0,0
6.482445000,0,0,0,0,0,0,0,0
6.482454000,0,0,0,1,0,0,0,0
6.482462000,0,0,0,0,0,0,0,0
6.482471000,0,0,0,1,0,0,0,0
6.482480000,0,0,0,0,0,0,0,0
6.482488000,0,0,0,1,0,0,0,0
6.482506000,0,0,0,0,0,0,0,0
6.482514000,0,0,0,1,0,0,0,0
6.482523000,0,0,0,0,0,0,0,0
6.482540000,0,0,0,1,0,0,0,0
6.482549000,0,0,0,0,0,0,0,0
6.482593000,0,0,0,1,0,0,0,0
6.482610000,0,0,0,0,0,0,0,0
6.482627000,0,0,0,1,0,0,0,0
6.482636000,0,0,0,0,0,0,0,0
6.482645000,0,0,0,1,0,0,0,0
6.482653000,0,0,0,0,0,0,0,0
6.482679000,0,0,0,1,0,0,0,0
6.482697000,0,0,0,0,0,0,0,0
6.482714000,0,0,0,1,0,0,0,0
6.482723000,0,0,0,0,0,0,0,0
6.482740000,0,0,0,1,0,0,0,0
6.482749000,0,0,0,0,0,0,0,0
6.482766000,0,0,0,1,0,0,0,0
6.482784000,0,0,0,0,0,0,0,0
6.482801000,0,0,0,1,0,0,0,0
6.482810000,0,0,0,0,0,0,0,0
6.482818000,0,0,0,1,0,0,0,0
6.482836000,0,0,0,0,0,0,0,0
6.482853000,0,0,0,1,0,0,0,0
6.482871000,0,0,0,0,0,0,0,0
6.482888000,0,0,0,1,0,0,0,0
6.482897000,0,0,0,0,0,0,0,0
6.482923000,0,0,0,1,0,0,0,0
6.482931000,0,0,0,0,0,0,0,0
6.482940000,0,0,0,1,0,0,0,0
6.482957000,0,0,0,0,0,0,0,0
6.482975000,0,0,0,1,0,0,0,0
6.482984000,0,0,0,0,0,0,0,0
6.482992000,0,0,0,1,0,0,0,0
6.483001000,0,0,0,0,0,0,0,0
6.483010000,0,0,0,1,0,0,0,0
6.483018000,0,0,0,0,0,0,0,0
6.483027000,0,0,0,1,0,0,0,0
6.483044000,0,0,0,0,0,0,0,0
6.483062000,0,0,0,1,0,0,0,0
6.483070000,0,0,0,0,0,0,0,0
6.483088000,0,0,0,1,0,0,0,0
6.483105000,0,0,0,0,0,0,0,0
6.483114000,0,0,0,1,0,0,0,0
6.483131000,0,0,0,0,0,0,0,0
6.483149000,0,0,0,1,0,0,0,0
6.483157000,0,0,0,0,0,0,0,0
6.483166000,0,0,0,1,0,0,0,0
6.483192000,0,0,0,0,0,0,0,0
6.483201000,0,0,0,1,0,0,0,0
6.483218000,0,0,0,0,0,0,0,0
6.483235000,0,0,0,1,0,0,0,0
6.483244000,0,0,0,0,0,0,0,0
6.483279000,0,0,0,1,0,0,0,0
6.483305000,0,0,0,0,0,0,0,0
6.483322000,0,0,0,1,0,0,0,0
6.483331000,0,0,0,0,0,0,0,0
6.483340000,0,0,0,1,0,0,0,0
6.483348000,0,0,0,0,0,0,0,0
6.483366000,0,0,0,1,0,0,0,0
6.483392000,0,0,0,0,0,0,0,0
6.483409000,0,0,0,1,0,0,0,0
6.693548000,0,0,0,0,0,0,0,0
6.693557000,0,0,0,1,0,0,0,0
6.693566000,0,0,0,0,0,0,0,0
6.693574000,0,0,0,1,0,0,0,0
6.693592000,0,0,0,0,0,0,0,0
6.693609000,0,0,0,1,0,0,0,0
6.693618000,0,0,0,0,0,0,0,0
6.693626000,0,0,0,1,0,0,0,0
6.693635000,0,0,0,0,0,0,0,0
6.693644000,0,0,0,1,0,0,0,0
6.693652000,0,0,0,0,0,0,0,0
6.693670000,0,0,0,1,0,0,0,0
6.693679000,0,0,0,0,0,0,0,0
6.693696000,0,0,0,1,0,0,0,0
6.693705000,0,0,0,0,0,0,0,0
6.693713000,0,0,0,1,0,0,0,0
6.693722000,0,0,0,0,0,0,0,0
6.693739000,0,0,0,1,0,0,0,0
6.693765000,0,0,0,0,0,0,0,0
6.693783000,0,0,0,1,0,0,0,0
6.693791000,0,0,0,0,0,0,0,0
6.693800000,0,0,0,1,0,0,0,0
6.693809000,0,0,0,0,0,0,0,0
6.693835000,0,0,0,1,0,0,0,0
6.693844000,0,0,0,0,0,0,0,0
6.693870000,0,0,0,1,0,0,0,0
6.693878000,0,0,0,0,0,0,0,0
6.693887000,0,0,0,1,0,0,0,0
6.693896000,0,0,0,0,0,0,0,0
6.693904000,0,0,0,1,0,0,0,0
6.693930000,0,0,0,0,0,0,0,0
6.693957000,0,0,0,1,0,0,0,0
6.693965000,0,0,0,0,0,0,0,0
6.693974000,0,0,0,1,0,0,0,0
6.693983000,0,0,0,0,0,0,0,0
6.693991000,0,0,0,1,0,0,0,0
6.694000000,0,0,0,0,0,0,0,0
6.694043000,0,0,0,1,0,0,0,0
6.694052000,0,0,0,0,0,0,0,0
6.694061000,0,0,0,1,0,0,0,0
6.694069000,0,0,0,0,0,0,0,0
6.694087000,0,0,0,1,0,0,0,0
6.694096000,0,0,0,0,0,0,0,0
6.694113000,0,0,0,1,0,0,0,0
6.694122000,0,0,0,0,0,0,0,0
6.694130000,0,0,0,1,0,0,0,0
6.694139000,0,0,0,0,0,0,0,0
6.694148000,0,0,0,1,0,0,0,0
6.694156000,0,0,0,0,0,0,0,0
6.694182000,0,0,0,1,0,0,0,0
6.694191000,0,0,0,0,0,0,0,0
6.694217000,0,0,0,1,0,0,0,0
6.694226000,0,0,0,0,0,0,0,0
6.694235000,0,0,0,1,0,0,0,0
6.694243000,0,0,0,0,0,0,0,0
6.694252000,0,0,0,1,0,0,0,0
6.694261000,0,0,0,0,0,0,0,0
6.694269000,0,0,0,1,0,0,0,0
6.694287000,0,0,0,0,0,0,0,0
6.694295000,0,0,0,1,0,0,0,0
6.694304000,0,0,0,0,0,0,0,0
6.694321000,0,0,0,1,0,0,0,0
6.694330000,0,0,0,0,0,0,0,0
6.694339000,0,0,0,1,0,0,0,0
6.694365000,0,0,0,0,0,0,0,0
6.694391000,0,0,0,1,0,0,0,0
6.694400000,0,0,0,0,0,0,0,0
6.694408000,0,0,0,1,0,0,0,0
6.694417000,0,0,0,0,0,0,0,0
6.694460000,0,0,0,1,0,0,0,0
6.694469000,0,0,0,0,0,0,0,0
6.694478000,0,0,0,1,0,0,0,0
6.694486000,0,0,0,0,0,0,0,0
6.694495000,0,0,0,1,0,0,0,0
6.694504000,0,0,0,0,0,0,0,0
6.694513000,0,0,0,1,0,0,0,0
6.694521000,0,0,0,0,0,0,0,0
6.694539000,0,0,0,1,0,0,0,0
6.694547000,0,0,0,0,0,0,0,0
6.694565000,0,0,0,1,0,0,0,0
6.694573000,0,0,0,0,0,0,0,0
6.694582000,0,0,0,1,0,0,0,0
6.694591000,0,0,0,0,0,0,0,0
6.694599000,0,0,0,1,0,0,0,0
6.694634000,0,0,0,0,0,0,0,0
6.694652000,0,0,0,1,0,0,0,0
6.694660000,0,0,0,0,0,0,0,0
6.694669000,0,0,0,1,0,0,0,0
6.694678000,0,0,0,0,0,0,0,0
6.694686000,0,0,0,1,0,0,0,0
6.694695000,0,0,0,0,0,0,0,0
6.694704000,0,0,0,1,0,0,0,0
6.694721000,0,0,0,0,0,0,0,0
6.694730000,0,0,0,1,0,0,0,0
6.694738000,0,0,0,0,0,0,0,0
6.694756000,0,0,0,1,0,0,0,0
6.694764000,0,0,0,0,0,0,0,0
6.694791000,0,0,0,1,0,0,0,0
6.694808000,0,0,0,0,0,0,0,0
6.694825000,0,0,0,1,0,0,0,0
6.694834000,0,0,0,0,0,0,0,0
6.694843000,0,0,0,1,0,0,0,0
6.694851000,0,0,0,0,0,0,0,0
6.694860000,0,0,0,1,0,0,0,0
6.694895000,0,0,0,0,0,0,0,0
6.694912000,0,0,0,1,0,0,0,0
6.694921000,0,0,0,0,0,0,0,0
6.694930000,0,0,0,1,0,0,0,0
6.694938000,0,0,0,0,0,0,0,0
6.694947000,0,0,0,1,0,0,0,0
6.694982000,0,0,0,0,0,0,0,0
6.694999000,0,0,0,1,0,0,0,0
6.695008000,0,0,0,0,0,0,0,0
6.695016000,0,0,0,1,0,0,0,0
6.695025000,0,0,0,0,0,0,0,0
6.695069000,0,0,0,1,0,0,0,0
6.695077000,0,0,0,0,0,0,0,0
6.695086000,0,0,0,1,0,0,0,0
6.695095000,0,0,0,0,0,0,0,0
6.695103000,0,0,0,1,0,0,0,0
6.695112000,0,0,0,0,0,0,0,0
6.695129000,0,0,0,1,0,0,0,0
6.695138000,0,0,0,0,0,0,0,0
6.695173000,0,0,0,1,0,0,0,0
6.695181000,0,0,0,0,0,0,0,0
6.695190000,0,0,0,1,0,0,0,0
6.695199000,0,0,0,0,0,0,0,0
6.695208000,0,0,0,1,0,0,0,0
6.695216000,0,0,0,0,0,0,0,0
6.695260000,0,0,0,1,0,0,0,0
6.695268000,0,0,0,0,0,0,0,0
6.695277000,0,0,0,1,0,0,0,0
6.695286000,0,0,0,0,0,0,0,0
6.695294000,0,0,0,1,0,0,0,0
6.695312000,0,0,0,0,0,0,0,0
6.695347000,0,0,0,1,0,0,0,0
6.695355000,0,0,0,0,0,0,0,0
6.695364000,0,0,0,1,0,0,0,0
6.695373000,0,0,0,0,0,0,0,0
6.695381000,0,0,0,1,0,0,0,0
6.695399000,0,0,0,0,0,0,0,0
6.695407000,0,0,0,1,0,0,0,0
6.695416000,0,0,0,0,0,0,0,0
6.695433000,0,0,0,1,0,0,0,0
6.695442000,0,0,0,0,0,0,0,0
6.695451000,0,0,0,1,0,0,0,0
6.695459000,0,0,0,0,0,0,0,0
6.695468000,0,0,0,1,0,0,0,0
6.695477000,0,0,0,0,0,0,0,0
6.695486000,0,0,0,1,0,0,0,0
6.695503000,0,0,0,0,0,0,0,0
6.695512000,0,0,0,1,0,0,0,0
6.695520000,0,0,0,0,0,0,0,0
6.695538000,0,0,0,1,0,0,0,0
6.695546000,0,0,0,0,0,0,0,0
6.695590000,0,0,0,1,0,0,0,0
6.695607000,0,0,0,0,0,0,0,0
6.695625000,0,0,0,1,0,0,0,0
6.695633000,0,0,0,0,0,0,0,0
6.695642000,0,0,0,1,0,0,0,0
6.695651000,0,0,0,0,0,0,0,0
6.695677000,0,0,0,1,0,0,0,0
6.695694000,0,0,0,0,0,0,0,0
6.695711000,0,0,0,1,0,0,0,0
6.695720000,0,0,0,0,0,0,0,0
6.695737000,0,0,0,1,0,0,0,0
6.695746000,0,0,0,0,0,0,0,0
6.695764000,0,0,0,1,0,0,0,0
6.695781000,0,0,0,0,0,0,0,0
6.695798000,0,0,0,1,0,0,0,0
6.695807000,0,0,0,0,0,0,0,0
6.695816000,0,0,0,1,0,0,0,0
6.695833000,0,0,0,0,0,0,0,0
6.695850000,0,0,0,1,0,0,0,0
6.695868000,0,0,0,0,0,0,0,0
6.695885000,0,0,0,1,0,0,0,0
6.695894000,0,0,0,0,0,0,0,0
6.695920000,0,0,0,1,0,0,0,0
6.695929000,0,0,0,0,0,0,0,0
6.695937000,0,0,0,1,0,0,0,0
6.695955000,0,0,0,0,0,0,0,0
6.695972000,0,0,0,1,0,0,0,0
6.695981000,0,0,0,0,0,0,0,0
6.695989000,0,0,0,1,0,0,0,0
6.695998000,0,0,0,0,0,0,0,0
6.696007000,0,0,0,1,0,0,0,0
6.696015000,0,0,0,0,0,0,0,0
6.696024000,0,0,0,1,0,0,0,0
6.696042000,0,0,0,0,0,0,0,0
6.696059000,0,0,0,1,0,0,0,0
6.696068000,0,0,0,0,0,0,0,0
6.696085000,0,0,0,1,0,0,0,0
6.696102000,0,0,0,0,0,0,0,0
6.696111000,0,0,0,1,0,0,0,0
6.696128000,0,0,0,0,0,0,0,0
6.696146000,0,0,0,1,0,0,0,0
6.696154000,0,0,0,0,0,0,0,0
6.696163000,0,0,0,1,0,0,0,0
6.696189000,0,0,0,0,0,0,0,0
6.696198000,0,0,0,1,0,0,0,0
6.696215000,0,0,0,0,0,0,0,0
6.696233000,0,0,0,1,0,0,0,0
6.696241000,0,0,0,0,0,0,0,0
6.696276000,0,0,0,1,0,0,0,0
6.696302000,0,0,0,0,0,0,0,0
6.696320000,0,0,0,1,0,0,0,0
6.696328000,0,0,0,0,0,0,0,0
6.696337000,0,0,0,1,0,0,0,0
6.696346000,0,0,0,0,0,0,0,0
6.696363000,0,0,0,1,0,0,0,0
6.696389000,0,0,0,0,0,0,0,0
6.696406000,0,0,0,1,0,0,0,0
6.923545000,0,0,0,0,0,0,0,0
6.923554000,0,0,0,1,0,0,0,0
6.923562000,0,0,0,0,0,0,0,0
6.923571000,0,0,0,1,0,0,0,0
6.923589000,0,0,0,0,0,0,0,0
6.923606000,0,0,0,1,0,0,0,0
6.923615000,0,0,0,0,0,0,0,0
6.923623000,0,0,0,1,0,0,0,0
6.923632000,0,0,0,0,0,0,0,0
6.923641000,0,0,0,1,0,0,0,0
6.923649000,0,0,0,0,0,0,0,0
6.923667000,0,0,0,1,0,0,0,0
6.923675000,0,0,0,0,0,0,0,0
6.923693000,0,0,0,1,0,0,0,0
6.923701000,0,0,0,0,0,0,0,0
6.923710000,0,0,0,1,0,0,0,0
6.923719000,0,0,0,0,0,0,0,0
6.923736000,0,0,0,1,0,0,0,0
6.923762000,0,0,0,0,0,0,0,0
6.923780000,0,0,0,1,0,0,0,0
6.923788000,0,0,0,0,0,0,0,0
6.923797000,0,0,0,1,0,0,0,0
6.923806000,0,0,0,0,0,0,0,0
6.923832000,0,0,0,1,0,0,0,0
6.923840000,0,0,0,0,0,0,0,0
6.923867000,0,0,0,1,0,0,0,0
6.923875000,0,0,0,0,0,0,0,0
6.923884000,0,0,0,1,0,0,0,0
6.923893000,0,0,0,0,0,0,0,0
6.923901000,0,0,0,1,0,0,0,0
6.923927000,0,0,0,0,0,0,0,0
6.923953000,0,0,0,1,0,0,0,0
6.923962000,0,0,0,0,0,0,0,0
6.923971000,0,0,0,1,0,0,0,0
6.923979000,0,0,0,0,0,0,0,0
6.923988000,0,0,0,1,0,0,0,0
6.923997000,0,0,0,0,0,0,0,0
6.924040000,0,0,0,1,0,0,0,0
6.924049000,0,0,0,0,0,0,0,0
6.924058000,0,0,0,1,0,0,0,0
6.924066000,0,0,0,0,0,0,0,0
6.924084000,0,0,0,1,0,0,0,0
6.924092000,0,0,0,0,0,0,0,0
6.924110000,0,0,0,1,0,0,0,0
6.924118000,0,0,0,0,0,0,0,0
6.924127000,0,0,0,1,0,0,0,0
6.924136000,0,0,0,0,0,0,0,0
6.924145000,0,0,0,1,0,0,0,0
6.924153000,0,0,0,0,0,0,0,0
6.924179000,0,0,0,1,0,0,0,0
6.924188000,0,0,0,0,0,0,0,0
6.924214000,0,0,0,1,0,0,0,0
6.924223000,0,0,0,0,0,0,0,0
6.924231000,0,0,0,1,0,0,0,0
6.924240000,0,0,0,0,0,0,0,0
6.924249000,0,0,0,1,0,0,0,0
6.924257000,0,0,0,0,0,0,0,0
6.924266000,0,0,0,1,0,0,0,0
6.924284000,0,0,0,0,0,0,0,0
6.924292000,0,0,0,1,0,0,0,0
6.924301000,0,0,0,0,0,0,0,0
6.924318000,0,0,0,1,0,0,0,0
6.924327000,0,0,0,0,0,0,0,0
6.924336000,0,0,0,1,0,0,0,0
6.924362000,0,0,0,0,0,0,0,0
6.924388000,0,0,0,1,0,0,0,0
6.924396000,0,0,0,0,0,0,0,0
6.924405000,0,0,0,1,0,0,0,0
6.924414000,0,0,0,0,0,0,0,0
6.924457000,0,0,0,1,0,0,0,0
6.924466000,0,0,0,0,0,0,0,0
6.924475000,0,0,0,1,0,0,0,0
6.924483000,0,0,0,0,0,0,0,0
6.924492000,0,0,0,1,0,0,0,0
6.924501000,0,0,0,0,0,0,0,0
6.924509000,0,0,0,1,0,0,0,0
6.924518000,0,0,0,0,0,0,0,0
6.924535000,0,0,0,1,0,0,0,0
6.924544000,0,0,0,0,0,0,0,0
6.924562000,0,0,0,1,0,0,0,0
6.924570000,0,0,0,0,0,0,0,0
6.924579000,0,0,0,1,0,0,0,0
6.924588000,0,0,0,0,0,0,0,0
6.924596000,0,0,0,1,0,0,0,0
6.924631000,0,0,0,0,0,0,0,0
6.924648000,0,0,0,1,0,0,0,0
6.924657000,0,0,0,0,0,0,0,0
6.924666000,0,0,0,1,0,0,0,0
6.924674000,0,0,0,0,0,0,0,0
6.924683000,0,0,0,1,0,0,0,0
6.924692000,0,0,0,0,0,0,0,0
6.924701000,0,0,0,1,0,0,0,0
6.924718000,0,0,0,0,0,0,0,0
6.924727000,0,0,0,1,0,0,0,0
6.924735000,0,0,0,0,0,0,0,0
6.924753000,0,0,0,1,0,0,0,0
6.924761000,0,0,0,0,0,0,0,0
6.924787000,0,0,0,1,0,0,0,0
6.924805000,0,0,0,0,0,0,0,0
6.924822000,0,0,0,1,0,0,0,0
6.924831000,0,0,0,0,0,0,0,0
6.924840000,0,0,0,1,0,0,0,0
6.924848000,0,0,0,0,0,0,0,0
6.924857000,0,0,0,1,0,0,0,0
6.924892000,0,0,0,0,0,0,0,0
6.924909000,0,0,0,1,0,0,0,0
6.924918000,0,0,0,0,0,0,0,0
6.924926000,0,0,0,1,0,0,0,0
6.924935000,0,0,0,0,0,0,0,0
6.924944000,0,0,0,1,0,0,0,0
6.924979000,0,0,0,0,0,0,0,0
6.924996000,0,0,0,1,0,0,0,0
6.925005000,0,0,0,0,0,0,0,0
6.925013000,0,0,0,1,0,0,0,0
6.925022000,0,0,0,0,0,0,0,0
6.925065000,0,0,0,1,0,0,0,0
6.925074000,0,0,0,0,0,0,0,0
6.925083000,0,0,0,1,0,0,0,0
6.925091000,0,0,0,0,0,0,0,0
6.925100000,0,0,0,1,0,0,0,0
6.925109000,0,0,0,0,0,0,0,0
6.925126000,0,0,0,1,0,0,0,0
6.925135000,0,0,0,0,0,0,0,0
6.925170000,0,0,0,1,0,0,0,0
6.925178000,0,0,0,0,0,0,0,0
6.925187000,0,0,0,1,0,0,0,0
6.925196000,0,0,0,0,0,0,0,0
6.925204000,0,0,0,1,0,0,0,0
6.925213000,0,0,0,0,0,0,0,0
6.925257000,0,0,0,1,0,0,0,0
6.925265000,0,0,0,0,0,0,0,0
6.925274000,0,0,0,1,0,0,0,0
6.925283000,0,0,0,0,0,0,0,0
6.925291000,0,0,0,1,0,0,0,0
6.925309000,0,0,0,0,0,0,0,0
6.925343000,0,0,0,1,0,0,0,0
6.925352000,0,0,0,0,0,0,0,0
6.925361000,0,0,0,1,0,0,0,0
6.925369000,0,0,0,0,0,0,0,0
6.925378000,0,0,0,1,0,0,0,0
6.925396000,0,0,0,0,0,0,0,0
6.925404000,0,0,0,1,0,0,0,0
6.925413000,0,0,0,0,0,0,0,0
6.925430000,0,0,0,1,0,0,0,0
6.925439000,0,0,0,0,0,0,0,0
6.925448000,0,0,0,1,0,0,0,0
6.925456000,0,0,0,0,0,0,0,0
6.925465000,0,0,0,1,0,0,0,0
6.925474000,0,0,0,0,0,0,0,0
6.925482000,0,0,0,1,0,0,0,0
6.925500000,0,0,0,0,0,0,0,0
6.925508000,0,0,0,1,0,0,0,0
6.925517000,0,0,0,0,0,0,0,0
6.925535000,0,0,0,1,0,0,0,0
6.925543000,0,0,0,0,0,0,0,0
6.925587000,0,0,0,1,0,0,0,0
6.925604000,0,0,0,0,0,0,0,0
6.925621000,0,0,0,1,0,0,0,0
6.925630000,0,0,0,0,0,0,0,0
6.925639000,0,0,0,1,0,0,0,0
6.925647000,0,0,0,0,0,0,0,0
6.925674000,0,0,0,1,0,0,0,0
6.925691000,0,0,0,0,0,0,0,0
6.925708000,0,0,0,1,0,0,0,0
6.925717000,0,0,0,0,0,0,0,0
6.925734000,0,0,0,1,0,0,0,0
6.925743000,0,0,0,0,0,0,0,0
6.925760000,0,0,0,1,0,0,0,0
6.925778000,0,0,0,0,0,0,0,0
6.925795000,0,0,0,1,0,0,0,0
6.925804000,0,0,0,0,0,0,0,0
6.925813000,0,0,0,1,0,0,0,0
6.925830000,0,0,0,0,0,0,0,0
6.925847000,0,0,0,1,0,0,0,0
6.925865000,0,0,0,0,0,0,0,0
6.925882000,0,0,0,1,0,0,0,0
6.925891000,0,0,0,0,0,0,0,0
6.925917000,0,0,0,1,0,0,0,0
6.925925000,0,0,0,0,0,0,0,0
6.925934000,0,0,0,1,0,0,0,0
6.925952000,0,0,0,0,0,0,0,0
6.925969000,0,0,0,1,0,0,0,0
6.925978000,0,0,0,0,0,0,0,0
6.925986000,0,0,0,1,0,0,0,0
6.925995000,0,0,0,0,0,0,0,0
6.926004000,0,0,0,1,0,0,0,0
6.926012000,0,0,0,0,0,0,0,0
6.926021000,0,0,0,1,0,0,0,0
6.926038000,0,0,0,0,0,0,0,0
6.926056000,0,0,0,1,0,0,0,0
6.926064000,0,0,0,0,0,0,0,0
6.926082000,0,0,0,1,0,0,0,0
6.926099000,0,0,0,0,0,0,0,0
6.926108000,0,0,0,1,0,0,0,0
6.926125000,0,0,0,0,0,0,0,0
6.926143000,0,0,0,1,0,0,0,0
6.926151000,0,0,0,0,0,0,0,0
6.926160000,0,0,0,1,0,0,0,0
6.926186000,0,0,0,0,0,0,0,0
6.926195000,0,0,0,1,0,0,0,0
6.926212000,0,0,0,0,0,0,0,0
6.926230000,0,0,0,1,0,0,0,0
6.926238000,0,0,0,0,0,0,0,0
6.926273000,0,0,0,1,0,0,0,0
6.926299000,0,0,0,0,0,0,0,0
6.926316000,0,0,0,1,0,0,0,0
6.926325000,0,0,0,0,0,0,0,0
6.926334000,0,0,0,1,0,0,0,0
6.926342000,0,0,0,0,0,0,0,0
6.926360000,0,0,0,1,0,0,0,0
6.926386000,0,0,0,0,0,0,0,0
6.926403000,0,0,0,1,0,0,0,0
7.131542000,0,0,0,0,0,0,0,0
7.131551000,0,0,0,1,0,0,0,0
7.131560000,0,0,0,0,0,0,0,0
7.131568000,0,0,0,1,0,0,0,0
7.131586000,0,0,0,0,0,0,0,0
7.131603000,0,0,0,1,0,0,0,0
7.131612000,0,0,0,0,0,0,0,0
7.131621000,0,0,0,1,0,0,0,0
7.131629000,0,0,0,0,0,0,0,0
7.131638000,0,0,0,1,0,0,0,0
7.131647000,0,0,0,0,0,0,0,0
7.131664000,0,0,0,1,0,0,0,0
7.131673000,0,0,0,0,0,0,0,0
7.131690000,0,0,0,1,0,0,0,0
7.131699000,0,0,0,0,0,0,0,0
7.131707000,0,0,0,1,0,0,0,0
7.131716000,0,0,0,0,0,0,0,0
7.131733000,0,0,0,1,0,0,0,0
7.131760000,0,0,0,0,0,0,0,0
7.131777000,0,0,0,1,0,0,0,0
7.131786000,0,0,0,0,0,0,0,0
7.131794000,0,0,0,1,0,0,0,0
7.131803000,0,0,0,0,0,0,0,0
7.131829000,0,0,0,1,0,0,0,0
7.131838000,0,0,0,0,0,0,0,0
7.131864000,0,0,0,1,0,0,0,0
7.131872000,0,0,0,0,0,0,0,0
7.131881000,0,0,0,1,0,0,0,0
7.131890000,0,0,0,0,0,0,0,0
7.131899000,0,0,0,1,0,0,0,0
7.131925000,0,0,0,0,0,0,0,0
7.131951000,0,0,0,1,0,0,0,0
7.131959000,0,0,0,0,0,0,0,0
7.131968000,0,0,0,1,0,0,0,0
7.131977000,0,0,0,0,0,0,0,0
7.131985000,0,0,0,1,0,0,0,0
7.131994000,0,0,0,0,0,0,0,0
7.132038000,0,0,0,1,0,0,0,0
7.132046000,0,0,0,0,0,0,0,0
7.132055000,0,0,0,1,0,0,0,0
7.132064000,0,0,0,0,0,0,0,0
7.132081000,0,0,0,1,0,0,0,0
7.132090000,0,0,0,0,0,0,0,0
7.132107000,0,0,0,1,0,0,0,0
7.132116000,0,0,0,0,0,0,0,0
7.132124000,0,0,0,1,0,0,0,0
7.132133000,0,0,0,0,0,0,0,0
7.132142000,0,0,0,1,0,0,0,0
7.132150000,0,0,0,0,0,0,0,0
7.132177000,0,0,0,1,0,0,0,0
7.132185000,0,0,0,0,0,0,0,0
7.132211000,0,0,0,1,0,0,0,0
7.132220000,0,0,0,0,0,0,0,0
7.132229000,0,0,0,1,0,0,0,0
7.132237000,0,0,0,0,0,0,0,0
7.132246000,0,0,0,1,0,0,0,0
7.132255000,0,0,0,0,0,0,0,0
7.132263000,0,0,0,1,0,0,0,0
7.132281000,0,0,0,0,0,0,0,0
7.132289000,0,0,0,1,0,0,0,0
7.132298000,0,0,0,0,0,0,0,0
7.132316000,0,0,0,1,0,0,0,0
7.132324000,0,0,0,0,0,0,0,0
7.132333000,0,0,0,1,0,0,0,0
7.132359000,0,0,0,0,0,0,0,0
7.132385000,0,0,0,1,0,0,0,0
7.132394000,0,0,0,0,0,0,0,0
7.132402000,0,0,0,1,0,0,0,0
7.132411000,0,0,0,0,0,0,0,0
7.132455000,0,0,0,1,0,0,0,0
7.132463000,0,0,0,0,0,0,0,0
7.132472000,0,0,0,1,0,0,0,0
7.132481000,0,0,0,0,0,0,0,0
7.132489000,0,0,0,1,0,0,0,0
7.132498000,0,0,0,0,0,0,0,0
7.132507000,0,0,0,1,0,0,0,0
7.132515000,0,0,0,0,0,0,0,0
7.132533000,0,0,0,1,0,0,0,0
7.132541000,0,0,0,0,0,0,0,0
7.132559000,0,0,0,1,0,0,0,0
7.132567000,0,0,0,0,0,0,0,0
7.132576000,0,0,0,1,0,0,0,0
7.132585000,0,0,0,0,0,0,0,0
7.132594000,0,0,0,1,0,0,0,0
7.132628000,0,0,0,0,0,0,0,0
7.132646000,0,0,0,1,0,0,0,0
7.132654000,0,0,0,0,0,0,0,0
7.132663000,0,0,0,1,0,0,0,0
7.132672000,0,0,0,0,0,0,0,0
7.132680000,0,0,0,1,0,0,0,0
7.132689000,0,0,0,0,0,0,0,0
7.132698000,0,0,0,1,0,0,0,0
7.132715000,0,0,0,0,0,0,0,0
7.132724000,0,0,0,1,0,0,0,0
7.132733000,0,0,0,0,0,0,0,0
7.132750000,0,0,0,1,0,0,0,0
7.132759000,0,0,0,0,0,0,0,0
7.132785000,0,0,0,1,0,0,0,0
7.132802000,0,0,0,0,0,0,0,0
7.132819000,0,0,0,1,0,0,0,0
7.132828000,0,0,0,0,0,0,0,0
7.132837000,0,0,0,1,0,0,0,0
7.132845000,0,0,0,0,0,0,0,0
7.132854000,0,0,0,1,0,0,0,0
7.132889000,0,0,0,0,0,0,0,0
7.132906000,0,0,0,1,0,0,0,0
7.132915000,0,0,0,0,0,0,0,0
7.132924000,0,0,0,1,0,0,0,0
7.132932000,0,0,0,0,0,0,0,0
7.132941000,0,0,0,1,0,0,0,0
7.132976000,0,0,0,0,0,0,0,0
7.132993000,0,0,0,1,0,0,0,0
7.133002000,0,0,0,0,0,0,0,0
7.133011000,0,0,0,1,0,0,0,0
7.133019000,0,0,0,0,0,0,0,0
7.133063000,0,0,0,1,0,0,0,0
7.133071000,0,0,0,0,0,0,0,0
7.133080000,0,0,0,1,0,0,0,0
7.133089000,0,0,0,0,0,0,0,0
7.133097000,0,0,0,1,0,0,0,0
7.133106000,0,0,0,0,0,0,0,0
7.133123000,0,0,0,1,0,0,0,0
7.133132000,0,0,0,0,0,0,0,0
7.133167000,0,0,0,1,0,0,0,0
7.133176000,0,0,0,0,0,0,0,0
7.133184000,0,0,0,1,0,0,0,0
7.133193000,0,0,0,0,0,0,0,0
7.133202000,0,0,0,1,0,0,0,0
7.133210000,0,0,0,0,0,0,0,0
7.133254000,0,0,0,1,0,0,0,0
7.133262000,0,0,0,0,0,0,0,0
7.133271000,0,0,0,1,0,0,0,0
7.133280000,0,0,0,0,0,0,0,0
7.133289000,0,0,0,1,0,0,0,0
7.133306000,0,0,0,0,0,0,0,0
7.133341000,0,0,0,1,0,0,0,0
7.133349000,0,0,0,0,0,0,0,0
7.133358000,0,0,0,1,0,0,0,0
7.133367000,0,0,0,0,0,0,0,0
7.133375000,0,0,0,1,0,0,0,0
7.133393000,0,0,0,0,0,0,0,0
7.133401000,0,0,0,1,0,0,0,0
7.133410000,0,0,0,0,0,0,0,0
7.133428000,0,0,0,1,0,0,0,0
7.133436000,0,0,0,0,0,0,0,0
7.133445000,0,0,0,1,0,0,0,0
7.133454000,0,0,0,0,0,0,0,0
7.133462000,0,0,0,1,0,0,0,0
7.133471000,0,0,0,0,0,0,0,0
7.133480000,0,0,0,1,0,0,0,0
7.133497000,0,0,0,0,0,0,0,0
7.133506000,0,0,0,1,0,0,0,0
7.133514000,0,0,0,0,0,0,0,0
7.133532000,0,0,0,1,0,0,0,0
7.133540000,0,0,0,0,0,0,0,0
7.133584000,0,0,0,1,0,0,0,0
7.133601000,0,0,0,0,0,0,0,0
7.133619000,0,0,0,1,0,0,0,0
7.133627000,0,0,0,0,0,0,0,0
7.133636000,0,0,0,1,0,0,0,0
7.133645000,0,0,0,0,0,0,0,0
7.133671000,0,0,0,1,0,0,0,0
7.133688000,0,0,0,0,0,0,0,0
7.133706000,0,0,0,1,0,0,0,0
7.133714000,0,0,0,0,0,0,0,0
7.133732000,0,0,0,1,0,0,0,0
7.133740000,0,0,0,0,0,0,0,0
7.133758000,0,0,0,1,0,0,0,0
7.133775000,0,0,0,0,0,0,0,0
7.133792000,0,0,0,1,0,0,0,0
7.133801000,0,0,0,0,0,0,0,0
7.133810000,0,0,0,1,0,0,0,0
7.133827000,0,0,0,0,0,0,0,0
7.133845000,0,0,0,1,0,0,0,0
7.133862000,0,0,0,0,0,0,0,0
7.133879000,0,0,0,1,0,0,0,0
7.133888000,0,0,0,0,0,0,0,0
7.133914000,0,0,0,1,0,0,0,0
7.133923000,0,0,0,0,0,0,0,0
7.133931000,0,0,0,1,0,0,0,0
7.133949000,0,0,0,0,0,0,0,0
7.133966000,0,0,0,1,0,0,0,0
7.133975000,0,0,0,0,0,0,0,0
7.133984000,0,0,0,1,0,0,0,0
7.133992000,0,0,0,0,0,0,0,0
7.134001000,0,0,0,1,0,0,0,0
7.134010000,0,0,0,0,0,0,0,0
7.134018000,0,0,0,1,0,0,0,0
7.134036000,0,0,0,0,0,0,0,0
7.134053000,0,0,0,1,0,0,0,0
7.134062000,0,0,0,0,0,0,0,0
7.134079000,0,0,0,1,0,0,0,0
7.134096000,0,0,0,0,0,0,0,0
7.134105000,0,0,0,1,0,0,0,0
7.134123000,0,0,0,0,0,0,0,0
7.134140000,0,0,0,1,0,0,0,0
7.134149000,0,0,0,0,0,0,0,0
7.134157000,0,0,0,1,0,0,0,0
7.134183000,0,0,0,0,0,0,0,0
7.134192000,0,0,0,1,0,0,0,0
7.134209000,0,0,0,0,0,0,0,0
7.134227000,0,0,0,1,0,0,0,0
7.134235000,0,0,0,0,0,0,0,0
7.134270000,0,0,0,1,0,0,0,0
7.134296000,0,0,0,0,0,0,0,0
7.134314000,0,0,0,1,0,0,0,0
7.134322000,0,0,0,0,0,0,0,0
7.134331000,0,0,0,1,0,0,0,0
7.134340000,0,0,0,0,0,0,0,0
7.134357000,0,0,0,1,0,0,0,0
7.134383000,0,0,0,0,0,0,0,0
7.134401000,0,0,0,1,0,0,0,0
7.330540000,0,0,0,0,0,0,0,0
7.330548000,0,0,0,1,0,0,0,0
7.330557000,0,0,0,0,0,0,0,0
7.330566000,0,0,0,1,0,0,0,0
7.330583000,0,0,0,0,0,0,0,0
7.330600000,0,0,0,1,0,0,0,0
7.330609000,0,0,0,0,0,0,0,0
7.330618000,0,0,0,1,0,0,0,0
7.330627000,0,0,0,0,0,0,0,0
7.330635000,0,0,0,1,0,0,0,0
7.330644000,0,0,0,0,0,0,0,0
7.330661000,0,0,0,1,0,0,0,0
7.330670000,0,0,0,0,0,0,0,0
7.330687000,0,0,0,1,0,0,0,0
7.330696000,0,0,0,0,0,0,0,0
7.330705000,0,0,0,1,0,0,0,0
7.330713000,0,0,0,0,0,0,0,0
7.330731000,0,0,0,1,0,0,0,0
7.330757000,0,0,0,0,0,0,0,0
7.330774000,0,0,0,1,0,0,0,0
7.330783000,0,0,0,0,0,0,0,0
7.330792000,0,0,0,1,0,0,0,0
7.330800000,0,0,0,0,0,0,0,0
7.330826000,0,0,0,1,0,0,0,0
7.330835000,0,0,0,0,0,0,0,0
7.330861000,0,0,0,1,0,0,0,0
7.330870000,0,0,0,0,0,0,0,0
7.330878000,0,0,0,1,0,0,0,0
7.330887000,0,0,0,0,0,0,0,0
7.330896000,0,0,0,1,0,0,0,0
7.330922000,0,0,0,0,0,0,0,0
7.330948000,0,0,0,1,0,0,0,0
7.330957000,0,0,0,0,0,0,0,0
7.330965000,0,0,0,1,0,0,0,0
7.330974000,0,0,0,0,0,0,0,0
7.330983000,0,0,0,1,0,0,0,0
7.330991000,0,0,0,0,0,0,0,0
7.331035000,0,0,0,1,0,0,0,0
7.331044000,0,0,0,0,0,0,0,0
7.331052000,0,0,0,1,0,0,0,0
7.331061000,0,0,0,0,0,0,0,0
7.331078000,0,0,0,1,0,0,0,0
7.331087000,0,0,0,0,0,0,0,0
7.331104000,0,0,0,1,0,0,0,0
7.331113000,0,0,0,0,0,0,0,0
7.331122000,0,0,0,1,0,0,0,0
7.331130000,0,0,0,0,0,0,0,0
7.331139000,0,0,0,1,0,0,0,0
7.331148000,0,0,0,0,0,0,0,0
7.331174000,0,0,0,1,0,0,0,0
7.331183000,0,0,0,0,0,0,0,0
7.331209000,0,0,0,1,0,0,0,0
7.331217000,0,0,0,0,0,0,0,0
7.331226000,0,0,0,1,0,0,0,0
7.331235000,0,0,0,0,0,0,0,0
7.331243000,0,0,0,1,0,0,0,0
7.331252000,0,0,0,0,0,0,0,0
7.331261000,0,0,0,1,0,0,0,0
7.331278000,0,0,0,0,0,0,0,0
7.331287000,0,0,0,1,0,0,0,0
7.331295000,0,0,0,0,0,0,0,0
7.331313000,0,0,0,1,0,0,0,0
7.331322000,0,0,0,0,0,0,0,0
7.331330000,0,0,0,1,0,0,0,0
7.331356000,0,0,0,0,0,0,0,0
7.331382000,0,0,0,1,0,0,0,0
7.331391000,0,0,0,0,0,0,0,0
7.331400000,0,0,0,1,0,0,0,0
7.331408000,0,0,0,0,0,0,0,0
7.331452000,0,0,0,1,0,0,0,0
7.331461000,0,0,0,0,0,0,0,0
7.331469000,0,0,0,1,0,0,0,0
7.331478000,0,0,0,0,0,0,0,0
7.331487000,0,0,0,1,0,0,0,0
7.331495000,0,0,0,0,0,0,0,0
7.331504000,0,0,0,1,0,0,0,0
7.331513000,0,0,0,0,0,0,0,0
7.331530000,0,0,0,1,0,0,0,0
7.331539000,0,0,0,0,0,0,0,0
7.331556000,0,0,0,1,0,0,0,0
7.331565000,0,0,0,0,0,0,0,0
7.331573000,0,0,0,1,0,0,0,0
7.331582000,0,0,0,0,0,0,0,0
7.331591000,0,0,0,1,0,0,0,0
7.331626000,0,0,0,0,0,0,0,0
7.331643000,0,0,0,1,0,0,0,0
7.331652000,0,0,0,0,0,0,0,0
7.331660000,0,0,0,1,0,0,0,0
7.331669000,0,0,0,0,0,0,0,0
7.331678000,0,0,0,1,0,0,0,0
7.331686000,0,0,0,0,0,0,0,0
7.331695000,0,0,0,1,0,0,0,0
7.331712000,0,0,0,0,0,0,0,0
7.331721000,0,0,0,1,0,0,0,0
7.331730000,0,0,0,0,0,0,0,0
7.331747000,0,0,0,1,0,0,0,0
7.331756000,0,0,0,0,0,0,0,0
7.331782000,0,0,0,1,0,0,0,0
7.331799000,0,0,0,0,0,0,0,0
7.331817000,0,0,0,1,0,0,0,0
7.331825000,0,0,0,0,0,0,0,0
7.331834000,0,0,0,1,0,0,0,0
7.331843000,0,0,0,0,0,0,0,0
7.331851000,0,0,0,1,0,0,0,0
7.331886000,0,0,0,0,0,0,0,0
7.331904000,0,0,0,1,0,0,0,0
7.331912000,0,0,0,0,0,0,0,0
7.331921000,0,0,0,1,0,0,0,0
7.331930000,0,0,0,0,0,0,0,0
7.331938000,0,0,0,1,0,0,0,0
7.331973000,0,0,0,0,0,0,0,0
7.331990000,0,0,0,1,0,0,0,0
7.331999000,0,0,0,0,0,0,0,0
7.332008000,0,0,0,1,0,0,0,0
7.332017000,0,0,0,0,0,0,0,0
7.332060000,0,0,0,1,0,0,0,0
7.332069000,0,0,0,0,0,0,0,0
7.332077000,0,0,0,1,0,0,0,0
7.332086000,0,0,0,0,0,0,0,0
7.332095000,0,0,0,1,0,0,0,0
7.332103000,0,0,0,0,0,0,0,0
7.332121000,0,0,0,1,0,0,0,0
7.332129000,0,0,0,0,0,0,0,0
7.332164000,0,0,0,1,0,0,0,0
7.332173000,0,0,0,0,0,0,0,0
7.332182000,0,0,0,1,0,0,0,0
7.332190000,0,0,0,0,0,0,0,0
7.332199000,0,0,0,1,0,0,0,0
7.332208000,0,0,0,0,0,0,0,0
7.332251000,0,0,0,1,0,0,0,0
7.332260000,0,0,0,0,0,0,0,0
7.332268000,0,0,0,1,0,0,0,0
7.332277000,0,0,0,0,0,0,0,0
7.332286000,0,0,0,1,0,0,0,0
7.332303000,0,0,0,0,0,0,0,0
7.332338000,0,0,0,1,0,0,0,0
7.332347000,0,0,0,0,0,0,0,0
7.332355000,0,0,0,1,0,0,0,0
7.332364000,0,0,0,0,0,0,0,0
7.332373000,0,0,0,1,0,0,0,0
7.332390000,0,0,0,0,0,0,0,0
7.332399000,0,0,0,1,0,0,0,0
7.332407000,0,0,0,0,0,0,0,0
7.332425000,0,0,0,1,0,0,0,0
7.332434000,0,0,0,0,0,0,0,0
7.332442000,0,0,0,1,0,0,0,0
7.332451000,0,0,0,0,0,0,0,0
7.332460000,0,0,0,1,0,0,0,0
7.332468000,0,0,0,0,0,0,0,0
7.332477000,0,0,0,1,0,0,0,0
7.332494000,0,0,0,0,0,0,0,0
7.332503000,0,0,0,1,0,0,0,0
7.332512000,0,0,0,0,0,0,0,0
7.332529000,0,0,0,1,0,0,0,0
7.332538000,0,0,0,0,0,0,0,0
7.332581000,0,0,0,1,0,0,0,0
7.332599000,0,0,0,0,0,0,0,0
7.332616000,0,0,0,1,0,0,0,0
7.332625000,0,0,0,0,0,0,0,0
7.332633000,0,0,0,1,0,0,0,0
7.332642000,0,0,0,0,0,0,0,0
7.332668000,0,0,0,1,0,0,0,0
7.332685000,0,0,0,0,0,0,0,0
7.332703000,0,0,0,1,0,0,0,0
7.332712000,0,0,0,0,0,0,0,0
7.332729000,0,0,0,1,0,0,0,0
7.332738000,0,0,0,0,0,0,0,0
7.332755000,0,0,0,1,0,0,0,0
7.332772000,0,0,0,0,0,0,0,0
7.332790000,0,0,0,1,0,0,0,0
7.332798000,0,0,0,0,0,0,0,0
7.332807000,0,0,0,1,0,0,0,0
7.332824000,0,0,0,0,0,0,0,0
7.332842000,0,0,0,1,0,0,0,0
7.332859000,0,0,0,0,0,0,0,0
7.332877000,0,0,0,1,0,0,0,0
7.332885000,0,0,0,0,0,0,0,0
7.332911000,0,0,0,1,0,0,0,0
7.332920000,0,0,0,0,0,0,0,0
7.332929000,0,0,0,1,0,0,0,0
7.332946000,0,0,0,0,0,0,0,0
7.332963000,0,0,0,1,0,0,0,0
7.332972000,0,0,0,0,0,0,0,0
7.332981000,0,0,0,1,0,0,0,0
7.332990000,0,0,0,0,0,0,0,0
7.332998000,0,0,0,1,0,0,0,0
7.333007000,0,0,0,0,0,0,0,0
7.333016000,0,0,0,1,0,0,0,0
7.333033000,0,0,0,0,0,0,0,0
7.333050000,0,0,0,1,0,0,0,0
7.333059000,0,0,0,0,0,0,0,0
7.333076000,0,0,0,1,0,0,0,0
7.333094000,0,0,0,0,0,0,0,0
7.333102000,0,0,0,1,0,0,0,0
7.333120000,0,0,0,0,0,0,0,0
7.333137000,0,0,0,1,0,0,0,0
7.333146000,0,0,0,0,0,0,0,0
7.333155000,0,0,0,1,0,0,0,0
7.333181000,0,0,0,0,0,0,0,0
7.333189000,0,0,0,1,0,0,0,0
7.333207000,0,0,0,0,0,0,0,0
7.333224000,0,0,0,1,0,0,0,0
7.333233000,0,0,0,0,0,0,0,0
7.333268000,0,0,0,1,0,0,0,0
7.333294000,0,0,0,0,0,0,0,0
7.333311000,0,0,0,1,0,0,0,0
7.333320000,0,0,0,0,0,0,0,0
7.333328000,0,0,0,1,0,0,0,0
7.333337000,0,0,0,0,0,0,0,0
7.333354000,0,0,0,1,0,0,0,0
7.333380000,0,0,0,0,0,0,0,0
7.333398000,0,0,0,1,0,0,0,0
7.536537000,0,0,0,0,0,0,0,0
7.536546000,0,0,0,1,0,0,0,0
7.536555000,0,0,0,0,0,0,0,0
7.536563000,0,0,0,1,0,0,0,0
7.536581000,0,0,0,0,0,0,0,0
7.536598000,0,0,0,1,0,0,0,0
7.536607000,0,0,0,0,0,0,0,0
7.536615000,0,0,0,1,0,0,0,0
7.536624000,0,0,0,0,0,0,0,0
7.536633000,0,0,0,1,0,0,0,0
7.536641000,0,0,0,0,0,0,0,0
7.536659000,0,0,0,1,0,0,0,0
7.536668000,0,0,0,0,0,0,0,0
7.536685000,0,0,0,1,0,0,0,0
7.536694000,0,0,0,0,0,0,0,0
7.536702000,0,0,0,1,0,0,0,0
7.536711000,0,0,0,0,0,0,0,0
7.536728000,0,0,0,1,0,0,0,0
7.536754000,0,0,0,0,0,0,0,0
7.536772000,0,0,0,1,0,0,0,0
7.536780000,0,0,0,0,0,0,0,0
7.536789000,0,0,0,1,0,0,0,0
7.536798000,0,0,0,0,0,0,0,0
7.536824000,0,0,0,1,0,0,0,0
7.536833000,0,0,0,0,0,0,0,0
7.536859000,0,0,0,1,0,0,0,0
7.536867000,0,0,0,0,0,0,0,0
7.536876000,0,0,0,1,0,0,0,0
7.536885000,0,0,0,0,0,0,0,0
7.536893000,0,0,0,1,0,0,0,0
7.536919000,0,0,0,0,0,0,0,0
7.536946000,0,0,0,1,0,0,0,0
7.536954000,0,0,0,0,0,0,0,0
7.536963000,0,0,0,1,0,0,0,0
7.536972000,0,0,0,0,0,0,0,0
7.536980000,0,0,0,1,0,0,0,0
7.536989000,0,0,0,0,0,0,0,0
7.537032000,0,0,0,1,0,0,0,0
7.537041000,0,0,0,0,0,0,0,0
7.537050000,0,0,0,1,0,0,0,0
7.537058000,0,0,0,0,0,0,0,0
7.537076000,0,0,0,1,0,0,0,0
7.537085000,0,0,0,0,0,0,0,0
7.537102000,0,0,0,1,0,0,0,0
7.537111000,0,0,0,0,0,0,0,0
7.537119000,0,0,0,1,0,0,0,0
7.537128000,0,0,0,0,0,0,0,0
7.537137000,0,0,0,1,0,0,0,0
7.537145000,0,0,0,0,0,0,0,0
7.537171000,0,0,0,1,0,0,0,0
7.537180000,0,0,0,0,0,0,0,0
7.537206000,0,0,0,1,0,0,0,0
7.537215000,0,0,0,0,0,0,0,0
7.537224000,0,0,0,1,0,0,0,0
7.537232000,0,0,0,0,0,0,0,0
7.537241000,0,0,0,1,0,0,0,0
7.537250000,0,0,0,0,0,0,0,0
7.537258000,0,0,0,1,0,0,0,0
7.537276000,0,0,0,0,0,0,0,0
7.537284000,0,0,0,1,0,0,0,0
7.537293000,0,0,0,0,0,0,0,0
7.537310000,0,0,0,1,0,0,0,0
7.537319000,0,0,0,0,0,0,0,0
7.537328000,0,0,0,1,0,0,0,0
7.537354000,0,0,0,0,0,0,0,0
7.537380000,0,0,0,1,0,0,0,0
7.537389000,0,0,0,0,0,0,0,0
7.537397000,0,0,0,1,0,0,0,0
7.537406000,0,0,0,0,0,0,0,0
7.537449000,0,0,0,1,0,0,0,0
7.537458000,0,0,0,0,0,0,0,0
7.537467000,0,0,0,1,0,0,0,0
7.537475000,0,0,0,0,0,0,0,0
7.537484000,0,0,0,1,0,0,0,0
7.537493000,0,0,0,0,0,0,0,0
7.537502000,0,0,0,1,0,0,0,0
7.537510000,0,0,0,0,0,0,0,0
7.537528000,0,0,0,1,0,0,0,0
7.537536000,0,0,0,0,0,0,0,0
7.537554000,0,0,0,1,0,0,0,0
7.537562000,0,0,0,0,0,0,0,0
7.537571000,0,0,0,1,0,0,0,0
7.537580000,0,0,0,0,0,0,0,0
7.537588000,0,0,0,1,0,0,0,0
7.537623000,0,0,0,0,0,0,0,0
7.537641000,0,0,0,1,0,0,0,0
7.537649000,0,0,0,0,0,0,0,0
7.537658000,0,0,0,1,0,0,0,0
7.537667000,0,0,0,0,0,0,0,0
7.537675000,0,0,0,1,0,0,0,0
7.537684000,0,0,0,0,0,0,0,0
7.537693000,0,0,0,1,0,0,0,0
7.537710000,0,0,0,0,0,0,0,0
7.537719000,0,0,0,1,0,0,0,0
7.537727000,0,0,0,0,0,0,0,0
7.537745000,0,0,0,1,0,0,0,0
7.537753000,0,0,0,0,0,0,0,0
7.537780000,0,0,0,1,0,0,0,0
7.537797000,0,0,0,0,0,0,0,0
7.537814000,0,0,0,1,0,0,0,0
7.537823000,0,0,0,0,0,0,0,0
7.537832000,0,0,0,1,0,0,0,0
7.537840000,0,0,0,0,0,0,0,0
7.537849000,0,0,0,1,0,0,0,0
7.537884000,0,0,0,0,0,0,0,0
7.537901000,0,0,0,1,0,0,0,0
7.537910000,0,0,0,0,0,0,0,0
7.537919000,0,0,0,1,0,0,0,0
7.537927000,0,0,0,0,0,0,0,0
7.537936000,0,0,0,1,0,0,0,0
7.537971000,0,0,0,0,0,0,0,0
7.537988000,0,0,0,1,0,0,0,0
7.537997000,0,0,0,0,0,0,0,0
7.538005000,0,0,0,1,0,0,0,0
7.538014000,0,0,0,0,0,0,0,0
7.538058000,0,0,0,1,0,0,0,0
7.538066000,0,0,0,0,0,0,0,0
7.538075000,0,0,0,1,0,0,0,0
7.538084000,0,0,0,0,0,0,0,0
7.538092000,0,0,0,1,0,0,0,0
7.538101000,0,0,0,0,0,0,0,0
7.538118000,0,0,0,1,0,0,0,0
7.538127000,0,0,0,0,0,0,0,0
7.538162000,0,0,0,1,0,0,0,0
7.538170000,0,0,0,0,0,0,0,0
7.538179000,0,0,0,1,0,0,0,0
7.538188000,0,0,0,0,0,0,0,0
7.538197000,0,0,0,1,0,0,0,0
7.538205000,0,0,0,0,0,0,0,0
7.538249000,0,0,0,1,0,0,0,0
7.538257000,0,0,0,0,0,0,0,0
7.538266000,0,0,0,1,0,0,0,0
7.538275000,0,0,0,0,0,0,0,0
7.538283000,0,0,0,1,0,0,0,0
7.538301000,0,0,0,0,0,0,0,0
7.538336000,0,0,0,1,0,0,0,0
7.538344000,0,0,0,0,0,0,0,0
7.538353000,0,0,0,1,0,0,0,0
7.538362000,0,0,0,0,0,0,0,0
7.538370000,0,0,0,1,0,0,0,0
7.538388000,0,0,0,0,0,0,0,0
7.538396000,0,0,0,1,0,0,0,0
7.538405000,0,0,0,0,0,0,0,0
7.538422000,0,0,0,1,0,0,0,0
7.538431000,0,0,0,0,0,0,0,0
7.538440000,0,0,0,1,0,0,0,0
7.538448000,0,0,0,0,0,0,0,0
7.538457000,0,0,0,1,0,0,0,0
7.538466000,0,0,0,0,0,0,0,0
7.538475000,0,0,0,1,0,0,0,0
7.538492000,0,0,0,0,0,0,0,0
7.538501000,0,0,0,1,0,0,0,0
7.538509000,0,0,0,0,0,0,0,0
7.538527000,0,0,0,1,0,0,0,0
7.538535000,0,0,0,0,0,0,0,0
7.538579000,0,0,0,1,0,0,0,0
7.538596000,0,0,0,0,0,0,0,0
7.538614000,0,0,0,1,0,0,0,0
7.538622000,0,0,0,0,0,0,0,0
7.538631000,0,0,0,1,0,0,0,0
7.538640000,0,0,0,0,0,0,0,0
7.538666000,0,0,0,1,0,0,0,0
7.538683000,0,0,0,0,0,0,0,0
7.538700000,0,0,0,1,0,0,0,0
7.538709000,0,0,0,0,0,0,0,0
7.538726000,0,0,0,1,0,0,0,0
7.538735000,0,0,0,0,0,0,0,0
7.538753000,0,0,0,1,0,0,0,0
7.538770000,0,0,0,0,0,0,0,0
7.538787000,0,0,0,1,0,0,0,0
7.538796000,0,0,0,0,0,0,0,0
7.538805000,0,0,0,1,0,0,0,0
7.538822000,0,0,0,0,0,0,0,0
7.538839000,0,0,0,1,0,0,0,0
7.538857000,0,0,0,0,0,0,0,0
7.538874000,0,0,0,1,0,0,0,0
7.538883000,0,0,0,0,0,0,0,0
7.538909000,0,0,0,1,0,0,0,0
7.538918000,0,0,0,0,0,0,0,0
7.538926000,0,0,0,1,0,0,0,0
7.538944000,0,0,0,0,0,0,0,0
7.538961000,0,0,0,1,0,0,0,0
7.538970000,0,0,0,0,0,0,0,0
7.538978000,0,0,0,1,0,0,0,0
7.538987000,0,0,0,0,0,0,0,0
7.538996000,0,0,0,1,0,0,0,0
7.539004000,0,0,0,0,0,0,0,0
7.539013000,0,0,0,1,0,0,0,0
7.539031000,0,0,0,0,0,0,0,0
7.539048000,0,0,0,1,0,0,0,0
7.539057000,0,0,0,0,0,0,0,0
7.539074000,0,0,0,1,0,0,0,0
7.539091000,0,0,0,0,0,0,0,0
7.539100000,0,0,0,1,0,0,0,0
7.539117000,0,0,0,0,0,0,0,0
7.539135000,0,0,0,1,0,0,0,0
7.539143000,0,0,0,0,0,0,0,0
7.539152000,0,0,0,1,0,0,0,0
7.539178000,0,0,0,0,0,0,0,0
7.539187000,0,0,0,1,0,0,0,0
7.539204000,0,0,0,0,0,0,0,0
7.539222000,0,0,0,1,0,0,0,0
7.539230000,0,0,0,0,0,0,0,0
7.539265000,0,0,0,1,0,0,0,0
7.539291000,0,0,0,0,0,0,0,0
7.539308000,0,0,0,1,0,0,0,0
7.539317000,0,0,0,0,0,0,0,0
7.539326000,0,0,0,1,0,0,0,0
7.539335000,0,0,0,0,0,0,0,0
7.539352000,0,0,0,1,0,0,0,0
7.539378000,0,0,0,0,0,0,0,0
7.539395000,0,0,0,1,0,0,0,0
7.731534000,0,0,0,0,0,0,0,0
7.731543000,0,0,0,1,0,0,0,0
7.731552000,0,0,0,0,0,0,0,0
7.731560000,0,0,0,1,0,0,0,0
7.731578000,0,0,0,0,0,0,0,0
7.731595000,0,0,0,1,0,0,0,0
7.731604000,0,0,0,0,0,0,0,0
7.731612000,0,0,0,1,0,0,0,0
7.731621000,0,0,0,0,0,0,0,0
7.731630000,0,0,0,1,0,0,0,0
7.731639000,0,0,0,0,0,0,0,0
7.731656000,0,0,0,1,0,0,0,0
7.731665000,0,0,0,0,0,0,0,0
7.731682000,0,0,0,1,0,0,0,0
7.731691000,0,0,0,0,0,0,0,0
7.731699000,0,0,0,1,0,0,0,0
7.731708000,0,0,0,0,0,0,0,0
7.731725000,0,0,0,1,0,0,0,0
7.731751000,0,0,0,0,0,0,0,0
7.731769000,0,0,0,1,0,0,0,0
7.731778000,0,0,0,0,0,0,0,0
7.731786000,0,0,0,1,0,0,0,0
7.731795000,0,0,0,0,0,0,0,0
7.731821000,0,0,0,1,0,0,0,0
7.731830000,0,0,0,0,0,0,0,0
7.731856000,0,0,0,1,0,0,0,0
7.731864000,0,0,0,0,0,0,0,0
7.731873000,0,0,0,1,0,0,0,0
7.731882000,0,0,0,0,0,0,0,0
7.731890000,0,0,0,1,0,0,0,0
7.731916000,0,0,0,0,0,0,0,0
7.731943000,0,0,0,1,0,0,0,0
7.731951000,0,0,0,0,0,0,0,0
7.731960000,0,0,0,1,0,0,0,0
7.731969000,0,0,0,0,0,0,0,0
7.731977000,0,0,0,1,0,0,0,0
7.731986000,0,0,0,0,0,0,0,0
7.732029000,0,0,0,1,0,0,0,0
7.732038000,0,0,0,0,0,0,0,0
7.732047000,0,0,0,1,0,0,0,0
7.732055000,0,0,0,0,0,0,0,0
7.732073000,0,0,0,1,0,0,0,0
7.732082000,0,0,0,0,0,0,0,0
7.732099000,0,0,0,1,0,0,0,0
7.732108000,0,0,0,0,0,0,0,0
7.732116000,0,0,0,1,0,0,0,0
7.732125000,0,0,0,0,0,0,0,0
7.732134000,0,0,0,1,0,0,0,0
7.732142000,0,0,0,0,0,0,0,0
7.732168000,0,0,0,1,0,0,0,0
7.732177000,0,0,0,0,0,0,0,0
7.732203000,0,0,0,1,0,0,0,0
7.732212000,0,0,0,0,0,0,0,0
7.732221000,0,0,0,1,0,0,0,0
7.732229000,0,0,0,0,0,0,0,0
7.732238000,0,0,0,1,0,0,0,0
7.732247000,0,0,0,0,0,0,0,0
7.732255000,0,0,0,1,0,0,0,0
7.732273000,0,0,0,0,0,0,0,0
7.732281000,0,0,0,1,0,0,0,0
7.732290000,0,0,0,0,0,0,0,0
7.732307000,0,0,0,1,0,0,0,0
7.732316000,0,0,0,0,0,0,0,0
7.732325000,0,0,0,1,0,0,0,0
7.732351000,0,0,0,0,0,0,0,0
7.732377000,0,0,0,1,0,0,0,0
7.732386000,0,0,0,0,0,0,0,0
7.732394000,0,0,0,1,0,0,0,0
7.732403000,0,0,0,0,0,0,0,0
7.732446000,0,0,0,1,0,0,0,0
7.732455000,0,0,0,0,0,0,0,0
7.732464000,0,0,0,1,0,0,0,0
7.732472000,0,0,0,0,0,0,0,0
7.732481000,0,0,0,1,0,0,0,0
7.732490000,0,0,0,0,0,0,0,0
7.732499000,0,0,0,1,0,0,0,0
7.732507000,0,0,0,0,0,0,0,0
7.732525000,0,0,0,1,0,0,0,0
7.732533000,0,0,0,0,0,0,0,0
7.732551000,0,0,0,1,0,0,0,0
7.732559000,0,0,0,0,0,0,0,0
7.732568000,0,0,0,1,0,0,0,0
7.732577000,0,0,0,0,0,0,0,0
7.732585000,0,0,0,1,0,0,0,0
7.732620000,0,0,0,0,0,0,0,0
7.732638000,0,0,0,1,0,0,0,0
7.732646000,0,0,0,0,0,0,0,0
7.732655000,0,0,0,1,0,0,0,0
7.732664000,0,0,0,0,0,0,0,0
7.732672000,0,0,0,1,0,0,0,0
7.732681000,0,0,0,0,0,0,0,0
7.732690000,0,0,0,1,0,0,0,0
7.732707000,0,0,0,0,0,0,0,0
7.732716000,0,0,0,1,0,0,0,0
7.732724000,0,0,0,0,0,0,0,0
7.732742000,0,0,0,1,0,0,0,0
7.732750000,0,0,0,0,0,0,0,0
7.732777000,0,0,0,1,0,0,0,0
7.732794000,0,0,0,0,0,0,0,0
7.732811000,0,0,0,1,0,0,0,0
7.732820000,0,0,0,0,0,0,0,0
7.732829000,0,0,0,1,0,0,0,0
7.732837000,0,0,0,0,0,0,0,0
7.732846000,0,0,0,1,0,0,0,0
7.732881000,0,0,0,0,0,0,0,0
7.732898000,0,0,0,1,0,0,0,0
7.732907000,0,0,0,0,0,0,0,0
7.732916000,0,0,0,1,0,0,0,0
7.732924000,0,0,0,0,0,0,0,0
7.732933000,0,0,0,1,0,0,0,0
7.732968000,0,0,0,0,0,0,0,0
7.732985000,0,0,0,1,0,0,0,0
7.732994000,0,0,0,0,0,0,0,0
7.733002000,0,0,0,1,0,0,0,0
7.733011000,0,0,0,0,0,0,0,0
7.733055000,0,0,0,1,0,0,0,0
7.733063000,0,0,0,0,0,0,0,0
7.733072000,0,0,0,1,0,0,0,0
7.733081000,0,0,0,0,0,0,0,0
7.733089000,0,0,0,1,0,0,0,0
7.733098000,0,0,0,0,0,0,0,0
7.733115000,0,0,0,1,0,0,0,0
7.733124000,0,0,0,0,0,0,0,0
7.733159000,0,0,0,1,0,0,0,0
7.733167000,0,0,0,0,0,0,0,0
7.733176000,0,0,0,1,0,0,0,0
7.733185000,0,0,0,0,0,0,0,0
7.733194000,0,0,0,1,0,0,0,0
7.733202000,0,0,0,0,0,0,0,0
7.733246000,0,0,0,1,0,0,0,0
7.733254000,0,0,0,0,0,0,0,0
7.733263000,0,0,0,1,0,0,0,0
7.733272000,0,0,0,0,0,0,0,0
7.733280000,0,0,0,1,0,0,0,0
7.733298000,0,0,0,0,0,0,0,0
7.733333000,0,0,0,1,0,0,0,0
7.733341000,0,0,0,0,0,0,0,0
7.733350000,0,0,0,1,0,0,0,0
7.733359000,0,0,0,0,0,0,0,0
7.733367000,0,0,0,1,0,0,0,0
7.733385000,0,0,0,0,0,0,0,0
7.733393000,0,0,0,1,0,0,0,0
7.733402000,0,0,0,0,0,0,0,0
7.733419000,0,0,0,1,0,0,0,0
7.733428000,0,0,0,0,0,0,0,0
7.733437000,0,0,0,1,0,0,0,0
7.733445000,0,0,0,0,0,0,0,0
7.733454000,0,0,0,1,0,0,0,0
7.733463000,0,0,0,0,0,0,0,0
7.733472000,0,0,0,1,0,0,0,0
7.733489000,0,0,0,0,0,0,0,0
7.733498000,0,0,0,1,0,0,0,0
7.733506000,0,0,0,0,0,0,0,0
7.733524000,0,0,0,1,0,0,0,0
7.733532000,0,0,0,0,0,0,0,0
7.733576000,0,0,0,1,0,0,0,0
7.733593000,0,0,0,0,0,0,0,0
7.733611000,0,0,0,1,0,0,0,0
7.733619000,0,0,0,0,0,0,0,0
7.733628000,0,0,0,1,0,0,0,0
7.733637000,0,0,0,0,0,0,0,0
7.733663000,0,0,0,1,0,0,0,0
7.733680000,0,0,0,0,0,0,0,0
7.733697000,0,0,0,1,0,0,0,0
7.733706000,0,0,0,0,0,0,0,0
7.733723000,0,0,0,1,0,0,0,0
7.733732000,0,0,0,0,0,0,0,0
7.733750000,0,0,0,1,0,0,0,0
7.733767000,0,0,0,0,0,0,0,0
7.733784000,0,0,0,1,0,0,0,0
7.733793000,0,0,0,0,0,0,0,0
7.733802000,0,0,0,1,0,0,0,0
7.733819000,0,0,0,0,0,0,0,0
7.733836000,0,0,0,1,0,0,0,0
7.733854000,0,0,0,0,0,0,0,0
7.733871000,0,0,0,1,0,0,0,0
7.733880000,0,0,0,0,0,0,0,0
7.733906000,0,0,0,1,0,0,0,0
7.733915000,0,0,0,0,0,0,0,0
7.733923000,0,0,0,1,0,0,0,0
7.733941000,0,0,0,0,0,0,0,0
7.733958000,0,0,0,1,0,0,0,0
7.733967000,0,0,0,0,0,0,0,0
7.733975000,0,0,0,1,0,0,0,0
7.733984000,0,0,0,0,0,0,0,0
7.733993000,0,0,0,1,0,0,0,0
7.734001000,0,0,0,0,0,0,0,0
7.734010000,0,0,0,1,0,0,0,0
7.734028000,0,0,0,0,0,0,0,0
7.734045000,0,0,0,1,0,0,0,0
7.734054000,0,0,0,0,0,0,0,0
7.734071000,0,0,0,1,0,0,0,0
7.734088000,0,0,0,0,0,0,0,0
7.734097000,0,0,0,1,0,0,0,0
7.734114000,0,0,0,0,0,0,0,0
7.734132000,0,0,0,1,0,0,0,0
7.734140000,0,0,0,0,0,0,0,0
7.734149000,0,0,0,1,0,0,0,0
7.734175000,0,0,0,0,0,0,0,0
7.734184000,0,0,0,1,0,0,0,0
7.734201000,0,0,0,0,0,0,0,0
7.734219000,0,0,0,1,0,0,0,0
7.734227000,0,0,0,0,0,0,0,0
7.734262000,0,0,0,1,0,0,0,0
7.734288000,0,0,0,0,0,0,0,0
7.734306000,0,0,0,1,0,0,0,0
7.734314000,0,0,0,0,0,0,0,0
7.734323000,0,0,0,1,0,0,0,0
7.734332000,0,0,0,0,0,0,0,0
7.734349000,0,0,0,1,0,0,0,0
7.734375000,0,0,0,0,0,0,0,0
7.734392000,0,0,0,1,0,0,0,0
7.940531000,0,0,0,0,0,0,0,0
7.940540000,0,0,0,1,0,0,0,0
7.940549000,0,0,0,0,0,0,0,0
7.940557000,0,0,0,1,0,0,0,0
7.940575000,0,0,0,0,0,0,0,0
7.940592000,0,0,0,1,0,0,0,0
7.940601000,0,0,0,0,0,0,0,0
7.940610000,0,0,0,1,0,0,0,0
7.940618000,0,0,0,0,0,0,0,0
7.940627000,0,0,0,1,0,0,0,0
7.940636000,0,0,0,0,0,0,0,0
7.940653000,0,0,0,1,0,0,0,0
7.940662000,0,0,0,0,0,0,0,0
7.940679000,0,0,0,1,0,0,0,0
7.940688000,0,0,0,0,0,0,0,0
7.940696000,0,0,0,1,0,0,0,0
7.940705000,0,0,0,0,0,0,0,0
7.940723000,0,0,0,1,0,0,0,0
7.940749000,0,0,0,0,0,0,0,0
7.940766000,0,0,0,1,0,0,0,0
7.940775000,0,0,0,0,0,0,0,0
7.940783000,0,0,0,1,0,0,0,0
7.940792000,0,0,0,0,0,0,0,0
7.940818000,0,0,0,1,0,0,0,0
7.940827000,0,0,0,0,0,0,0,0
7.940853000,0,0,0,1,0,0,0,0
7.940862000,0,0,0,0,0,0,0,0
7.940870000,0,0,0,1,0,0,0,0
7.940879000,0,0,0,0,0,0,0,0
7.940888000,0,0,0,1,0,0,0,0
7.940914000,0,0,0,0,0,0,0,0
7.940940000,0,0,0,1,0,0,0,0
7.940948000,0,0,0,0,0,0,0,0
7.940957000,0,0,0,1,0,0,0,0
7.940966000,0,0,0,0,0,0,0,0
7.940974000,0,0,0,1,0,0,0,0
7.940983000,0,0,0,0,0,0,0,0
7.941027000,0,0,0,1,0,0,0,0
7.941035000,0,0,0,0,0,0,0,0
7.941044000,0,0,0,1,0,0,0,0
7.941053000,0,0,0,0,0,0,0,0
7.941070000,0,0,0,1,0,0,0,0
7.941079000,0,0,0,0,0,0,0,0
7.941096000,0,0,0,1,0,0,0,0
7.941105000,0,0,0,0,0,0,0,0
7.941113000,0,0,0,1,0,0,0,0
7.941122000,0,0,0,0,0,0,0,0
7.941131000,0,0,0,1,0,0,0,0
7.941140000,0,0,0,0,0,0,0,0
7.941166000,0,0,0,1,0,0,0,0
7.941174000,0,0,0,0,0,0,0,0
7.941200000,0,0,0,1,0,0,0,0
7.941209000,0,0,0,0,0,0,0,0
7.941218000,0,0,0,1,0,0,0,0
7.941226000,0,0,0,0,0,0,0,0
7.941235000,0,0,0,1,0,0,0,0
7.941244000,0,0,0,0,0,0,0,0
7.941252000,0,0,0,1,0,0,0,0
7.941270000,0,0,0,0,0,0,0,0
7.941279000,0,0,0,1,0,0,0,0
7.941287000,0,0,0,0,0,0,0,0
7.941305000,0,0,0,1,0,0,0,0
7.941313000,0,0,0,0,0,0,0,0
7.941322000,0,0,0,1,0,0,0,0
7.941348000,0,0,0,0,0,0,0,0
7.941374000,0,0,0,1,0,0,0,0
7.941383000,0,0,0,0,0,0,0,0
7.941391000,0,0,0,1,0,0,0,0
7.941400000,0,0,0,0,0,0,0,0
7.941444000,0,0,0,1,0,0,0,0
7.941452000,0,0,0,0,0,0,0,0
7.941461000,0,0,0,1,0,0,0,0
7.941470000,0,0,0,0,0,0,0,0
7.941478000,0,0,0,1,0,0,0,0
7.941487000,0,0,0,0,0,0,0,0
7.941496000,0,0,0,1,0,0,0,0
7.941504000,0,0,0,0,0,0,0,0
7.941522000,0,0,0,1,0,0,0,0
7.941530000,0,0,0,0,0,0,0,0
7.941548000,0,0,0,1,0,0,0,0
7.941557000,0,0,0,0,0,0,0,0
7.941565000,0,0,0,1,0,0,0,0
7.941574000,0,0,0,0,0,0,0,0
7.941583000,0,0,0,1,0,0,0,0
7.941617000,0,0,0,0,0,0,0,0
7.941635000,0,0,0,1,0,0,0,0
7.941643000,0,0,0,0,0,0,0,0
7.941652000,0,0,0,1,0,0,0,0
7.941661000,0,0,0,0,0,0,0,0
7.941669000,0,0,0,1,0,0,0,0
7.941678000,0,0,0,0,0,0,0,0
7.941687000,0,0,0,1,0,0,0,0
7.941704000,0,0,0,0,0,0,0,0
7.941713000,0,0,0,1,0,0,0,0
7.941722000,0,0,0,0,0,0,0,0
7.941739000,0,0,0,1,0,0,0,0
7.941748000,0,0,0,0,0,0,0,0
7.941774000,0,0,0,1,0,0,0,0
7.941791000,0,0,0,0,0,0,0,0
7.941808000,0,0,0,1,0,0,0,0
7.941817000,0,0,0,0,0,0,0,0
7.941826000,0,0,0,1,0,0,0,0
7.941835000,0,0,0,0,0,0,0,0
7.941843000,0,0,0,1,0,0,0,0
7.941878000,0,0,0,0,0,0,0,0
7.941895000,0,0,0,1,0,0,0,0
7.941904000,0,0,0,0,0,0,0,0
7.941913000,0,0,0,1,0,0,0,0
7.941921000,0,0,0,0,0,0,0,0
7.941930000,0,0,0,1,0,0,0,0
7.941965000,0,0,0,0,0,0,0,0
7.941982000,0,0,0,1,0,0,0,0
7.941991000,0,0,0,0,0,0,0,0
7.942000000,0,0,0,1,0,0,0,0
7.942008000,0,0,0,0,0,0,0,0
7.942052000,0,0,0,1,0,0,0,0
7.942060000,0,0,0,0,0,0,0,0
7.942069000,0,0,0,1,0,0,0,0
7.942078000,0,0,0,0,0,0,0,0
7.942086000,0,0,0,1,0,0,0,0
7.942095000,0,0,0,0,0,0,0,0
7.942112000,0,0,0,1,0,0,0,0
7.942121000,0,0,0,0,0,0,0,0
7.942156000,0,0,0,1,0,0,0,0
7.942165000,0,0,0,0,0,0,0,0
7.942173000,0,0,0,1,0,0,0,0
7.942182000,0,0,0,0,0,0,0,0
7.942191000,0,0,0,1,0,0,0,0
7.942199000,0,0,0,0,0,0,0,0
7.942243000,0,0,0,1,0,0,0,0
7.942251000,0,0,0,0,0,0,0,0
7.942260000,0,0,0,1,0,0,0,0
7.942269000,0,0,0,0,0,0,0,0
7.942278000,0,0,0,1,0,0,0,0
7.942295000,0,0,0,0,0,0,0,0
7.942330000,0,0,0,1,0,0,0,0
7.942338000,0,0,0,0,0,0,0,0
7.942347000,0,0,0,1,0,0,0,0
7.942356000,0,0,0,0,0,0,0,0
7.942364000,0,0,0,1,0,0,0,0
7.942382000,0,0,0,0,0,0,0,0
7.942390000,0,0,0,1,0,0,0,0
7.942399000,0,0,0,0,0,0,0,0
7.942417000,0,0,0,1,0,0,0,0
7.942425000,0,0,0,0,0,0,0,0
7.942434000,0,0,0,1,0,0,0,0
7.942443000,0,0,0,0,0,0,0,0
7.942451000,0,0,0,1,0,0,0,0
7.942460000,0,0,0,0,0,0,0,0
7.942469000,0,0,0,1,0,0,0,0
7.942486000,0,0,0,0,0,0,0,0
7.942495000,0,0,0,1,0,0,0,0
7.942503000,0,0,0,0,0,0,0,0
7.942521000,0,0,0,1,0,0,0,0
7.942529000,0,0,0,0,0,0,0,0
7.942573000,0,0,0,1,0,0,0,0
7.942590000,0,0,0,0,0,0,0,0
7.942608000,0,0,0,1,0,0,0,0
7.942616000,0,0,0,0,0,0,0,0
7.942625000,0,0,0,1,0,0,0,0
7.942634000,0,0,0,0,0,0,0,0
7.942660000,0,0,0,1,0,0,0,0
7.942677000,0,0,0,0,0,0,0,0
7.942695000,0,0,0,1,0,0,0,0
7.942703000,0,0,0,0,0,0,0,0
7.942721000,0,0,0,1,0,0,0,0
7.942729000,0,0,0,0,0,0,0,0
7.942747000,0,0,0,1,0,0,0,0
7.942764000,0,0,0,0,0,0,0,0
7.942781000,0,0,0,1,0,0,0,0
7.942790000,0,0,0,0,0,0,0,0
7.942799000,0,0,0,1,0,0,0,0
7.942816000,0,0,0,0,0,0,0,0
7.942834000,0,0,0,1,0,0,0,0
7.942851000,0,0,0,0,0,0,0,0
7.942868000,0,0,0,1,0,0,0,0
7.942877000,0,0,0,0,0,0,0,0
7.942903000,0,0,0,1,0,0,0,0
7.942912000,0,0,0,0,0,0,0,0
7.942920000,0,0,0,1,0,0,0,0
7.942938000,0,0,0,0,0,0,0,0
7.942955000,0,0,0,1,0,0,0,0
7.942964000,0,0,0,0,0,0,0,0
7.942973000,0,0,0,1,0,0,0,0
7.942981000,0,0,0,0,0,0,0,0
7.942990000,0,0,0,1,0,0,0,0
7.942999000,0,0,0,0,0,0,0,0
7.943007000,0,0,0,1,0,0,0,0
7.943025000,0,0,0,0,0,0,0,0
7.943042000,0,0,0,1,0,0,0,0
7.943051000,0,0,0,0,0,0,0,0
7.943068000,0,0,0,1,0,0,0,0
7.943085000,0,0,0,0,0,0,0,0
7.943094000,0,0,0,1,0,0,0,0
7.943112000,0,0,0,0,0,0,0,0
7.943129000,0,0,0,1,0,0,0,0
7.943138000,0,0,0,0,0,0,0,0
7.943146000,0,0,0,1,0,0,0,0
7.943172000,0,0,0,0,0,0,0,0
7.943181000,0,0,0,1,0,0,0,0
7.943198000,0,0,0,0,0,0,0,0
7.943216000,0,0,0,1,0,0,0,0
7.943224000,0,0,0,0,0,0,0,0
7.943259000,0,0,0,1,0,0,0,0
7.943285000,0,0,0,0,0,0,0,0
7.943303000,0,0,0,1,0,0,0,0
7.943311000,0,0,0,0,0,0,0,0
7.943320000,0,0,0,1,0,0,0,0
7.943329000,0,0,0,0,0,0,0,0
7.943346000,0,0,0,1,0,0,0,0
7.943372000,0,0,0,0,0,0,0,0
7.943390000,0,0,0,1,0,0,0,0
8.147529000,0,0,0,0,0,0,0,0
8.147537000,0,0,0,1,0,0,0,0
8.147546000,0,0,0,0,0,0,0,0
8.147555000,0,0,0,1,0,0,0,0
8.147572000,0,0,0,0,0,0,0,0
8.147590000,0,0,0,1,0,0,0,0
8.147598000,0,0,0,0,0,0,0,0
8.147607000,0,0,0,1,0,0,0,0
8.147616000,0,0,0,0,0,0,0,0
8.147624000,0,0,0,1,0,0,0,0
8.147633000,0,0,0,0,0,0,0,0
8.147650000,0,0,0,1,0,0,0,0
8.147659000,0,0,0,0,0,0,0,0
8.147676000,0,0,0,1,0,0,0,0
8.147685000,0,0,0,0,0,0,0,0
8.147694000,0,0,0,1,0,0,0,0
8.147703000,0,0,0,0,0,0,0,0
8.147720000,0,0,0,1,0,0,0,0
8.147746000,0,0,0,0,0,0,0,0
8.147763000,0,0,0,1,0,0,0,0
8.147772000,0,0,0,0,0,0,0,0
8.147781000,0,0,0,1,0,0,0,0
8.147789000,0,0,0,0,0,0,0,0
8.147815000,0,0,0,1,0,0,0,0
8.147824000,0,0,0,0,0,0,0,0
8.147850000,0,0,0,1,0,0,0,0
8.147859000,0,0,0,0,0,0,0,0
8.147868000,0,0,0,1,0,0,0,0
8.147876000,0,0,0,0,0,0,0,0
8.147885000,0,0,0,1,0,0,0,0
8.147911000,0,0,0,0,0,0,0,0
8.147937000,0,0,0,1,0,0,0,0
8.147946000,0,0,0,0,0,0,0,0
8.147954000,0,0,0,1,0,0,0,0
8.147963000,0,0,0,0,0,0,0,0
8.147972000,0,0,0,1,0,0,0,0
8.147981000,0,0,0,0,0,0,0,0
8.148024000,0,0,0,1,0,0,0,0
8.148033000,0,0,0,0,0,0,0,0
8.148041000,0,0,0,1,0,0,0,0
8.148050000,0,0,0,0,0,0,0,0
8.148067000,0,0,0,1,0,0,0,0
8.148076000,0,0,0,0,0,0,0,0
8.148093000,0,0,0,1,0,0,0,0
8.148102000,0,0,0,0,0,0,0,0
8.148111000,0,0,0,1,0,0,0,0
8.148120000,0,0,0,0,0,0,0,0
8.148128000,0,0,0,1,0,0,0,0
8.148137000,0,0,0,0,0,0,0,0
8.148163000,0,0,0,1,0,0,0,0
8.148172000,0,0,0,0,0,0,0,0
8.148198000,0,0,0,1,0,0,0,0
8.148206000,0,0,0,0,0,0,0,0
8.148215000,0,0,0,1,0,0,0,0
8.148224000,0,0,0,0,0,0,0,0
8.148232000,0,0,0,1,0,0,0,0
8.148241000,0,0,0,0,0,0,0,0
8.148250000,0,0,0,1,0,0,0,0
8.148267000,0,0,0,0,0,0,0,0
8.148276000,0,0,0,1,0,0,0,0
8.148285000,0,0,0,0,0,0,0,0
8.148302000,0,0,0,1,0,0,0,0
8.148311000,0,0,0,0,0,0,0,0
8.148319000,0,0,0,1,0,0,0,0
8.148345000,0,0,0,0,0,0,0,0
8.148371000,0,0,0,1,0,0,0,0
8.148380000,0,0,0,0,0,0,0,0
8.148389000,0,0,0,1,0,0,0,0
8.148397000,0,0,0,0,0,0,0,0
8.148441000,0,0,0,1,0,0,0,0
8.148450000,0,0,0,0,0,0,0,0
8.148458000,0,0,0,1,0,0,0,0
8.148467000,0,0,0,0,0,0,0,0
8.148476000,0,0,0,1,0,0,0,0
8.148484000,0,0,0,0,0,0,0,0
8.148493000,0,0,0,1,0,0,0,0
8.148502000,0,0,0,0,0,0,0,0
8.148519000,0,0,0,1,0,0,0,0
8.148528000,0,0,0,0,0,0,0,0
8.148545000,0,0,0,1,0,0,0,0
8.148554000,0,0,0,0,0,0,0,0
8.148563000,0,0,0,1,0,0,0,0
8.148571000,0,0,0,0,0,0,0,0
8.148580000,0,0,0,1,0,0,0,0
8.148615000,0,0,0,0,0,0,0,0
8.148632000,0,0,0,1,0,0,0,0
8.148641000,0,0,0,0,0,0,0,0
8.148649000,0,0,0,1,0,0,0,0
8.148658000,0,0,0,0,0,0,0,0
8.148667000,0,0,0,1,0,0,0,0
8.148675000,0,0,0,0,0,0,0,0
8.148684000,0,0,0,1,0,0,0,0
8.148702000,0,0,0,0,0,0,0,0
8.148710000,0,0,0,1,0,0,0,0
8.148719000,0,0,0,0,0,0,0,0
8.148736000,0,0,0,1,0,0,0,0
8.148745000,0,0,0,0,0,0,0,0
8.148771000,0,0,0,1,0,0,0,0
8.148788000,0,0,0,0,0,0,0,0
8.148806000,0,0,0,1,0,0,0,0
8.148814000,0,0,0,0,0,0,0,0
8.148823000,0,0,0,1,0,0,0,0
8.148832000,0,0,0,0,0,0,0,0
8.148841000,0,0,0,1,0,0,0,0
8.148875000,0,0,0,0,0,0,0,0
8.148893000,0,0,0,1,0,0,0,0
8.148901000,0,0,0,0,0,0,0,0
8.148910000,0,0,0,1,0,0,0,0
8.148919000,0,0,0,0,0,0,0,0
8.148927000,0,0,0,1,0,0,0,0
8.148962000,0,0,0,0,0,0,0,0
8.148980000,0,0,0,1,0,0,0,0
8.148988000,0,0,0,0,0,0,0,0
8.148997000,0,0,0,1,0,0,0,0
8.149006000,0,0,0,0,0,0,0,0
8.149049000,0,0,0,1,0,0,0,0
8.149058000,0,0,0,0,0,0,0,0
8.149066000,0,0,0,1,0,0,0,0
8.149075000,0,0,0,0,0,0,0,0
8.149084000,0,0,0,1,0,0,0,0
8.149092000,0,0,0,0,0,0,0,0
8.149110000,0,0,0,1,0,0,0,0
8.149119000,0,0,0,0,0,0,0,0
8.149153000,0,0,0,1,0,0,0,0
8.149162000,0,0,0,0,0,0,0,0
8.149171000,0,0,0,1,0,0,0,0
8.149179000,0,0,0,0,0,0,0,0
8.149188000,0,0,0,1,0,0,0,0
8.149197000,0,0,0,0,0,0,0,0
8.149240000,0,0,0,1,0,0,0,0
8.149249000,0,0,0,0,0,0,0,0
8.149258000,0,0,0,1,0,0,0,0
8.149266000,0,0,0,0,0,0,0,0
8.149275000,0,0,0,1,0,0,0,0
8.149292000,0,0,0,0,0,0,0,0
8.149327000,0,0,0,1,0,0,0,0
8.149336000,0,0,0,0,0,0,0,0
8.149344000,0,0,0,1,0,0,0,0
8.149353000,0,0,0,0,0,0,0,0
8.149362000,0,0,0,1,0,0,0,0
8.149379000,0,0,0,0,0,0,0,0
8.149388000,0,0,0,1,0,0,0,0
8.149397000,0,0,0,0,0,0,0,0
8.149414000,0,0,0,1,0,0,0,0
8.149423000,0,0,0,0,0,0,0,0
8.149431000,0,0,0,1,0,0,0,0
8.149440000,0,0,0,0,0,0,0,0
8.149449000,0,0,0,1,0,0,0,0
8.149457000,0,0,0,0,0,0,0,0
8.149466000,0,0,0,1,0,0,0,0
8.149483000,0,0,0,0,0,0,0,0
8.149492000,0,0,0,1,0,0,0,0
8.149501000,0,0,0,0,0,0,0,0
8.149518000,0,0,0,1,0,0,0,0
8.149527000,0,0,0,0,0,0,0,0
8.149570000,0,0,0,1,0,0,0,0
8.149588000,0,0,0,0,0,0,0,0
8.149605000,0,0,0,1,0,0,0,0
8.149614000,0,0,0,0,0,0,0,0
8.149622000,0,0,0,1,0,0,0,0
8.149631000,0,0,0,0,0,0,0,0
8.149657000,0,0,0,1,0,0,0,0
8.149675000,0,0,0,0,0,0,0,0
8.149692000,0,0,0,1,0,0,0,0
8.149701000,0,0,0,0,0,0,0,0
8.149718000,0,0,0,1,0,0,0,0
8.149727000,0,0,0,0,0,0,0,0
8.149744000,0,0,0,1,0,0,0,0
8.149761000,0,0,0,0,0,0,0,0
8.149779000,0,0,0,1,0,0,0,0
8.149787000,0,0,0,0,0,0,0,0
8.149796000,0,0,0,1,0,0,0,0
8.149814000,0,0,0,0,0,0,0,0
8.149831000,0,0,0,1,0,0,0,0
8.149848000,0,0,0,0,0,0,0,0
8.149866000,0,0,0,1,0,0,0,0
8.149874000,0,0,0,0,0,0,0,0
8.149900000,0,0,0,1,0,0,0,0
8.149909000,0,0,0,0,0,0,0,0
8.149918000,0,0,0,1,0,0,0,0
8.149935000,0,0,0,0,0,0,0,0
8.149953000,0,0,0,1,0,0,0,0
8.149961000,0,0,0,0,0,0,0,0
8.149970000,0,0,0,1,0,0,0,0
8.149979000,0,0,0,0,0,0,0,0
8.149987000,0,0,0,1,0,0,0,0
8.149996000,0,0,0,0,0,0,0,0
8.150005000,0,0,0,1,0,0,0,0
8.150022000,0,0,0,0,0,0,0,0
8.150039000,0,0,0,1,0,0,0,0
8.150048000,0,0,0,0,0,0,0,0
8.150065000,0,0,0,1,0,0,0,0
8.150083000,0,0,0,0,0,0,0,0
8.150092000,0,0,0,1,0,0,0,0
8.150109000,0,0,0,0,0,0,0,0
8.150126000,0,0,0,1,0,0,0,0
8.150135000,0,0,0,0,0,0,0,0
8.150144000,0,0,0,1,0,0,0,0
8.150170000,0,0,0,0,0,0,0,0
8.150178000,0,0,0,1,0,0,0,0
8.150196000,0,0,0,0,0,0,0,0
8.150213000,0,0,0,1,0,0,0,0
8.150222000,0,0,0,0,0,0,0,0
8.150257000,0,0,0,1,0,0,0,0
8.150283000,0,0,0,0,0,0,0,0
8.150300000,0,0,0,1,0,0,0,0
8.150309000,0,0,0,0,0,0,0,0
8.150317000,0,0,0,1,0,0,0,0
8.150326000,0,0,0,0,0,0,0,0
8.150343000,0,0,0,1,0,0,0,0
8.150370000,0,0,0,0,0,0,0,0
8.150387000,0,0,0,1,0,0,0,0
8.354560000,0,0,0,0,0,0,0,0
8.354569000,0,0,0,1,0,0,0,0
8.354577000,0,0,0,0,0,0,0,0
8.354586000,0,0,0,1,0,0,0,0
8.354603000,0,0,0,0,0,0,0,0
8.354621000,0,0,0,1,0,0,0,0
8.354629000,0,0,0,0,0,0,0,0
8.354638000,0,0,0,1,0,0,0,0
8.354647000,0,0,0,0,0,0,0,0
8.354655000,0,0,0,1,0,0,0,0
8.354664000,0,0,0,0,0,0,0,0
8.354681000,0,0,0,1,0,0,0,0
8.354690000,0,0,0,0,0,0,0,0
8.354708000,0,0,0,1,0,0,0,0
8.354716000,0,0,0,0,0,0,0,0
8.354725000,0,0,0,1,0,0,0,0
8.354734000,0,0,0,0,0,0,0,0
8.354751000,0,0,0,1,0,0,0,0
8.354777000,0,0,0,0,0,0,0,0
8.354794000,0,0,0,1,0,0,0,0
8.354803000,0,0,0,0,0,0,0,0
8.354812000,0,0,0,1,0,0,0,0
8.354820000,0,0,0,0,0,0,0,0
8.354847000,0,0,0,1,0,0,0,0
8.354855000,0,0,0,0,0,0,0,0
8.354881000,0,0,0,1,0,0,0,0
8.354890000,0,0,0,0,0,0,0,0
8.354899000,0,0,0,1,0,0,0,0
8.354907000,0,0,0,0,0,0,0,0
8.354916000,0,0,0,1,0,0,0,0
8.354942000,0,0,0,0,0,0,0,0
8.354968000,0,0,0,1,0,0,0,0
8.354977000,0,0,0,0,0,0,0,0
8.354986000,0,0,0,1,0,0,0,0
8.354994000,0,0,0,0,0,0,0,0
8.355003000,0,0,0,1,0,0,0,0
8.355012000,0,0,0,0,0,0,0,0
8.355055000,0,0,0,1,0,0,0,0
8.355064000,0,0,0,0,0,0,0,0
8.355072000,0,0,0,1,0,0,0,0
8.355081000,0,0,0,0,0,0,0,0
8.355098000,0,0,0,1,0,0,0,0
8.355107000,0,0,0,0,0,0,0,0
8.355125000,0,0,0,1,0,0,0,0
8.355133000,0,0,0,0,0,0,0,0
8.355142000,0,0,0,1,0,0,0,0
8.355151000,0,0,0,0,0,0,0,0
8.355159000,0,0,0,1,0,0,0,0
8.355168000,0,0,0,0,0,0,0,0
8.355194000,0,0,0,1,0,0,0,0
8.355203000,0,0,0,0,0,0,0,0
8.355229000,0,0,0,1,0,0,0,0
8.355237000,0,0,0,0,0,0,0,0
8.355246000,0,0,0,1,0,0,0,0
8.355255000,0,0,0,0,0,0,0,0
8.355264000,0,0,0,1,0,0,0,0
8.355272000,0,0,0,0,0,0,0,0
8.355281000,0,0,0,1,0,0,0,0
8.355298000,0,0,0,0,0,0,0,0
8.355307000,0,0,0,1,0,0,0,0
8.355316000,0,0,0,0,0,0,0,0
8.355333000,0,0,0,1,0,0,0,0
8.355342000,0,0,0,0,0,0,0,0
8.355350000,0,0,0,1,0,0,0,0
8.355376000,0,0,0,0,0,0,0,0
8.355403000,0,0,0,1,0,0,0,0
8.355411000,0,0,0,0,0,0,0,0
8.355420000,0,0,0,1,0,0,0,0
8.355429000,0,0,0,0,0,0,0,0
8.355472000,0,0,0,1,0,0,0,0
8.355481000,0,0,0,0,0,0,0,0
8.355489000,0,0,0,1,0,0,0,0
8.355498000,0,0,0,0,0,0,0,0
8.355507000,0,0,0,1,0,0,0,0
8.355515000,0,0,0,0,0,0,0,0
8.355524000,0,0,0,1,0,0,0,0
8.355533000,0,0,0,0,0,0,0,0
8.355550000,0,0,0,1,0,0,0,0
8.355559000,0,0,0,0,0,0,0,0
8.355576000,0,0,0,1,0,0,0,0
8.355585000,0,0,0,0,0,0,0,0
8.355594000,0,0,0,1,0,0,0,0
8.355602000,0,0,0,0,0,0,0,0
8.355611000,0,0,0,1,0,0,0,0
8.355646000,0,0,0,0,0,0,0,0
8.355663000,0,0,0,1,0,0,0,0
8.355672000,0,0,0,0,0,0,0,0
8.355681000,0,0,0,1,0,0,0,0
8.355689000,0,0,0,0,0,0,0,0
8.355698000,0,0,0,1,0,0,0,0
8.355707000,0,0,0,0,0,0,0,0
8.355715000,0,0,0,1,0,0,0,0
8.355733000,0,0,0,0,0,0,0,0
8.355741000,0,0,0,1,0,0,0,0
8.355750000,0,0,0,0,0,0,0,0
8.355767000,0,0,0,1,0,0,0,0
8.355776000,0,0,0,0,0,0,0,0
8.355802000,0,0,0,1,0,0,0,0
8.355820000,0,0,0,0,0,0,0,0
8.355837000,0,0,0,1,0,0,0,0
8.355846000,0,0,0,0,0,0,0,0
8.355854000,0,0,0,1,0,0,0,0
8.355863000,0,0,0,0,0,0,0,0
8.355872000,0,0,0,1,0,0,0,0
8.355906000,0,0,0,0,0,0,0,0
8.355924000,0,0,0,1,0,0,0,0
8.355932000,0,0,0,0,0,0,0,0
8.355941000,0,0,0,1,0,0,0,0
8.355950000,0,0,0,0,0,0,0,0
8.355959000,0,0,0,1,0,0,0,0
8.355993000,0,0,0,0,0,0,0,0
8.356011000,0,0,0,1,0,0,0,0
8.356019000,0,0,0,0,0,0,0,0
8.356028000,0,0,0,1,0,0,0,0
8.356037000,0,0,0,0,0,0,0,0
8.356080000,0,0,0,1,0,0,0,0
8.356089000,0,0,0,0,0,0,0,0
8.356098000,0,0,0,1,0,0,0,0
8.356106000,0,0,0,0,0,0,0,0
8.356115000,0,0,0,1,0,0,0,0
8.356124000,0,0,0,0,0,0,0,0
8.356141000,0,0,0,1,0,0,0,0
8.356150000,0,0,0,0,0,0,0,0
8.356184000,0,0,0,1,0,0,0,0
8.356193000,0,0,0,0,0,0,0,0
8.356202000,0,0,0,1,0,0,0,0
8.356210000,0,0,0,0,0,0,0,0
8.356219000,0,0,0,1,0,0,0,0
8.356228000,0,0,0,0,0,0,0,0
8.356271000,0,0,0,1,0,0,0,0
8.356280000,0,0,0,0,0,0,0,0
8.356289000,0,0,0,1,0,0,0,0
8.356297000,0,0,0,0,0,0,0,0
8.356306000,0,0,0,1,0,0,0,0
8.356323000,0,0,0,0,0,0,0,0
8.356358000,0,0,0,1,0,0,0,0
8.356367000,0,0,0,0,0,0,0,0
8.356376000,0,0,0,1,0,0,0,0
8.356384000,0,0,0,0,0,0,0,0
8.356393000,0,0,0,1,0,0,0,0
8.356410000,0,0,0,0,0,0,0,0
8.356419000,0,0,0,1,0,0,0,0
8.356428000,0,0,0,0,0,0,0,0
8.356445000,0,0,0,1,0,0,0,0
8.356454000,0,0,0,0,0,0,0,0
8.356462000,0,0,0,1,0,0,0,0
8.356471000,0,0,0,0,0,0,0,0
8.356480000,0,0,0,1,0,0,0,0
8.356488000,0,0,0,0,0,0,0,0
8.356497000,0,0,0,1,0,0,0,0
8.356515000,0,0,0,0,0,0,0,0
8.356523000,0,0,0,1,0,0,0,0
8.356532000,0,0,0,0,0,0,0,0
8.356549000,0,0,0,1,0,0,0,0
8.356558000,0,0,0,0,0,0,0,0
8.356601000,0,0,0,1,0,0,0,0
8.356619000,0,0,0,0,0,0,0,0
8.356636000,0,0,0,1,0,0,0,0
8.356645000,0,0,0,0,0,0,0,0
8.356654000,0,0,0,1,0,0,0,0
8.356662000,0,0,0,0,0,0,0,0
8.356688000,0,0,0,1,0,0,0,0
8.356706000,0,0,0,0,0,0,0,0
8.356723000,0,0,0,1,0,0,0,0
8.356732000,0,0,0,0,0,0,0,0
8.356749000,0,0,0,1,0,0,0,0
8.356758000,0,0,0,0,0,0,0,0
8.356775000,0,0,0,1,0,0,0,0
8.356793000,0,0,0,0,0,0,0,0
8.356810000,0,0,0,1,0,0,0,0
8.356819000,0,0,0,0,0,0,0,0
8.356827000,0,0,0,1,0,0,0,0
8.356845000,0,0,0,0,0,0,0,0
8.356862000,0,0,0,1,0,0,0,0
8.356879000,0,0,0,0,0,0,0,0
8.356897000,0,0,0,1,0,0,0,0
8.356905000,0,0,0,0,0,0,0,0
8.356932000,0,0,0,1,0,0,0,0
8.356940000,0,0,0,0,0,0,0,0
8.356949000,0,0,0,1,0,0,0,0
8.356966000,0,0,0,0,0,0,0,0
8.356984000,0,0,0,1,0,0,0,0
8.356992000,0,0,0,0,0,0,0,0
8.357001000,0,0,0,1,0,0,0,0
8.357010000,0,0,0,0,0,0,0,0
8.357018000,0,0,0,1,0,0,0,0
8.357027000,0,0,0,0,0,0,0,0
8.357036000,0,0,0,1,0,0,0,0
8.357053000,0,0,0,0,0,0,0,0
8.357071000,0,0,0,1,0,0,0,0
8.357079000,0,0,0,0,0,0,0,0
8.357097000,0,0,0,1,0,0,0,0
8.357114000,0,0,0,0,0,0,0,0
8.357123000,0,0,0,1,0,0,0,0
8.357140000,0,0,0,0,0,0,0,0
8.357157000,0,0,0,1,0,0,0,0
8.357166000,0,0,0,0,0,0,0,0
8.357175000,0,0,0,1,0,0,0,0
8.357201000,0,0,0,0,0,0,0,0
8.357209000,0,0,0,1,0,0,0,0
8.357227000,0,0,0,0,0,0,0,0
8.357244000,0,0,0,1,0,0,0,0
8.357253000,0,0,0,0,0,0,0,0
8.357288000,0,0,0,1,0,0,0,0
8.357314000,0,0,0,0,0,0,0,0
8.357331000,0,0,0,1,0,0,0,0
8.357340000,0,0,0,0,0,0,0,0
8.357348000,0,0,0,1,0,0,0,0
8.357357000,0,0,0,0,0,0,0,0
8.357375000,0,0,0,1,0,0,0,0
8.357401000,0,0,0,0,0,0,0,0
8.357418000,0,0,0,1,0,0,0,0
8.554523000,0,0,0,0,0,0,0,0
8.554532000,0,0,0,1,0,0,0,0
8.554541000,0,0,0,0,0,0,0,0
8.554549000,0,0,0,1,0,0,0,0
8.554567000,0,0,0,0,0,0,0,0
8.554584000,0,0,0,1,0,0,0,0
8.554593000,0,0,0,0,0,0,0,0
8.554602000,0,0,0,1,0,0,0,0
8.554610000,0,0,0,0,0,0,0,0
8.554619000,0,0,0,1,0,0,0,0
8.554628000,0,0,0,0,0,0,0,0
8.554645000,0,0,0,1,0,0,0,0
8.554654000,0,0,0,0,0,0,0,0
8.554671000,0,0,0,1,0,0,0,0
8.554680000,0,0,0,0,0,0,0,0
8.554688000,0,0,0,1,0,0,0,0
8.554697000,0,0,0,0,0,0,0,0
8.554714000,0,0,0,1,0,0,0,0
8.554741000,0,0,0,0,0,0,0,0
8.554758000,0,0,0,1,0,0,0,0
8.554767000,0,0,0,0,0,0,0,0
8.554775000,0,0,0,1,0,0,0,0
8.554784000,0,0,0,0,0,0,0,0
8.554810000,0,0,0,1,0,0,0,0
8.554819000,0,0,0,0,0,0,0,0
8.554845000,0,0,0,1,0,0,0,0
8.554853000,0,0,0,0,0,0,0,0
8.554862000,0,0,0,1,0,0,0,0
8.554871000,0,0,0,0,0,0,0,0
8.554880000,0,0,0,1,0,0,0,0
8.554906000,0,0,0,0,0,0,0,0
8.554932000,0,0,0,1,0,0,0,0
8.554940000,0,0,0,0,0,0,0,0
8.554949000,0,0,0,1,0,0,0,0
8.554958000,0,0,0,0,0,0,0,0
8.554966000,0,0,0,1,0,0,0,0
8.554975000,0,0,0,0,0,0,0,0
8.555019000,0,0,0,1,0,0,0,0
8.555027000,0,0,0,0,0,0,0,0
8.555036000,0,0,0,1,0,0,0,0
8.555045000,0,0,0,0,0,0,0,0
8.555062000,0,0,0,1,0,0,0,0
8.555071000,0,0,0,0,0,0,0,0
8.555088000,0,0,0,1,0,0,0,0
8.555097000,0,0,0,0,0,0,0,0
8.555105000,0,0,0,1,0,0,0,0
8.555114000,0,0,0,0,0,0,0,0
8.555123000,0,0,0,1,0,0,0,0
8.555131000,0,0,0,0,0,0,0,0
8.555158000,0,0,0,1,0,0,0,0
8.555166000,0,0,0,0,0,0,0,0
8.555192000,0,0,0,1,0,0,0,0
8.555201000,0,0,0,0,0,0,0,0
8.555210000,0,0,0,1,0,0,0,0
8.555218000,0,0,0,0,0,0,0,0
8.555227000,0,0,0,1,0,0,0,0
8.555236000,0,0,0,0,0,0,0,0
8.555244000,0,0,0,1,0,0,0,0
8.555262000,0,0,0,0,0,0,0,0
8.555270000,0,0,0,1,0,0,0,0
8.555279000,0,0,0,0,0,0,0,0
8.555297000,0,0,0,1,0,0,0,0
8.555305000,0,0,0,0,0,0,0,0
8.555314000,0,0,0,1,0,0,0,0
8.555340000,0,0,0,0,0,0,0,0
8.555366000,0,0,0,1,0,0,0,0
8.555375000,0,0,0,0,0,0,0,0
8.555383000,0,0,0,1,0,0,0,0
8.555392000,0,0,0,0,0,0,0,0
8.555436000,0,0,0,1,0,0,0,0
8.555444000,0,0,0,0,0,0,0,0
8.555453000,0,0,0,1,0,0,0,0
8.555462000,0,0,0,0,0,0,0,0
8.555470000,0,0,0,1,0,0,0,0
8.555479000,0,0,0,0,0,0,0,0
8.555488000,0,0,0,1,0,0,0,0
8.555496000,0,0,0,0,0,0,0,0
8.555514000,0,0,0,1,0,0,0,0
8.555522000,0,0,0,0,0,0,0,0
8.555540000,0,0,0,1,0,0,0,0
8.555548000,0,0,0,0,0,0,0,0
8.555557000,0,0,0,1,0,0,0,0
8.555566000,0,0,0,0,0,0,0,0
8.555574000,0,0,0,1,0,0,0,0
8.555609000,0,0,0,0,0,0,0,0
8.555627000,0,0,0,1,0,0,0,0
8.555635000,0,0,0,0,0,0,0,0
8.555644000,0,0,0,1,0,0,0,0
8.555653000,0,0,0,0,0,0,0,0
8.555661000,0,0,0,1,0,0,0,0
8.555670000,0,0,0,0,0,0,0,0
8.555679000,0,0,0,1,0,0,0,0
8.555696000,0,0,0,0,0,0,0,0
8.555705000,0,0,0,1,0,0,0,0
8.555714000,0,0,0,0,0,0,0,0
8.555731000,0,0,0,1,0,0,0,0
8.555740000,0,0,0,0,0,0,0,0
8.555766000,0,0,0,1,0,0,0,0
8.555783000,0,0,0,0,0,0,0,0
8.555800000,0,0,0,1,0,0,0,0
8.555809000,0,0,0,0,0,0,0,0
8.555818000,0,0,0,1,0,0,0,0
8.555826000,0,0,0,0,0,0,0,0
8.555835000,0,0,0,1,0,0,0,0
8.555870000,0,0,0,0,0,0,0,0
8.555887000,0,0,0,1,0,0,0,0
8.555896000,0,0,0,0,0,0,0,0
8.555905000,0,0,0,1,0,0,0,0
8.555913000,0,0,0,0,0,0,0,0
8.555922000,0,0,0,1,0,0,0,0
8.555957000,0,0,0,0,0,0,0,0
8.555974000,0,0,0,1,0,0,0,0
8.555983000,0,0,0,0,0,0,0,0
8.555991000,0,0,0,1,0,0,0,0
8.556000000,0,0,0,0,0,0,0,0
8.556044000,0,0,0,1,0,0,0,0
8.556052000,0,0,0,0,0,0,0,0
8.556061000,0,0,0,1,0,0,0,0
8.556070000,0,0,0,0,0,0,0,0
8.556078000,0,0,0,1,0,0,0,0
8.556087000,0,0,0,0,0,0,0,0
8.556104000,0,0,0,1,0,0,0,0
8.556113000,0,0,0,0,0,0,0,0
8.556148000,0,0,0,1,0,0,0,0
8.556157000,0,0,0,0,0,0,0,0
8.556165000,0,0,0,1,0,0,0,0
8.556174000,0,0,0,0,0,0,0,0
8.556183000,0,0,0,1,0,0,0,0
8.556191000,0,0,0,0,0,0,0,0
8.556235000,0,0,0,1,0,0,0,0
8.556243000,0,0,0,0,0,0,0,0
8.556252000,0,0,0,1,0,0,0,0
8.556261000,0,0,0,0,0,0,0,0
8.556269000,0,0,0,1,0,0,0,0
8.556287000,0,0,0,0,0,0,0,0
8.556322000,0,0,0,1,0,0,0,0
8.556330000,0,0,0,0,0,0,0,0
8.556339000,0,0,0,1,0,0,0,0
8.556348000,0,0,0,0,0,0,0,0
8.556356000,0,0,0,1,0,0,0,0
8.556374000,0,0,0,0,0,0,0,0
8.556382000,0,0,0,1,0,0,0,0
8.556391000,0,0,0,0,0,0,0,0
8.556408000,0,0,0,1,0,0,0,0
8.556417000,0,0,0,0,0,0,0,0
8.556426000,0,0,0,1,0,0,0,0
8.556435000,0,0,0,0,0,0,0,0
8.556443000,0,0,0,1,0,0,0,0
8.556452000,0,0,0,0,0,0,0,0
8.556461000,0,0,0,1,0,0,0,0
8.556478000,0,0,0,0,0,0,0,0
8.556487000,0,0,0,1,0,0,0,0
8.556495000,0,0,0,0,0,0,0,0
8.556513000,0,0,0,1,0,0,0,0
8.556521000,0,0,0,0,0,0,0,0
8.556565000,0,0,0,1,0,0,0,0
8.556582000,0,0,0,0,0,0,0,0
8.556600000,0,0,0,1,0,0,0,0
8.556608000,0,0,0,0,0,0,0,0
8.556617000,0,0,0,1,0,0,0,0
8.556626000,0,0,0,0,0,0,0,0
8.556652000,0,0,0,1,0,0,0,0
8.556669000,0,0,0,0,0,0,0,0
8.556686000,0,0,0,1,0,0,0,0
8.556695000,0,0,0,0,0,0,0,0
8.556713000,0,0,0,1,0,0,0,0
8.556721000,0,0,0,0,0,0,0,0
8.556739000,0,0,0,1,0,0,0,0
8.556756000,0,0,0,0,0,0,0,0
8.556773000,0,0,0,1,0,0,0,0
8.556782000,0,0,0,0,0,0,0,0
8.556791000,0,0,0,1,0,0,0,0
8.556808000,0,0,0,0,0,0,0,0
8.556825000,0,0,0,1,0,0,0,0
8.556843000,0,0,0,0,0,0,0,0
8.556860000,0,0,0,1,0,0,0,0
8.556869000,0,0,0,0,0,0,0,0
8.556895000,0,0,0,1,0,0,0,0
8.556904000,0,0,0,0,0,0,0,0
8.556912000,0,0,0,1,0,0,0,0
8.556930000,0,0,0,0,0,0,0,0
8.556947000,0,0,0,1,0,0,0,0
8.556956000,0,0,0,0,0,0,0,0
8.556964000,0,0,0,1,0,0,0,0
8.556973000,0,0,0,0,0,0,0,0
8.556982000,0,0,0,1,0,0,0,0
8.556991000,0,0,0,0,0,0,0,0
8.556999000,0,0,0,1,0,0,0,0
8.557017000,0,0,0,0,0,0,0,0
8.557034000,0,0,0,1,0,0,0,0
8.557043000,0,0,0,0,0,0,0,0
8.557060000,0,0,0,1,0,0,0,0
8.557077000,0,0,0,0,0,0,0,0
8.557086000,0,0,0,1,0,0,0,0
8.557103000,0,0,0,0,0,0,0,0
8.557121000,0,0,0,1,0,0,0,0
8.557130000,0,0,0,0,0,0,0,0
8.557138000,0,0,0,1,0,0,0,0
8.557164000,0,0,0,0,0,0,0,0
8.557173000,0,0,0,1,0,0,0,0
8.557190000,0,0,0,0,0,0,0,0
8.557208000,0,0,0,1,0,0,0,0
8.557216000,0,0,0,0,0,0,0,0
8.557251000,0,0,0,1,0,0,0,0
8.557277000,0,0,0,0,0,0,0,0
8.557295000,0,0,0,1,0,0,0,0
8.557303000,0,0,0,0,0,0,0,0
8.557312000,0,0,0,1,0,0,0,0
8.557321000,0,0,0,0,0,0,0,0
8.557338000,0,0,0,1,0,0,0,0
8.557364000,0,0,0,0,0,0,0,0
8.557381000,0,0,0,1,0,0,0,0
8.756521000,0,0,0,0,0,0,0,0
8.756529000,0,0,0,1,0,0,0,0
8.756538000,0,0,0,0,0,0,0,0
8.756547000,0,0,0,1,0,0,0,0
8.756564000,0,0,0,0,0,0,0,0
8.756581000,0,0,0,1,0,0,0,0
8.756590000,0,0,0,0,0,0,0,0
8.756599000,0,0,0,1,0,0,0,0
8.756607000,0,0,0,0,0,0,0,0
8.756616000,0,0,0,1,0,0,0,0
8.756625000,0,0,0,0,0,0,0,0
8.756642000,0,0,0,1,0,0,0,0
8.756651000,0,0,0,0,0,0,0,0
8.756668000,0,0,0,1,0,0,0,0
8.756677000,0,0,0,0,0,0,0,0
8.756686000,0,0,0,1,0,0,0,0
8.756694000,0,0,0,0,0,0,0,0
8.756712000,0,0,0,1,0,0,0,0
8.756738000,0,0,0,0,0,0,0,0
8.756755000,0,0,0,1,0,0,0,0
8.756764000,0,0,0,0,0,0,0,0
8.756773000,0,0,0,1,0,0,0,0
8.756781000,0,0,0,0,0,0,0,0
8.756807000,0,0,0,1,0,0,0,0
8.756816000,0,0,0,0,0,0,0,0
8.756842000,0,0,0,1,0,0,0,0
8.756851000,0,0,0,0,0,0,0,0
8.756859000,0,0,0,1,0,0,0,0
8.756868000,0,0,0,0,0,0,0,0
8.756877000,0,0,0,1,0,0,0,0
8.756903000,0,0,0,0,0,0,0,0
8.756929000,0,0,0,1,0,0,0,0
8.756938000,0,0,0,0,0,0,0,0
8.756946000,0,0,0,1,0,0,0,0
8.756955000,0,0,0,0,0,0,0,0
8.756964000,0,0,0,1,0,0,0,0
8.756972000,0,0,0,0,0,0,0,0
8.757016000,0,0,0,1,0,0,0,0
8.757024000,0,0,0,0,0,0,0,0
8.757033000,0,0,0,1,0,0,0,0
8.757042000,0,0,0,0,0,0,0,0
8.757059000,0,0,0,1,0,0,0,0
8.757068000,0,0,0,0,0,0,0,0
8.757085000,0,0,0,1,0,0,0,0
8.757094000,0,0,0,0,0,0,0,0
8.757103000,0,0,0,1,0,0,0,0
8.757111000,0,0,0,0,0,0,0,0
8.757120000,0,0,0,1,0,0,0,0
8.757129000,0,0,0,0,0,0,0,0
8.757155000,0,0,0,1,0,0,0,0
8.757163000,0,0,0,0,0,0,0,0
8.757190000,0,0,0,1,0,0,0,0
8.757198000,0,0,0,0,0,0,0,0
8.757207000,0,0,0,1,0,0,0,0
8.757216000,0,0,0,0,0,0,0,0
8.757224000,0,0,0,1,0,0,0,0
8.757233000,0,0,0,0,0,0,0,0
8.757242000,0,0,0,1,0,0,0,0
8.757259000,0,0,0,0,0,0,0,0
8.757268000,0,0,0,1,0,0,0,0
8.757276000,0,0,0,0,0,0,0,0
8.757294000,0,0,0,1,0,0,0,0
8.757302000,0,0,0,0,0,0,0,0
8.757311000,0,0,0,1,0,0,0,0
8.757337000,0,0,0,0,0,0,0,0
8.757363000,0,0,0,1,0,0,0,0
8.757372000,0,0,0,0,0,0,0,0
8.757381000,0,0,0,1,0,0,0,0
8.757389000,0,0,0,0,0,0,0,0
8.757433000,0,0,0,1,0,0,0,0
8.757441000,0,0,0,0,0,0,0,0
8.757450000,0,0,0,1,0,0,0,0
8.757459000,0,0,0,0,0,0,0,0
8.757468000,0,0,0,1,0,0,0,0
8.757476000,0,0,0,0,0,0,0,0
8.757485000,0,0,0,1,0,0,0,0
8.757494000,0,0,0,0,0,0,0,0
8.757511000,0,0,0,1,0,0,0,0
8.757520000,0,0,0,0,0,0,0,0
8.757537000,0,0,0,1,0,0,0,0
8.757546000,0,0,0,0,0,0,0,0
8.757554000,0,0,0,1,0,0,0,0
8.757563000,0,0,0,0,0,0,0,0
8.757572000,0,0,0,1,0,0,0,0
8.757607000,0,0,0,0,0,0,0,0
8.757624000,0,0,0,1,0,0,0,0
8.757633000,0,0,0,0,0,0,0,0
8.757641000,0,0,0,1,0,0,0,0
8.757650000,0,0,0,0,0,0,0,0
8.757659000,0,0,0,1,0,0,0,0
8.757667000,0,0,0,0,0,0,0,0
8.757676000,0,0,0,1,0,0,0,0
8.757693000,0,0,0,0,0,0,0,0
8.757702000,0,0,0,1,0,0,0,0
8.757711000,0,0,0,0,0,0,0,0
8.757728000,0,0,0,1,0,0,0,0
8.757737000,0,0,0,0,0,0,0,0
8.757763000,0,0,0,1,0,0,0,0
8.757780000,0,0,0,0,0,0,0,0
8.757798000,0,0,0,1,0,0,0,0
8.757806000,0,0,0,0,0,0,0,0
8.757815000,0,0,0,1,0,0,0,0
8.757824000,0,0,0,0,0,0,0,0
8.757832000,0,0,0,1,0,0,0,0
8.757867000,0,0,0,0,0,0,0,0
8.757885000,0,0,0,1,0,0,0,0
8.757893000,0,0,0,0,0,0,0,0
8.757902000,0,0,0,1,0,0,0,0
8.757911000,0,0,0,0,0,0,0,0
8.757919000,0,0,0,1,0,0,0,0
8.757954000,0,0,0,0,0,0,0,0
8.757971000,0,0,0,1,0,0,0,0
8.757980000,0,0,0,0,0,0,0,0
8.757989000,0,0,0,1,0,0,0,0
8.757997000,0,0,0,0,0,0,0,0
8.758041000,0,0,0,1,0,0,0,0
8.758050000,0,0,0,0,0,0,0,0
8.758058000,0,0,0,1,0,0,0,0
8.758067000,0,0,0,0,0,0,0,0
8.758076000,0,0,0,1,0,0,0,0
8.758084000,0,0,0,0,0,0,0,0
8.758102000,0,0,0,1,0,0,0,0
8.758110000,0,0,0,0,0,0,0,0
8.758145000,0,0,0,1,0,0,0,0
8.758154000,0,0,0,0,0,0,0,0
8.758163000,0,0,0,1,0,0,0,0
8.758171000,0,0,0,0,0,0,0,0
8.758180000,0,0,0,1,0,0,0,0
8.758189000,0,0,0,0,0,0,0,0
8.758232000,0,0,0,1,0,0,0,0
8.758241000,0,0,0,0,0,0,0,0
8.758249000,0,0,0,1,0,0,0,0
8.758258000,0,0,0,0,0,0,0,0
8.758267000,0,0,0,1,0,0,0,0
8.758284000,0,0,0,0,0,0,0,0
8.758319000,0,0,0,1,0,0,0,0
8.758328000,0,0,0,0,0,0,0,0
8.758336000,0,0,0,1,0,0,0,0
8.758345000,0,0,0,0,0,0,0,0
8.758354000,0,0,0,1,0,0,0,0
8.758371000,0,0,0,0,0,0,0,0
8.758380000,0,0,0,1,0,0,0,0
8.758388000,0,0,0,0,0,0,0,0
8.758406000,0,0,0,1,0,0,0,0
8.758414000,0,0,0,0,0,0,0,0
8.758423000,0,0,0,1,0,0,0,0
8.758432000,0,0,0,0,0,0,0,0
8.758441000,0,0,0,1,0,0,0,0
8.758449000,0,0,0,0,0,0,0,0
8.758458000,0,0,0,1,0,0,0,0
8.758475000,0,0,0,0,0,0,0,0
8.758484000,0,0,0,1,0,0,0,0
8.758493000,0,0,0,0,0,0,0,0
8.758510000,0,0,0,1,0,0,0,0
8.758519000,0,0,0,0,0,0,0,0
8.758562000,0,0,0,1,0,0,0,0
8.758580000,0,0,0,0,0,0,0,0
8.758597000,0,0,0,1,0,0,0,0
8.758606000,0,0,0,0,0,0,0,0
8.758614000,0,0,0,1,0,0,0,0
8.758623000,0,0,0,0,0,0,0,0
8.758649000,0,0,0,1,0,0,0,0
8.758666000,0,0,0,0,0,0,0,0
8.758684000,0,0,0,1,0,0,0,0
8.758692000,0,0,0,0,0,0,0,0
8.758710000,0,0,0,1,0,0,0,0
8.758719000,0,0,0,0,0,0,0,0
8.758736000,0,0,0,1,0,0,0,0
8.758753000,0,0,0,0,0,0,0,0
8.758771000,0,0,0,1,0,0,0,0
8.758779000,0,0,0,0,0,0,0,0
8.758788000,0,0,0,1,0,0,0,0
8.758805000,0,0,0,0,0,0,0,0
8.758823000,0,0,0,1,0,0,0,0
8.758840000,0,0,0,0,0,0,0,0
8.758858000,0,0,0,1,0,0,0,0
8.758866000,0,0,0,0,0,0,0,0
8.758892000,0,0,0,1,0,0,0,0
8.758901000,0,0,0,0,0,0,0,0
8.758910000,0,0,0,1,0,0,0,0
8.758927000,0,0,0,0,0,0,0,0
8.758944000,0,0,0,1,0,0,0,0
8.758953000,0,0,0,0,0,0,0,0
8.758962000,0,0,0,1,0,0,0,0
8.758970000,0,0,0,0,0,0,0,0
8.758979000,0,0,0,1,0,0,0,0
8.758988000,0,0,0,0,0,0,0,0
8.758997000,0,0,0,1,0,0,0,0
8.759014000,0,0,0,0,0,0,0,0
8.759031000,0,0,0,1,0,0,0,0
8.759040000,0,0,0,0,0,0,0,0
8.759057000,0,0,0,1,0,0,0,0
8.759075000,0,0,0,0,0,0,0,0
8.759083000,0,0,0,1,0,0,0,0
8.759101000,0,0,0,0,0,0,0,0
8.759118000,0,0,0,1,0,0,0,0
8.759127000,0,0,0,0,0,0,0,0
8.759136000,0,0,0,1,0,0,0,0
8.759162000,0,0,0,0,0,0,0,0
8.759170000,0,0,0,1,0,0,0,0
8.759188000,0,0,0,0,0,0,0,0
8.759205000,0,0,0,1,0,0,0,0
8.759214000,0,0,0,0,0,0,0,0
8.759248000,0,0,0,1,0,0,0,0
8.759275000,0,0,0,0,0,0,0,0
8.759292000,0,0,0,1,0,0,0,0
8.759301000,0,0,0,0,0,0,0,0
8.759309000,0,0,0,1,0,0,0,0
8.759318000,0,0,0,0,0,0,0,0
8.759335000,0,0,0,1,0,0,0,0
8.759361000,0,0,0,0,0,0,0,0
8.759379000,0,0,0,1,0,0,0,0
8.947518000,0,0,0,0,0,0,0,0
8.947527000,0,0,0,1,0,0,0,0
8.947535000,0,0,0,0,0,0,0,0
8.947544000,0,0,0,1,0,0,0,0
8.947561000,0,0,0,0,0,0,0,0
8.947579000,0,0,0,1,0,0,0,0
8.947588000,0,0,0,0,0,0,0,0
8.947596000,0,0,0,1,0,0,0,0
8.947605000,0,0,0,0,0,0,0,0
8.947614000,0,0,0,1,0,0,0,0
8.947622000,0,0,0,0,0,0,0,0
8.947640000,0,0,0,1,0,0,0,0
8.947648000,0,0,0,0,0,0,0,0
8.947666000,0,0,0,1,0,0,0,0
8.947674000,0,0,0,0,0,0,0,0
8.947683000,0,0,0,1,0,0,0,0
8.947692000,0,0,0,0,0,0,0,0
8.947709000,0,0,0,1,0,0,0,0
8.947735000,0,0,0,0,0,0,0,0
8.947753000,0,0,0,1,0,0,0,0
8.947761000,0,0,0,0,0,0,0,0
8.947770000,0,0,0,1,0,0,0,0
8.947779000,0,0,0,0,0,0,0,0
8.947805000,0,0,0,1,0,0,0,0
8.947813000,0,0,0,0,0,0,0,0
8.947839000,0,0,0,1,0,0,0,0
8.947848000,0,0,0,0,0,0,0,0
8.947857000,0,0,0,1,0,0,0,0
8.947866000,0,0,0,0,0,0,0,0
8.947874000,0,0,0,1,0,0,0,0
8.947900000,0,0,0,0,0,0,0,0
8.947926000,0,0,0,1,0,0,0,0
8.947935000,0,0,0,0,0,0,0,0
8.947944000,0,0,0,1,0,0,0,0
8.947952000,0,0,0,0,0,0,0,0
8.947961000,0,0,0,1,0,0,0,0
8.947970000,0,0,0,0,0,0,0,0
8.948013000,0,0,0,1,0,0,0,0
8.948022000,0,0,0,0,0,0,0,0
8.948031000,0,0,0,1,0,0,0,0
8.948039000,0,0,0,0,0,0,0,0
8.948057000,0,0,0,1,0,0,0,0
8.948065000,0,0,0,0,0,0,0,0
8.948083000,0,0,0,1,0,0,0,0
8.948091000,0,0,0,0,0,0,0,0
8.948100000,0,0,0,1,0,0,0,0
8.948109000,0,0,0,0,0,0,0,0
8.948117000,0,0,0,1,0,0,0,0
8.948126000,0,0,0,0,0,0,0,0
8.948152000,0,0,0,1,0,0,0,0
8.948161000,0,0,0,0,0,0,0,0
8.948187000,0,0,0,1,0,0,0,0
8.948196000,0,0,0,0,0,0,0,0
8.948204000,0,0,0,1,0,0,0,0
8.948213000,0,0,0,0,0,0,0,0
8.948222000,0,0,0,1,0,0,0,0
8.948230000,0,0,0,0,0,0,0,0
8.948239000,0,0,0,1,0,0,0,0
8.948256000,0,0,0,0,0,0,0,0
8.948265000,0,0,0,1,0,0,0,0
8.948274000,0,0,0,0,0,0,0,0
8.948291000,0,0,0,1,0,0,0,0
8.948300000,0,0,0,0,0,0,0,0
8.948309000,0,0,0,1,0,0,0,0
8.948335000,0,0,0,0,0,0,0,0
8.948361000,0,0,0,1,0,0,0,0
8.948369000,0,0,0,0,0,0,0,0
8.948378000,0,0,0,1,0,0,0,0
8.948387000,0,0,0,0,0,0,0,0
8.948430000,0,0,0,1,0,0,0,0
8.948439000,0,0,0,0,0,0,0,0
8.948448000,0,0,0,1,0,0,0,0
8.948456000,0,0,0,0,0,0,0,0
8.948465000,0,0,0,1,0,0,0,0
8.948474000,0,0,0,0,0,0,0,0
8.948482000,0,0,0,1,0,0,0,0
8.948491000,0,0,0,0,0,0,0,0
8.948508000,0,0,0,1,0,0,0,0
8.948517000,0,0,0,0,0,0,0,0
8.948534000,0,0,0,1,0,0,0,0
8.948543000,0,0,0,0,0,0,0,0
8.948552000,0,0,0,1,0,0,0,0
8.948560000,0,0,0,0,0,0,0,0
8.948569000,0,0,0,1,0,0,0,0
8.948604000,0,0,0,0,0,0,0,0
8.948621000,0,0,0,1,0,0,0,0
8.948630000,0,0,0,0,0,0,0,0
8.948639000,0,0,0,1,0,0,0,0
8.948647000,0,0,0,0,0,0,0,0
8.948656000,0,0,0,1,0,0,0,0
8.948665000,0,0,0,0,0,0,0,0
8.948673000,0,0,0,1,0,0,0,0
8.948691000,0,0,0,0,0,0,0,0
8.948699000,0,0,0,1,0,0,0,0
8.948708000,0,0,0,0,0,0,0,0
8.948726000,0,0,0,1,0,0,0,0
8.948734000,0,0,0,0,0,0,0,0
8.948760000,0,0,0,1,0,0,0,0
8.948778000,0,0,0,0,0,0,0,0
8.948795000,0,0,0,1,0,0,0,0
8.948804000,0,0,0,0,0,0,0,0
8.948812000,0,0,0,1,0,0,0,0
8.948821000,0,0,0,0,0,0,0,0
8.948830000,0,0,0,1,0,0,0,0
8.948865000,0,0,0,0,0,0,0,0
8.948882000,0,0,0,1,0,0,0,0
8.948891000,0,0,0,0,0,0,0,0
8.948899000,0,0,0,1,0,0,0,0
8.948908000,0,0,0,0,0,0,0,0
8.948917000,0,0,0,1,0,0,0,0
8.948951000,0,0,0,0,0,0,0,0
8.948969000,0,0,0,1,0,0,0,0
8.948977000,0,0,0,0,0,0,0,0
8.948986000,0,0,0,1,0,0,0,0
8.948995000,0,0,0,0,0,0,0,0
8.949038000,0,0,0,1,0,0,0,0
8.949047000,0,0,0,0,0,0,0,0
8.949056000,0,0,0,1,0,0,0,0
8.949064000,0,0,0,0,0,0,0,0
8.949073000,0,0,0,1,0,0,0,0
8.949082000,0,0,0,0,0,0,0,0
8.949099000,0,0,0,1,0,0,0,0
8.949108000,0,0,0,0,0,0,0,0
8.949143000,0,0,0,1,0,0,0,0
8.949151000,0,0,0,0,0,0,0,0
8.949160000,0,0,0,1,0,0,0,0
8.949169000,0,0,0,0,0,0,0,0
8.949177000,0,0,0,1,0,0,0,0
8.949186000,0,0,0,0,0,0,0,0
8.949229000,0,0,0,1,0,0,0,0
8.949238000,0,0,0,0,0,0,0,0
8.949247000,0,0,0,1,0,0,0,0
8.949255000,0,0,0,0,0,0,0,0
8.949264000,0,0,0,1,0,0,0,0
8.949282000,0,0,0,0,0,0,0,0
8.949316000,0,0,0,1,0,0,0,0
8.949325000,0,0,0,0,0,0,0,0
8.949334000,0,0,0,1,0,0,0,0
8.949342000,0,0,0,0,0,0,0,0
8.949351000,0,0,0,1,0,0,0,0
8.949368000,0,0,0,0,0,0,0,0
8.949377000,0,0,0,1,0,0,0,0
8.949386000,0,0,0,0,0,0,0,0
8.949403000,0,0,0,1,0,0,0,0
8.949412000,0,0,0,0,0,0,0,0
8.949421000,0,0,0,1,0,0,0,0
8.949429000,0,0,0,0,0,0,0,0
8.949438000,0,0,0,1,0,0,0,0
8.949447000,0,0,0,0,0,0,0,0
8.949455000,0,0,0,1,0,0,0,0
8.949473000,0,0,0,0,0,0,0,0
8.949481000,0,0,0,1,0,0,0,0
8.949490000,0,0,0,0,0,0,0,0
8.949507000,0,0,0,1,0,0,0,0
8.949516000,0,0,0,0,0,0,0,0
8.949560000,0,0,0,1,0,0,0,0
8.949577000,0,0,0,0,0,0,0,0
8.949594000,0,0,0,1,0,0,0,0
8.949603000,0,0,0,0,0,0,0,0
8.949612000,0,0,0,1,0,0,0,0
8.949620000,0,0,0,0,0,0,0,0
8.949646000,0,0,0,1,0,0,0,0
8.949664000,0,0,0,0,0,0,0,0
8.949681000,0,0,0,1,0,0,0,0
8.949690000,0,0,0,0,0,0,0,0
8.949707000,0,0,0,1,0,0,0,0
8.949716000,0,0,0,0,0,0,0,0
8.949733000,0,0,0,1,0,0,0,0
8.949751000,0,0,0,0,0,0,0,0
8.949768000,0,0,0,1,0,0,0,0
8.949777000,0,0,0,0,0,0,0,0
8.949785000,0,0,0,1,0,0,0,0
8.949803000,0,0,0,0,0,0,0,0
8.949820000,0,0,0,1,0,0,0,0
8.949838000,0,0,0,0,0,0,0,0
8.949855000,0,0,0,1,0,0,0,0
8.949864000,0,0,0,0,0,0,0,0
8.949890000,0,0,0,1,0,0,0,0
8.949898000,0,0,0,0,0,0,0,0
8.949907000,0,0,0,1,0,0,0,0
8.949924000,0,0,0,0,0,0,0,0
8.949942000,0,0,0,1,0,0,0,0
8.949950000,0,0,0,0,0,0,0,0
8.949959000,0,0,0,1,0,0,0,0
8.949968000,0,0,0,0,0,0,0,0
8.949977000,0,0,0,1,0,0,0,0
8.949985000,0,0,0,0,0,0,0,0
8.949994000,0,0,0,1,0,0,0,0
8.950011000,0,0,0,0,0,0,0,0
8.950029000,0,0,0,1,0,0,0,0
8.950037000,0,0,0,0,0,0,0,0
8.950055000,0,0,0,1,0,0,0,0
8.950072000,0,0,0,0,0,0,0,0
8.950081000,0,0,0,1,0,0,0,0
8.950098000,0,0,0,0,0,0,0,0
8.950116000,0,0,0,1,0,0,0,0
8.950124000,0,0,0,0,0,0,0,0
8.950133000,0,0,0,1,0,0,0,0
8.950159000,0,0,0,0,0,0,0,0
8.950168000,0,0,0,1,0,0,0,0
8.950185000,0,0,0,0,0,0,0,0
8.950202000,0,0,0,1,0,0,0,0
8.950211000,0,0,0,0,0,0,0,0
8.950246000,0,0,0,1,0,0,0,0
8.950272000,0,0,0,0,0,0,0,0
8.950289000,0,0,0,1,0,0,0,0
8.950298000,0,0,0,0,0,0,0,0
8.950307000,0,0,0,1,0,0,0,0
8.950315000,0,0,0,0,0,0,0,0
8.950333000,0,0,0,1,0,0,0,0
8.950359000,0,0,0,0,0,0,0,0
8.950376000,0,0,0,1,0,0,0,0
9.159515000,0,0,0,0,0,0,0,0
9.159524000,0,0,0,1,0,0,0,0
9.159533000,0,0,0,0,0,0,0,0
9.159541000,0,0,0,1,0,0,0,0
9.159559000,0,0,0,0,0,0,0,0
9.159576000,0,0,0,1,0,0,0,0
9.159585000,0,0,0,0,0,0,0,0
9.159593000,0,0,0,1,0,0,0,0
9.159602000,0,0,0,0,0,0,0,0
9.159611000,0,0,0,1,0,0,0,0
9.159619000,0,0,0,0,0,0,0,0
9.159637000,0,0,0,1,0,0,0,0
9.159646000,0,0,0,0,0,0,0,0
9.159663000,0,0,0,1,0,0,0,0
9.159672000,0,0,0,0,0,0,0,0
9.159680000,0,0,0,1,0,0,0,0
9.159689000,0,0,0,0,0,0,0,0
9.159706000,0,0,0,1,0,0,0,0
9.159732000,0,0,0,0,0,0,0,0
9.159750000,0,0,0,1,0,0,0,0
9.159758000,0,0,0,0,0,0,0,0
9.159767000,0,0,0,1,0,0,0,0
9.159776000,0,0,0,0,0,0,0,0
9.159802000,0,0,0,1,0,0,0,0
9.159811000,0,0,0,0,0,0,0,0
9.159837000,0,0,0,1,0,0,0,0
9.159845000,0,0,0,0,0,0,0,0
9.159854000,0,0,0,1,0,0,0,0
9.159863000,0,0,0,0,0,0,0,0
9.159871000,0,0,0,1,0,0,0,0
9.159897000,0,0,0,0,0,0,0,0
9.159924000,0,0,0,1,0,0,0,0
9.159932000,0,0,0,0,0,0,0,0
9.159941000,0,0,0,1,0,0,0,0
9.159950000,0,0,0,0,0,0,0,0
9.159958000,0,0,0,1,0,0,0,0
9.159967000,0,0,0,0,0,0,0,0
9.160010000,0,0,0,1,0,0,0,0
9.160019000,0,0,0,0,0,0,0,0
9.160028000,0,0,0,1,0,0,0,0
9.160036000,0,0,0,0,0,0,0,0
9.160054000,0,0,0,1,0,0,0,0
9.160063000,0,0,0,0,0,0,0,0
9.160080000,0,0,0,1,0,0,0,0
9.160089000,0,0,0,0,0,0,0,0
9.160097000,0,0,0,1,0,0,0,0
9.160106000,0,0,0,0,0,0,0,0
9.160115000,0,0,0,1,0,0,0,0
9.160123000,0,0,0,0,0,0,0,0
9.160149000,0,0,0,1,0,0,0,0
9.160158000,0,0,0,0,0,0,0,0
9.160184000,0,0,0,1,0,0,0,0
9.160193000,0,0,0,0,0,0,0,0
9.160202000,0,0,0,1,0,0,0,0
9.160210000,0,0,0,0,0,0,0,0
9.160219000,0,0,0,1,0,0,0,0
9.160228000,0,0,0,0,0,0,0,0
9.160236000,0,0,0,1,0,0,0,0
9.160254000,0,0,0,0,0,0,0,0
9.160262000,0,0,0,1,0,0,0,0
9.160271000,0,0,0,0,0,0,0,0
9.160288000,0,0,0,1,0,0,0,0
9.160297000,0,0,0,0,0,0,0,0
9.160306000,0,0,0,1,0,0,0,0
9.160332000,0,0,0,0,0,0,0,0
9.160358000,0,0,0,1,0,0,0,0
9.160367000,0,0,0,0,0,0,0,0
9.160375000,0,0,0,1,0,0,0,0
9.160384000,0,0,0,0,0,0,0,0
9.160427000,0,0,0,1,0,0,0,0
9.160436000,0,0,0,0,0,0,0,0
9.160445000,0,0,0,1,0,0,0,0
9.160453000,0,0,0,0,0,0,0,0
9.160462000,0,0,0,1,0,0,0,0
9.160471000,0,0,0,0,0,0,0,0
9.160480000,0,0,0,1,0,0,0,0
9.160488000,0,0,0,0,0,0,0,0
9.160506000,0,0,0,1,0,0,0,0
9.160514000,0,0,0,0,0,0,0,0
9.160532000,0,0,0,1,0,0,0,0
9.160540000,0,0,0,0,0,0,0,0
9.160549000,0,0,0,1,0,0,0,0
9.160558000,0,0,0,0,0,0,0,0
9.160566000,0,0,0,1,0,0,0,0
9.160601000,0,0,0,0,0,0,0,0
9.160619000,0,0,0,1,0,0,0,0
9.160627000,0,0,0,0,0,0,0,0
9.160636000,0,0,0,1,0,0,0,0
9.160645000,0,0,0,0,0,0,0,0
9.160653000,0,0,0,1,0,0,0,0
9.160662000,0,0,0,0,0,0,0,0
9.160671000,0,0,0,1,0,0,0,0
9.160688000,0,0,0,0,0,0,0,0
9.160697000,0,0,0,1,0,0,0,0
9.160705000,0,0,0,0,0,0,0,0
9.160723000,0,0,0,1,0,0,0,0
9.160731000,0,0,0,0,0,0,0,0
9.160758000,0,0,0,1,0,0,0,0
9.160775000,0,0,0,0,0,0,0,0
9.160792000,0,0,0,1,0,0,0,0
9.160801000,0,0,0,0,0,0,0,0
9.160810000,0,0,0,1,0,0,0,0
9.160818000,0,0,0,0,0,0,0,0
9.160827000,0,0,0,1,0,0,0,0
9.160862000,0,0,0,0,0,0,0,0
9.160879000,0,0,0,1,0,0,0,0
9.160888000,0,0,0,0,0,0,0,0
9.160897000,0,0,0,1,0,0,0,0
9.160905000,0,0,0,0,0,0,0,0
9.160914000,0,0,0,1,0,0,0,0
9.160949000,0,0,0,0,0,0,0,0
9.160966000,0,0,0,1,0,0,0,0
9.160975000,0,0,0,0,0,0,0,0
9.160983000,0,0,0,1,0,0,0,0
9.160992000,0,0,0,0,0,0,0,0
9.161036000,0,0,0,1,0,0,0,0
9.161044000,0,0,0,0,0,0,0,0
9.161053000,0,0,0,1,0,0,0,0
9.161062000,0,0,0,0,0,0,0,0
9.161070000,0,0,0,1,0,0,0,0
9.161079000,0,0,0,0,0,0,0,0
9.161096000,0,0,0,1,0,0,0,0
9.161105000,0,0,0,0,0,0,0,0
9.161140000,0,0,0,1,0,0,0,0
9.161148000,0,0,0,0,0,0,0,0
9.161157000,0,0,0,1,0,0,0,0
9.161166000,0,0,0,0,0,0,0,0
9.161174000,0,0,0,1,0,0,0,0
9.161183000,0,0,0,0,0,0,0,0
9.161227000,0,0,0,1,0,0,0,0
9.161235000,0,0,0,0,0,0,0,0
9.161244000,0,0,0,1,0,0,0,0
9.161253000,0,0,0,0,0,0,0,0
9.161261000,0,0,0,1,0,0,0,0
9.161279000,0,0,0,0,0,0,0,0
9.161313000,0,0,0,1,0,0,0,0
9.161322000,0,0,0,0,0,0,0,0
9.161331000,0,0,0,1,0,0,0,0
9.161340000,0,0,0,0,0,0,0,0
9.161348000,0,0,0,1,0,0,0,0
9.161366000,0,0,0,0,0,0,0,0
9.161374000,0,0,0,1,0,0,0,0
9.161383000,0,0,0,0,0,0,0,0
9.161400000,0,0,0,1,0,0,0,0
9.161409000,0,0,0,0,0,0,0,0
9.161418000,0,0,0,1,0,0,0,0
9.161426000,0,0,0,0,0,0,0,0
9.161435000,0,0,0,1,0,0,0,0
9.161444000,0,0,0,0,0,0,0,0
9.161452000,0,0,0,1,0,0,0,0
9.161470000,0,0,0,0,0,0,0,0
9.161479000,0,0,0,1,0,0,0,0
9.161487000,0,0,0,0,0,0,0,0
9.161505000,0,0,0,1,0,0,0,0
9.161513000,0,0,0,0,0,0,0,0
9.161557000,0,0,0,1,0,0,0,0
9.161574000,0,0,0,0,0,0,0,0
9.161591000,0,0,0,1,0,0,0,0
9.161600000,0,0,0,0,0,0,0,0
9.161609000,0,0,0,1,0,0,0,0
9.161618000,0,0,0,0,0,0,0,0
9.161644000,0,0,0,1,0,0,0,0
9.161661000,0,0,0,0,0,0,0,0
9.161678000,0,0,0,1,0,0,0,0
9.161687000,0,0,0,0,0,0,0,0
9.161704000,0,0,0,1,0,0,0,0
9.161713000,0,0,0,0,0,0,0,0
9.161730000,0,0,0,1,0,0,0,0
9.161748000,0,0,0,0,0,0,0,0
9.161765000,0,0,0,1,0,0,0,0
9.161774000,0,0,0,0,0,0,0,0
9.161783000,0,0,0,1,0,0,0,0
9.161800000,0,0,0,0,0,0,0,0
9.161817000,0,0,0,1,0,0,0,0
9.161835000,0,0,0,0,0,0,0,0
9.161852000,0,0,0,1,0,0,0,0
9.161861000,0,0,0,0,0,0,0,0
9.161887000,0,0,0,1,0,0,0,0
9.161896000,0,0,0,0,0,0,0,0
9.161904000,0,0,0,1,0,0,0,0
9.161922000,0,0,0,0,0,0,0,0
9.161939000,0,0,0,1,0,0,0,0
9.161948000,0,0,0,0,0,0,0,0
9.161956000,0,0,0,1,0,0,0,0
9.161965000,0,0,0,0,0,0,0,0
9.161974000,0,0,0,1,0,0,0,0
9.161982000,0,0,0,0,0,0,0,0
9.161991000,0,0,0,1,0,0,0,0
9.162008000,0,0,0,0,0,0,0,0
9.162026000,0,0,0,1,0,0,0,0
9.162035000,0,0,0,0,0,0,0,0
9.162052000,0,0,0,1,0,0,0,0
9.162069000,0,0,0,0,0,0,0,0
9.162078000,0,0,0,1,0,0,0,0
9.162095000,0,0,0,0,0,0,0,0
9.162113000,0,0,0,1,0,0,0,0
9.162121000,0,0,0,0,0,0,0,0
9.162130000,0,0,0,1,0,0,0,0
9.162156000,0,0,0,0,0,0,0,0
9.162165000,0,0,0,1,0,0,0,0
9.162182000,0,0,0,0,0,0,0,0
9.162200000,0,0,0,1,0,0,0,0
9.162208000,0,0,0,0,0,0,0,0
9.162243000,0,0,0,1,0,0,0,0
9.162269000,0,0,0,0,0,0,0,0
9.162286000,0,0,0,1,0,0,0,0
9.162295000,0,0,0,0,0,0,0,0
9.162304000,0,0,0,1,0,0,0,0
9.162313000,0,0,0,0,0,0,0,0
9.162330000,0,0,0,1,0,0,0,0
9.162356000,0,0,0,0,0,0,0,0
9.162373000,0,0,0,1,0,0,0,0
9.361513000,0,0,0,0,0,0,0,0
9.361521000,0,0,0,1,0,0,0,0
9.361530000,0,0,0,0,0,0,0,0
9.361539000,0,0,0,1,0,0,0,0
9.361556000,0,0,0,0,0,0,0,0
9.361573000,0,0,0,1,0,0,0,0
9.361582000,0,0,0,0,0,0,0,0
9.361591000,0,0,0,1,0,0,0,0
9.361599000,0,0,0,0,0,0,0,0
9.361608000,0,0,0,1,0,0,0,0
9.361617000,0,0,0,0,0,0,0,0
9.361634000,0,0,0,1,0,0,0,0
9.361643000,0,0,0,0,0,0,0,0
9.361660000,0,0,0,1,0,0,0,0
9.361669000,0,0,0,0,0,0,0,0
9.361678000,0,0,0,1,0,0,0,0
9.361686000,0,0,0,0,0,0,0,0
9.361704000,0,0,0,1,0,0,0,0
9.361730000,0,0,0,0,0,0,0,0
9.361747000,0,0,0,1,0,0,0,0
9.361756000,0,0,0,0,0,0,0,0
9.361764000,0,0,0,1,0,0,0,0
9.361773000,0,0,0,0,0,0,0,0
9.361799000,0,0,0,1,0,0,0,0
9.361808000,0,0,0,0,0,0,0,0
9.361834000,0,0,0,1,0,0,0,0
9.361843000,0,0,0,0,0,0,0,0
9.361851000,0,0,0,1,0,0,0,0
9.361860000,0,0,0,0,0,0,0,0
9.361869000,0,0,0,1,0,0,0,0
9.361895000,0,0,0,0,0,0,0,0
9.361921000,0,0,0,1,0,0,0,0
9.361930000,0,0,0,0,0,0,0,0
9.361938000,0,0,0,1,0,0,0,0
9.361947000,0,0,0,0,0,0,0,0
9.361956000,0,0,0,1,0,0,0,0
9.361964000,0,0,0,0,0,0,0,0
9.362008000,0,0,0,1,0,0,0,0
9.362016000,0,0,0,0,0,0,0,0
9.362025000,0,0,0,1,0,0,0,0
9.362034000,0,0,0,0,0,0,0,0
9.362051000,0,0,0,1,0,0,0,0
9.362060000,0,0,0,0,0,0,0,0
9.362077000,0,0,0,1,0,0,0,0
9.362086000,0,0,0,0,0,0,0,0
9.362095000,0,0,0,1,0,0,0,0
9.362103000,0,0,0,0,0,0,0,0
9.362112000,0,0,0,1,0,0,0,0
9.362121000,0,0,0,0,0,0,0,0
9.362147000,0,0,0,1,0,0,0,0
9.362155000,0,0,0,0,0,0,0,0
9.362181000,0,0,0,1,0,0,0,0
9.362190000,0,0,0,0,0,0,0,0
9.362199000,0,0,0,1,0,0,0,0
9.362208000,0,0,0,0,0,0,0,0
9.362216000,0,0,0,1,0,0,0,0
9.362225000,0,0,0,0,0,0,0,0
9.362234000,0,0,0,1,0,0,0,0
9.362251000,0,0,0,0,0,0,0,0
9.362260000,0,0,0,1,0,0,0,0
9.362268000,0,0,0,0,0,0,0,0
9.362286000,0,0,0,1,0,0,0,0
9.362294000,0,0,0,0,0,0,0,0
9.362303000,0,0,0,1,0,0,0,0
9.362329000,0,0,0,0,0,0,0,0
9.362355000,0,0,0,1,0,0,0,0
9.362364000,0,0,0,0,0,0,0,0
9.362373000,0,0,0,1,0,0,0,0
9.362381000,0,0,0,0,0,0,0,0
9.362425000,0,0,0,1,0,0,0,0
9.362433000,0,0,0,0,0,0,0,0
9.362442000,0,0,0,1,0,0,0,0
9.362451000,0,0,0,0,0,0,0,0
9.362459000,0,0,0,1,0,0,0,0
9.362468000,0,0,0,0,0,0,0,0
9.362477000,0,0,0,1,0,0,0,0
9.362486000,0,0,0,0,0,0,0,0
9.362503000,0,0,0,1,0,0,0,0
9.362512000,0,0,0,0,0,0,0,0
9.362529000,0,0,0,1,0,0,0,0
9.362538000,0,0,0,0,0,0,0,0
9.362546000,0,0,0,1,0,0,0,0
9.362555000,0,0,0,0,0,0,0,0
9.362564000,0,0,0,1,0,0,0,0
9.362598000,0,0,0,0,0,0,0,0
9.362616000,0,0,0,1,0,0,0,0
9.362625000,0,0,0,0,0,0,0,0
9.362633000,0,0,0,1,0,0,0,0
9.362642000,0,0,0,0,0,0,0,0
9.362651000,0,0,0,1,0,0,0,0
9.362659000,0,0,0,0,0,0,0,0
9.362668000,0,0,0,1,0,0,0,0
9.362685000,0,0,0,0,0,0,0,0
9.362694000,0,0,0,1,0,0,0,0
9.362703000,0,0,0,0,0,0,0,0
9.362720000,0,0,0,1,0,0,0,0
9.362729000,0,0,0,0,0,0,0,0
9.362755000,0,0,0,1,0,0,0,0
9.362772000,0,0,0,0,0,0,0,0
9.362790000,0,0,0,1,0,0,0,0
9.362798000,0,0,0,0,0,0,0,0
9.362807000,0,0,0,1,0,0,0,0
9.362816000,0,0,0,0,0,0,0,0
9.362824000,0,0,0,1,0,0,0,0
9.362859000,0,0,0,0,0,0,0,0
9.362876000,0,0,0,1,0,0,0,0
9.362885000,0,0,0,0,0,0,0,0
9.362894000,0,0,0,1,0,0,0,0
9.362903000,0,0,0,0,0,0,0,0
9.362911000,0,0,0,1,0,0,0,0
9.362946000,0,0,0,0,0,0,0,0
9.362963000,0,0,0,1,0,0,0,0
9.362972000,0,0,0,0,0,0,0,0
9.362981000,0,0,0,1,0,0,0,0
9.362989000,0,0,0,0,0,0,0,0
9.363033000,0,0,0,1,0,0,0,0
9.363042000,0,0,0,0,0,0,0,0
9.363050000,0,0,0,1,0,0,0,0
9.363059000,0,0,0,0,0,0,0,0
9.363068000,0,0,0,1,0,0,0,0
9.363076000,0,0,0,0,0,0,0,0
9.363094000,0,0,0,1,0,0,0,0
9.363102000,0,0,0,0,0,0,0,0
9.363137000,0,0,0,1,0,0,0,0
9.363146000,0,0,0,0,0,0,0,0
9.363154000,0,0,0,1,0,0,0,0
9.363163000,0,0,0,0,0,0,0,0
9.363172000,0,0,0,1,0,0,0,0
9.363181000,0,0,0,0,0,0,0,0
9.363224000,0,0,0,1,0,0,0,0
9.363233000,0,0,0,0,0,0,0,0
9.363241000,0,0,0,1,0,0,0,0
9.363250000,0,0,0,0,0,0,0,0
9.363259000,0,0,0,1,0,0,0,0
9.363276000,0,0,0,0,0,0,0,0
9.363311000,0,0,0,1,0,0,0,0
9.363320000,0,0,0,0,0,0,0,0
9.363328000,0,0,0,1,0,0,0,0
9.363337000,0,0,0,0,0,0,0,0
9.363346000,0,0,0,1,0,0,0,0
9.363363000,0,0,0,0,0,0,0,0
9.363372000,0,0,0,1,0,0,0,0
9.363380000,0,0,0,0,0,0,0,0
9.363398000,0,0,0,1,0,0,0,0
9.363406000,0,0,0,0,0,0,0,0
9.363415000,0,0,0,1,0,0,0,0
9.363424000,0,0,0,0,0,0,0,0
9.363432000,0,0,0,1,0,0,0,0
9.363441000,0,0,0,0,0,0,0,0
9.363450000,0,0,0,1,0,0,0,0
9.363467000,0,0,0,0,0,0,0,0
9.363476000,0,0,0,1,0,0,0,0
9.363485000,0,0,0,0,0,0,0,0
9.363502000,0,0,0,1,0,0,0,0
9.363511000,0,0,0,0,0,0,0,0
9.363554000,0,0,0,1,0,0,0,0
9.363571000,0,0,0,0,0,0,0,0
9.363589000,0,0,0,1,0,0,0,0
9.363597000,0,0,0,0,0,0,0,0
9.363606000,0,0,0,1,0,0,0,0
9.363615000,0,0,0,0,0,0,0,0
9.363641000,0,0,0,1,0,0,0,0
9.363658000,0,0,0,0,0,0,0,0
9.363676000,0,0,0,1,0,0,0,0
9.363684000,0,0,0,0,0,0,0,0
9.363702000,0,0,0,1,0,0,0,0
9.363710000,0,0,0,0,0,0,0,0
9.363728000,0,0,0,1,0,0,0,0
9.363745000,0,0,0,0,0,0,0,0
9.363763000,0,0,0,1,0,0,0,0
9.363771000,0,0,0,0,0,0,0,0
9.363780000,0,0,0,1,0,0,0,0
9.363797000,0,0,0,0,0,0,0,0
9.363815000,0,0,0,1,0,0,0,0
9.363832000,0,0,0,0,0,0,0,0
9.363849000,0,0,0,1,0,0,0,0
9.363858000,0,0,0,0,0,0,0,0
9.363884000,0,0,0,1,0,0,0,0
9.363893000,0,0,0,0,0,0,0,0
9.363902000,0,0,0,1,0,0,0,0
9.363919000,0,0,0,0,0,0,0,0
9.363936000,0,0,0,1,0,0,0,0
9.363945000,0,0,0,0,0,0,0,0
9.363954000,0,0,0,1,0,0,0,0
9.363962000,0,0,0,0,0,0,0,0
9.363971000,0,0,0,1,0,0,0,0
9.363980000,0,0,0,0,0,0,0,0
9.363988000,0,0,0,1,0,0,0,0
9.364006000,0,0,0,0,0,0,0,0
9.364023000,0,0,0,1,0,0,0,0
9.364032000,0,0,0,0,0,0,0,0
9.364049000,0,0,0,1,0,0,0,0
9.364067000,0,0,0,0,0,0,0,0
9.364075000,0,0,0,1,0,0,0,0
9.364093000,0,0,0,0,0,0,0,0
9.364110000,0,0,0,1,0,0,0,0
9.364119000,0,0,0,0,0,0,0,0
9.364127000,0,0,0,1,0,0,0,0
9.364153000,0,0,0,0,0,0,0,0
9.364162000,0,0,0,1,0,0,0,0
9.364180000,0,0,0,0,0,0,0,0
9.364197000,0,0,0,1,0,0,0,0
9.364206000,0,0,0,0,0,0,0,0
9.364240000,0,0,0,1,0,0,0,0
9.364266000,0,0,0,0,0,0,0,0
9.364284000,0,0,0,1,0,0,0,0
9.364292000,0,0,0,0,0,0,0,0
9.364301000,0,0,0,1,0,0,0,0
9.364310000,0,0,0,0,0,0,0,0
9.364327000,0,0,0,1,0,0,0,0
9.364353000,0,0,0,0,0,0,0,0
9.364371000,0,0,0,1,0,0,0,0
9.573510000,0,0,0,0,0,0,0,0
9.573518000,0,0,0,1,0,0,0,0
9.573527000,0,0,0,0,0,0,0,0
9.573536000,0,0,0,1,0,0,0,0
9.573553000,0,0,0,0,0,0,0,0
9.573570000,0,0,0,1,0,0,0,0
9.573579000,0,0,0,0,0,0,0,0
9.573588000,0,0,0,1,0,0,0,0
9.573596000,0,0,0,0,0,0,0,0
9.573605000,0,0,0,1,0,0,0,0
9.573614000,0,0,0,0,0,0,0,0
9.573631000,0,0,0,1,0,0,0,0
9.573640000,0,0,0,0,0,0,0,0
9.573657000,0,0,0,1,0,0,0,0
9.573666000,0,0,0,0,0,0,0,0
9.573675000,0,0,0,1,0,0,0,0
9.573683000,0,0,0,0,0,0,0,0
9.573701000,0,0,0,1,0,0,0,0
9.573727000,0,0,0,0,0,0,0,0
9.573744000,0,0,0,1,0,0,0,0
9.573753000,0,0,0,0,0,0,0,0
9.573762000,0,0,0,1,0,0,0,0
9.573770000,0,0,0,0,0,0,0,0
9.573796000,0,0,0,1,0,0,0,0
9.573805000,0,0,0,0,0,0,0,0
9.573831000,0,0,0,1,0,0,0,0
9.573840000,0,0,0,0,0,0,0,0
9.573848000,0,0,0,1,0,0,0,0
9.573857000,0,0,0,0,0,0,0,0
9.573866000,0,0,0,1,0,0,0,0
9.573892000,0,0,0,0,0,0,0,0
9.573918000,0,0,0,1,0,0,0,0
9.573927000,0,0,0,0,0,0,0,0
9.573935000,0,0,0,1,0,0,0,0
9.573944000,0,0,0,0,0,0,0,0
9.573953000,0,0,0,1,0,0,0,0
9.573961000,0,0,0,0,0,0,0,0
9.574005000,0,0,0,1,0,0,0,0
9.574013000,0,0,0,0,0,0,0,0
9.574022000,0,0,0,1,0,0,0,0
9.574031000,0,0,0,0,0,0,0,0
9.574048000,0,0,0,1,0,0,0,0
9.574057000,0,0,0,0,0,0,0,0
9.574074000,0,0,0,1,0,0,0,0
9.574083000,0,0,0,0,0,0,0,0
9.574092000,0,0,0,1,0,0,0,0
9.574100000,0,0,0,0,0,0,0,0
9.574109000,0,0,0,1,0,0,0,0
9.574118000,0,0,0,0,0,0,0,0
9.574144000,0,0,0,1,0,0,0,0
9.574152000,0,0,0,0,0,0,0,0
9.574179000,0,0,0,1,0,0,0,0
9.574187000,0,0,0,0,0,0,0,0
9.574196000,0,0,0,1,0,0,0,0
9.574205000,0,0,0,0,0,0,0,0
9.574213000,0,0,0,1,0,0,0,0
9.574222000,0,0,0,0,0,0,0,0
9.574231000,0,0,0,1,0,0,0,0
9.574248000,0,0,0,0,0,0,0,0
9.574257000,0,0,0,1,0,0,0,0
9.574265000,0,0,0,0,0,0,0,0
9.574283000,0,0,0,1,0,0,0,0
9.574291000,0,0,0,0,0,0,0,0
9.574300000,0,0,0,1,0,0,0,0
9.574326000,0,0,0,0,0,0,0,0
9.574352000,0,0,0,1,0,0,0,0
9.574361000,0,0,0,0,0,0,0,0
9.574370000,0,0,0,1,0,0,0,0
9.574378000,0,0,0,0,0,0,0,0
9.574422000,0,0,0,1,0,0,0,0
9.574430000,0,0,0,0,0,0,0,0
9.574439000,0,0,0,1,0,0,0,0
9.574448000,0,0,0,0,0,0,0,0
9.574457000,0,0,0,1,0,0,0,0
9.574465000,0,0,0,0,0,0,0,0
9.574474000,0,0,0,1,0,0,0,0
9.574483000,0,0,0,0,0,0,0,0
9.574500000,0,0,0,1,0,0,0,0
9.574509000,0,0,0,0,0,0,0,0
9.574526000,0,0,0,1,0,0,0,0
9.574535000,0,0,0,0,0,0,0,0
9.574543000,0,0,0,1,0,0,0,0
9.574552000,0,0,0,0,0,0,0,0
9.574561000,0,0,0,1,0,0,0,0
9.574596000,0,0,0,0,0,0,0,0
9.574613000,0,0,0,1,0,0,0,0
9.574622000,0,0,0,0,0,0,0,0
9.574630000,0,0,0,1,0,0,0,0
9.574639000,0,0,0,0,0,0,0,0
9.574648000,0,0,0,1,0,0,0,0
9.574656000,0,0,0,0,0,0,0,0
9.574665000,0,0,0,1,0,0,0,0
9.574682000,0,0,0,0,0,0,0,0
9.574691000,0,0,0,1,0,0,0,0
9.574700000,0,0,0,0,0,0,0,0
9.574717000,0,0,0,1,0,0,0,0
9.574726000,0,0,0,0,0,0,0,0
9.574752000,0,0,0,1,0,0,0,0
9.574769000,0,0,0,0,0,0,0,0
9.574787000,0,0,0,1,0,0,0,0
9.574795000,0,0,0,0,0,0,0,0
9.574804000,0,0,0,1,0,0,0,0
9.574813000,0,0,0,0,0,0,0,0
9.574821000,0,0,0,1,0,0,0,0
9.574856000,0,0,0,0,0,0,0,0
9.574874000,0,0,0,1,0,0,0,0
9.574882000,0,0,0,0,0,0,0,0
9.574891000,0,0,0,1,0,0,0,0
9.574900000,0,0,0,0,0,0,0,0
9.574908000,0,0,0,1,0,0,0,0
9.574943000,0,0,0,0,0,0,0,0
9.574960000,0,0,0,1,0,0,0,0
9.574969000,0,0,0,0,0,0,0,0
9.574978000,0,0,0,1,0,0,0,0
9.574986000,0,0,0,0,0,0,0,0
9.575030000,0,0,0,1,0,0,0,0
9.575039000,0,0,0,0,0,0,0,0
9.575047000,0,0,0,1,0,0,0,0
9.575056000,0,0,0,0,0,0,0,0
9.575065000,0,0,0,1,0,0,0,0
9.575073000,0,0,0,0,0,0,0,0
9.575091000,0,0,0,1,0,0,0,0
9.575099000,0,0,0,0,0,0,0,0
9.575134000,0,0,0,1,0,0,0,0
9.575143000,0,0,0,0,0,0,0,0
9.575152000,0,0,0,1,0,0,0,0
9.575160000,0,0,0,0,0,0,0,0
9.575169000,0,0,0,1,0,0,0,0
9.575178000,0,0,0,0,0,0,0,0
9.575221000,0,0,0,1,0,0,0,0
9.575230000,0,0,0,0,0,0,0,0
9.575238000,0,0,0,1,0,0,0,0
9.575247000,0,0,0,0,0,0,0,0
9.575256000,0,0,0,1,0,0,0,0
9.575273000,0,0,0,0,0,0,0,0
9.575308000,0,0,0,1,0,0,0,0
9.575317000,0,0,0,0,0,0,0,0
9.575325000,0,0,0,1,0,0,0,0
9.575334000,0,0,0,0,0,0,0,0
9.575343000,0,0,0,1,0,0,0,0
9.575360000,0,0,0,0,0,0,0,0
9.575369000,0,0,0,1,0,0,0,0
9.575377000,0,0,0,0,0,0,0,0
9.575395000,0,0,0,1,0,0,0,0
9.575403000,0,0,0,0,0,0,0,0
9.575412000,0,0,0,1,0,0,0,0
9.575421000,0,0,0,0,0,0,0,0
9.575430000,0,0,0,1,0,0,0,0
9.575438000,0,0,0,0,0,0,0,0
9.575447000,0,0,0,1,0,0,0,0
9.575464000,0,0,0,0,0,0,0,0
9.575473000,0,0,0,1,0,0,0,0
9.575482000,0,0,0,0,0,0,0,0
9.575499000,0,0,0,1,0,0,0,0
9.575508000,0,0,0,0,0,0,0,0
9.575551000,0,0,0,1,0,0,0,0
9.575569000,0,0,0,0,0,0,0,0
9.575586000,0,0,0,1,0,0,0,0
9.575595000,0,0,0,0,0,0,0,0
9.575603000,0,0,0,1,0,0,0,0
9.575612000,0,0,0,0,0,0,0,0
9.575638000,0,0,0,1,0,0,0,0
9.575655000,0,0,0,0,0,0,0,0
9.575673000,0,0,0,1,0,0,0,0
9.575681000,0,0,0,0,0,0,0,0
9.575699000,0,0,0,1,0,0,0,0
9.575708000,0,0,0,0,0,0,0,0
9.575725000,0,0,0,1,0,0,0,0
9.575742000,0,0,0,0,0,0,0,0
9.575760000,0,0,0,1,0,0,0,0
9.575768000,0,0,0,0,0,0,0,0
9.575777000,0,0,0,1,0,0,0,0
9.575794000,0,0,0,0,0,0,0,0
9.575812000,0,0,0,1,0,0,0,0
9.575829000,0,0,0,0,0,0,0,0
9.575846000,0,0,0,1,0,0,0,0
9.575855000,0,0,0,0,0,0,0,0
9.575881000,0,0,0,1,0,0,0,0
9.575890000,0,0,0,0,0,0,0,0
9.575899000,0,0,0,1,0,0,0,0
9.575916000,0,0,0,0,0,0,0,0
9.575933000,0,0,0,1,0,0,0,0
9.575942000,0,0,0,0,0,0,0,0
9.575951000,0,0,0,1,0,0,0,0
9.575959000,0,0,0,0,0,0,0,0
9.575968000,0,0,0,1,0,0,0,0
9.575977000,0,0,0,0,0,0,0,0
9.575985000,0,0,0,1,0,0,0,0
9.576003000,0,0,0,0,0,0,0,0
9.576020000,0,0,0,1,0,0,0,0
9.576029000,0,0,0,0,0,0,0,0
9.576046000,0,0,0,1,0,0,0,0
9.576064000,0,0,0,0,0,0,0,0
9.576072000,0,0,0,1,0,0,0,0
9.576090000,0,0,0,0,0,0,0,0
9.576107000,0,0,0,1,0,0,0,0
9.576116000,0,0,0,0,0,0,0,0
9.576124000,0,0,0,1,0,0,0,0
9.576151000,0,0,0,0,0,0,0,0
9.576159000,0,0,0,1,0,0,0,0
9.576177000,0,0,0,0,0,0,0,0
9.576194000,0,0,0,1,0,0,0,0
9.576203000,0,0,0,0,0,0,0,0
9.576237000,0,0,0,1,0,0,0,0
9.576263000,0,0,0,0,0,0,0,0
9.576281000,0,0,0,1,0,0,0,0
9.576290000,0,0,0,0,0,0,0,0
9.576298000,0,0,0,1,0,0,0,0
9.576307000,0,0,0,0,0,0,0,0
9.576324000,0,0,0,1,0,0,0,0
9.576350000,0,0,0,0,0,0,0,0
9.576368000,0,0,0,1,0,0,0,0
9.775507000,0,0,0,0,0,0,0,0
9.775516000,0,0,0,1,0,0,0,0
9.775524000,0,0,0,0,0,0,0,0
9.775533000,0,0,0,1,0,0,0,0
9.775550000,0,0,0,0,0,0,0,0
9.775568000,0,0,0,1,0,0,0,0
9.775576000,0,0,0,0,0,0,0,0
9.775585000,0,0,0,1,0,0,0,0
9.775594000,0,0,0,0,0,0,0,0
9.775603000,0,0,0,1,0,0,0,0
9.775611000,0,0,0,0,0,0,0,0
9.775629000,0,0,0,1,0,0,0,0
9.775637000,0,0,0,0,0,0,0,0
9.775655000,0,0,0,1,0,0,0,0
9.775663000,0,0,0,0,0,0,0,0
9.775672000,0,0,0,1,0,0,0,0
9.775681000,0,0,0,0,0,0,0,0
9.775698000,0,0,0,1,0,0,0,0
9.775724000,0,0,0,0,0,0,0,0
9.775742000,0,0,0,1,0,0,0,0
9.775750000,0,0,0,0,0,0,0,0
9.775759000,0,0,0,1,0,0,0,0
9.775768000,0,0,0,0,0,0,0,0
9.775794000,0,0,0,1,0,0,0,0
9.775802000,0,0,0,0,0,0,0,0
9.775828000,0,0,0,1,0,0,0,0
9.775837000,0,0,0,0,0,0,0,0
9.775846000,0,0,0,1,0,0,0,0
9.775854000,0,0,0,0,0,0,0,0
9.775863000,0,0,0,1,0,0,0,0
9.775889000,0,0,0,0,0,0,0,0
9.775915000,0,0,0,1,0,0,0,0
9.775924000,0,0,0,0,0,0,0,0
9.775933000,0,0,0,1,0,0,0,0
9.775941000,0,0,0,0,0,0,0,0
9.775950000,0,0,0,1,0,0,0,0
9.775959000,0,0,0,0,0,0,0,0
9.776002000,0,0,0,1,0,0,0,0
9.776011000,0,0,0,0,0,0,0,0
9.776020000,0,0,0,1,0,0,0,0
9.776028000,0,0,0,0,0,0,0,0
9.776046000,0,0,0,1,0,0,0,0
9.776054000,0,0,0,0,0,0,0,0
9.776072000,0,0,0,1,0,0,0,0
9.776080000,0,0,0,0,0,0,0,0
9.776089000,0,0,0,1,0,0,0,0
9.776098000,0,0,0,0,0,0,0,0
9.776106000,0,0,0,1,0,0,0,0
9.776115000,0,0,0,0,0,0,0,0
9.776141000,0,0,0,1,0,0,0,0
9.776150000,0,0,0,0,0,0,0,0
9.776176000,0,0,0,1,0,0,0,0
9.776185000,0,0,0,0,0,0,0,0
9.776193000,0,0,0,1,0,0,0,0
9.776202000,0,0,0,0,0,0,0,0
9.776211000,0,0,0,1,0,0,0,0
9.776219000,0,0,0,0,0,0,0,0
9.776228000,0,0,0,1,0,0,0,0
9.776245000,0,0,0,0,0,0,0,0
9.776254000,0,0,0,1,0,0,0,0
9.776263000,0,0,0,0,0,0,0,0
9.776280000,0,0,0,1,0,0,0,0
9.776289000,0,0,0,0,0,0,0,0
9.776298000,0,0,0,1,0,0,0,0
9.776324000,0,0,0,0,0,0,0,0
9.776350000,0,0,0,1,0,0,0,0
9.776358000,0,0,0,0,0,0,0,0
9.776367000,0,0,0,1,0,0,0,0
9.776376000,0,0,0,0,0,0,0,0
9.776419000,0,0,0,1,0,0,0,0
9.776428000,0,0,0,0,0,0,0,0
9.776437000,0,0,0,1,0,0,0,0
9.776445000,0,0,0,0,0,0,0,0
9.776454000,0,0,0,1,0,0,0,0
9.776463000,0,0,0,0,0,0,0,0
9.776471000,0,0,0,1,0,0,0,0
9.776480000,0,0,0,0,0,0,0,0
9.776497000,0,0,0,1,0,0,0,0
9.776506000,0,0,0,0,0,0,0,0
9.776523000,0,0,0,1,0,0,0,0
9.776532000,0,0,0,0,0,0,0,0
9.776541000,0,0,0,1,0,0,0,0
9.776549000,0,0,0,0,0,0,0,0
9.776558000,0,0,0,1,0,0,0,0
9.776593000,0,0,0,0,0,0,0,0
9.776610000,0,0,0,1,0,0,0,0
9.776619000,0,0,0,0,0,0,0,0
9.776628000,0,0,0,1,0,0,0,0
9.776636000,0,0,0,0,0,0,0,0
9.776645000,0,0,0,1,0,0,0,0
9.776654000,0,0,0,0,0,0,0,0
9.776662000,0,0,0,1,0,0,0,0
9.776680000,0,0,0,0,0,0,0,0
9.776688000,0,0,0,1,0,0,0,0
9.776697000,0,0,0,0,0,0,0,0
9.776715000,0,0,0,1,0,0,0,0
9.776723000,0,0,0,0,0,0,0,0
9.776749000,0,0,0,1,0,0,0,0
9.776767000,0,0,0,0,0,0,0,0
9.776784000,0,0,0,1,0,0,0,0
9.776793000,0,0,0,0,0,0,0,0
9.776801000,0,0,0,1,0,0,0,0
9.776810000,0,0,0,0,0,0,0,0
9.776819000,0,0,0,1,0,0,0,0
9.776854000,0,0,0,0,0,0,0,0
9.776871000,0,0,0,1,0,0,0,0
9.776880000,0,0,0,0,0,0,0,0
9.776888000,0,0,0,1,0,0,0,0
9.776897000,0,0,0,0,0,0,0,0
9.776906000,0,0,0,1,0,0,0,0
9.776940000,0,0,0,0,0,0,0,0
9.776958000,0,0,0,1,0,0,0,0
9.776966000,0,0,0,0,0,0,0,0
9.776975000,0,0,0,1,0,0,0,0
9.776984000,0,0,0,0,0,0,0,0
9.777027000,0,0,0,1,0,0,0,0
9.777036000,0,0,0,0,0,0,0,0
9.777045000,0,0,0,1,0,0,0,0
9.777053000,0,0,0,0,0,0,0,0
9.777062000,0,0,0,1,0,0,0,0
9.777071000,0,0,0,0,0,0,0,0
9.777088000,0,0,0,1,0,0,0,0
9.777097000,0,0,0,0,0,0,0,0
9.777132000,0,0,0,1,0,0,0,0
9.777140000,0,0,0,0,0,0,0,0
9.777149000,0,0,0,1,0,0,0,0
9.777158000,0,0,0,0,0,0,0,0
9.777166000,0,0,0,1,0,0,0,0
9.777175000,0,0,0,0,0,0,0,0
9.777218000,0,0,0,1,0,0,0,0
9.777227000,0,0,0,0,0,0,0,0
9.777236000,0,0,0,1,0,0,0,0
9.777244000,0,0,0,0,0,0,0,0
9.777253000,0,0,0,1,0,0,0,0
9.777271000,0,0,0,0,0,0,0,0
9.777305000,0,0,0,1,0,0,0,0
9.777314000,0,0,0,0,0,0,0,0
9.777323000,0,0,0,1,0,0,0,0
9.777331000,0,0,0,0,0,0,0,0
9.777340000,0,0,0,1,0,0,0,0
9.777357000,0,0,0,0,0,0,0,0
9.777366000,0,0,0,1,0,0,0,0
9.777375000,0,0,0,0,0,0,0,0
9.777392000,0,0,0,1,0,0,0,0
9.777401000,0,0,0,0,0,0,0,0
9.777410000,0,0,0,1,0,0,0,0
9.777418000,0,0,0,0,0,0,0,0
9.777427000,0,0,0,1,0,0,0,0
9.777436000,0,0,0,0,0,0,0,0
9.777444000,0,0,0,1,0,0,0,0
9.777462000,0,0,0,0,0,0,0,0
9.777470000,0,0,0,1,0,0,0,0
9.777479000,0,0,0,0,0,0,0,0
9.777496000,0,0,0,1,0,0,0,0
9.777505000,0,0,0,0,0,0,0,0
9.777549000,0,0,0,1,0,0,0,0
9.777566000,0,0,0,0,0,0,0,0
9.777583000,0,0,0,1,0,0,0,0
9.777592000,0,0,0,0,0,0,0,0
9.777601000,0,0,0,1,0,0,0,0
9.777609000,0,0,0,0,0,0,0,0
9.777635000,0,0,0,1,0,0,0,0
9.777653000,0,0,0,0,0,0,0,0
9.777670000,0,0,0,1,0,0,0,0
9.777679000,0,0,0,0,0,0,0,0
9.777696000,0,0,0,1,0,0,0,0
9.777705000,0,0,0,0,0,0,0,0
9.777722000,0,0,0,1,0,0,0,0
9.777740000,0,0,0,0,0,0,0,0
9.777757000,0,0,0,1,0,0,0,0
9.777766000,0,0,0,0,0,0,0,0
9.777774000,0,0,0,1,0,0,0,0
9.777792000,0,0,0,0,0,0,0,0
9.777809000,0,0,0,1,0,0,0,0
9.777827000,0,0,0,0,0,0,0,0
9.777844000,0,0,0,1,0,0,0,0
9.777853000,0,0,0,0,0,0,0,0
9.777879000,0,0,0,1,0,0,0,0
9.777887000,0,0,0,0,0,0,0,0
9.777896000,0,0,0,1,0,0,0,0
9.777913000,0,0,0,0,0,0,0,0
9.777931000,0,0,0,1,0,0,0,0
9.777939000,0,0,0,0,0,0,0,0
9.777948000,0,0,0,1,0,0,0,0
9.777957000,0,0,0,0,0,0,0,0
9.777966000,0,0,0,1,0,0,0,0
9.777974000,0,0,0,0,0,0,0,0
9.777983000,0,0,0,1,0,0,0,0
9.778000000,0,0,0,0,0,0,0,0
9.778018000,0,0,0,1,0,0,0,0
9.778026000,0,0,0,0,0,0,0,0
9.778044000,0,0,0,1,0,0,0,0
9.778061000,0,0,0,0,0,0,0,0
9.778070000,0,0,0,1,0,0,0,0
9.778087000,0,0,0,0,0,0,0,0
9.778105000,0,0,0,1,0,0,0,0
9.778113000,0,0,0,0,0,0,0,0
9.778122000,0,0,0,1,0,0,0,0
9.778148000,0,0,0,0,0,0,0,0
9.778157000,0,0,0,1,0,0,0,0
9.778174000,0,0,0,0,0,0,0,0
9.778191000,0,0,0,1,0,0,0,0
9.778200000,0,0,0,0,0,0,0,0
9.778235000,0,0,0,1,0,0,0,0
9.778261000,0,0,0,0,0,0,0,0
9.778278000,0,0,0,1,0,0,0,0
9.778287000,0,0,0,0,0,0,0,0
9.778296000,0,0,0,1,0,0,0,0
9.778304000,0,0,0,0,0,0,0,0
9.778322000,0,0,0,1,0,0,0,0
9.778348000,0,0,0,0,0,0,0,0
9.778365000,0,0,0,1,0,0,0,0
9.992504000,0,0,0,0,0,0,0,0
9.992513000,0,0,0,1,0,0,0,0
9.992521000,0,0,0,0,0,0,0,0
9.992530000,0,0,0,1,0,0,0,0
9.992547000,0,0,0,0,0,0,0,0
9.992565000,0,0,0,1,0,0,0,0
9.992574000,0,0,0,0,0,0,0,0
9.992582000,0,0,0,1,0,0,0,0
9.992591000,0,0,0,0,0,0,0,0
9.992600000,0,0,0,1,0,0,0,0
9.992608000,0,0,0,0,0,0,0,0
9.992626000,0,0,0,1,0,0,0,0
9.992634000,0,0,0,0,0,0,0,0
9.992652000,0,0,0,1,0,0,0,0
9.992660000,0,0,0,0,0,0,0,0
9.992669000,0,0,0,1,0,0,0,0
9.992678000,0,0,0,0,0,0,0,0
9.992695000,0,0,0,1,0,0,0,0
9.992721000,0,0,0,0,0,0,0,0
9.992739000,0,0,0,1,0,0,0,0
9.992747000,0,0,0,0,0,0,0,0
9.992756000,0,0,0,1,0,0,0,0
9.992765000,0,0,0,0,0,0,0,0
9.992791000,0,0,0,1,0,0,0,0
9.992799000,0,0,0,0,0,0,0,0
9.992825000,0,0,0,1,0,0,0,0
9.992834000,0,0,0,0,0,0,0,0
9.992843000,0,0,0,1,0,0,0,0
9.992852000,0,0,0,0,0,0,0,0
9.992860000,0,0,0,1,0,0,0,0
9.992886000,0,0,0,0,0,0,0,0
9.992912000,0,0,0,1,0,0,0,0
9.992921000,0,0,0,0,0,0,0,0
9.992930000,0,0,0,1,0,0,0,0
9.992938000,0,0,0,0,0,0,0,0
9.992947000,0,0,0,1,0,0,0,0
9.992956000,0,0,0,0,0,0,0,0
9.992999000,0,0,0,1,0,0,0,0
9.993008000,0,0,0,0,0,0,0,0
9.993017000,0,0,0,1,0,0,0,0
9.993025000,0,0,0,0,0,0,0,0
9.993043000,0,0,0,1,0,0,0,0
9.993051000,0,0,0,0,0,0,0,0
9.993069000,0,0,0,1,0,0,0,0
9.993077000,0,0,0,0,0,0,0,0
9.993086000,0,0,0,1,0,0,0,0
9.993095000,0,0,0,0,0,0,0,0
9.993103000,0,0,0,1,0,0,0,0
9.993112000,0,0,0,0,0,0,0,0
9.993138000,0,0,0,1,0,0,0,0
9.993147000,0,0,0,0,0,0,0,0
9.993173000,0,0,0,1,0,0,0,0
9.993182000,0,0,0,0,0,0,0,0
9.993190000,0,0,0,1,0,0,0,0
9.993199000,0,0,0,0,0,0,0,0
9.993208000,0,0,0,1,0,0,0,0
9.993216000,0,0,0,0,0,0,0,0
9.993225000,0,0,0,1,0,0,0,0
9.993242000,0,0,0,0,0,0,0,0
9.993251000,0,0,0,1,0,0,0,0
9.993260000,0,0,0,0,0,0,0,0
9.993277000,0,0,0,1,0,0,0,0
9.993286000,0,0,0,0,0,0,0,0
9.993295000,0,0,0,1,0,0,0,0
9.993321000,0,0,0,0,0,0,0,0
9.993347000,0,0,0,1,0,0,0,0
9.993355000,0,0,0,0,0,0,0,0
9.993364000,0,0,0,1,0,0,0,0
9.993373000,0,0,0,0,0,0,0,0
9.993416000,0,0,0,1,0,0,0,0
9.993425000,0,0,0,0,0,0,0,0
9.993434000,0,0,0,1,0,0,0,0
9.993442000,0,0,0,0,0,0,0,0
9.993451000,0,0,0,1,0,0,0,0
9.993460000,0,0,0,0,0,0,0,0
9.993468000,0,0,0,1,0,0,0,0
9.993477000,0,0,0,0,0,0,0,0
9.993494000,0,0,0,1,0,0,0,0
9.993503000,0,0,0,0,0,0,0,0
9.993520000,0,0,0,1,0,0,0,0
9.993529000,0,0,0,0,0,0,0,0
9.993538000,0,0,0,1,0,0,0,0
9.993547000,0,0,0,0,0,0,0,0
9.993555000,0,0,0,1,0,0,0,0
9.993590000,0,0,0,0,0,0,0,0
9.993607000,0,0,0,1,0,0,0,0
9.993616000,0,0,0,0,0,0,0,0
9.993625000,0,0,0,1,0,0,0,0
9.993633000,0,0,0,0,0,0,0,0
9.993642000,0,0,0,1,0,0,0,0
9.993651000,0,0,0,0,0,0,0,0
9.993659000,0,0,0,1,0,0,0,0
9.993677000,0,0,0,0,0,0,0,0
9.993686000,0,0,0,1,0,0,0,0
9.993694000,0,0,0,0,0,0,0,0
9.993712000,0,0,0,1,0,0,0,0
9.993720000,0,0,0,0,0,0,0,0
9.993746000,0,0,0,1,0,0,0,0
9.993764000,0,0,0,0,0,0,0,0
9.993781000,0,0,0,1,0,0,0,0
9.993790000,0,0,0,0,0,0,0,0
9.993798000,0,0,0,1,0,0,0,0
9.993807000,0,0,0,0,0,0,0,0
9.993816000,0,0,0,1,0,0,0,0
9.993851000,0,0,0,0,0,0,0,0
9.993868000,0,0,0,1,0,0,0,0
9.993877000,0,0,0,0,0,0,0,0
9.993885000,0,0,0,1,0,0,0,0
9.993894000,0,0,0,0,0,0,0,0
9.993903000,0,0,0,1,0,0,0,0
9.993937000,0,0,0,0,0,0,0,0
9.993955000,0,0,0,1,0,0,0,0
9.993964000,0,0,0,0,0,0,0,0
9.993972000,0,0,0,1,0,0,0,0
9.993981000,0,0,0,0,0,0,0,0
9.994024000,0,0,0,1,0,0,0,0
9.994033000,0,0,0,0,0,0,0,0
9.994042000,0,0,0,1,0,0,0,0
9.994050000,0,0,0,0,0,0,0,0
9.994059000,0,0,0,1,0,0,0,0
9.994068000,0,0,0,0,0,0,0,0
9.994085000,0,0,0,1,0,0,0,0
9.994094000,0,0,0,0,0,0,0,0
9.994129000,0,0,0,1,0,0,0,0
9.994137000,0,0,0,0,0,0,0,0
9.994146000,0,0,0,1,0,0,0,0
9.994155000,0,0,0,0,0,0,0,0
9.994163000,0,0,0,1,0,0,0,0
9.994172000,0,0,0,0,0,0,0,0
9.994215000,0,0,0,1,0,0,0,0
9.994224000,0,0,0,0,0,0,0,0
9.994233000,0,0,0,1,0,0,0,0
9.994242000,0,0,0,0,0,0,0,0
9.994250000,0,0,0,1,0,0,0,0
9.994268000,0,0,0,0,0,0,0,0
9.994302000,0,0,0,1,0,0,0,0
9.994311000,0,0,0,0,0,0,0,0
9.994320000,0,0,0,1,0,0,0,0
9.994328000,0,0,0,0,0,0,0,0
9.994337000,0,0,0,1,0,0,0,0
9.994354000,0,0,0,0,0,0,0,0
9.994363000,0,0,0,1,0,0,0,0
9.994372000,0,0,0,0,0,0,0,0
9.994389000,0,0,0,1,0,0,0,0
9.994398000,0,0,0,0,0,0,0,0
9.994407000,0,0,0,1,0,0,0,0
9.994415000,0,0,0,0,0,0,0,0
9.994424000,0,0,0,1,0,0,0,0
9.994433000,0,0,0,0,0,0,0,0
9.994441000,0,0,0,1,0,0,0,0
9.994459000,0,0,0,0,0,0,0,0
9.994467000,0,0,0,1,0,0,0,0
9.994476000,0,0,0,0,0,0,0,0
9.994493000,0,0,0,1,0,0,0,0
9.994502000,0,0,0,0,0,0,0,0
9.994546000,0,0,0,1,0,0,0,0
9.994563000,0,0,0,0,0,0,0,0
9.994580000,0,0,0,1,0,0,0,0
9.994589000,0,0,0,0,0,0,0,0
9.994598000,0,0,0,1,0,0,0,0
9.994606000,0,0,0,0,0,0,0,0
9.994632000,0,0,0,1,0,0,0,0
9.994650000,0,0,0,0,0,0,0,0
9.994667000,0,0,0,1,0,0,0,0
9.994676000,0,0,0,0,0,0,0,0
9.994693000,0,0,0,1,0,0,0,0
9.994702000,0,0,0,0,0,0,0,0
9.994719000,0,0,0,1,0,0,0,0
9.994737000,0,0,0,0,0,0,0,0
9.994754000,0,0,0,1,0,0,0,0
9.994763000,0,0,0,0,0,0,0,0
9.994771000,0,0,0,1,0,0,0,0
9.994789000,0,0,0,0,0,0,0,0
9.994806000,0,0,0,1,0,0,0,0
9.994824000,0,0,0,0,0,0,0,0
9.994841000,0,0,0,1,0,0,0,0
9.994850000,0,0,0,0,0,0,0,0
9.994876000,0,0,0,1,0,0,0,0
9.994884000,0,0,0,0,0,0,0,0
9.994893000,0,0,0,1,0,0,0,0
9.994910000,0,0,0,0,0,0,0,0
9.994928000,0,0,0,1,0,0,0,0
9.994937000,0,0,0,0,0,0,0,0
9.994945000,0,0,0,1,0,0,0,0
9.994954000,0,0,0,0,0,0,0,0
9.994963000,0,0,0,1,0,0,0,0
9.994971000,0,0,0,0,0,0,0,0
9.994980000,0,0,0,1,0,0,0,0
9.994997000,0,0,0,0,0,0,0,0
9.995015000,0,0,0,1,0,0,0,0
9.995023000,0,0,0,0,0,0,0,0
9.995041000,0,0,0,1,0,0,0,0
9.995058000,0,0,0,0,0,0,0,0
9.995067000,0,0,0,1,0,0,0,0
9.995084000,0,0,0,0,0,0,0,0
9.995102000,0,0,0,1,0,0,0,0
9.995110000,0,0,0,0,0,0,0,0
9.995119000,0,0,0,1,0,0,0,0
9.995145000,0,0,0,0,0,0,0,0
9.995154000,0,0,0,1,0,0,0,0
9.995171000,0,0,0,0,0,0,0,0
9.995188000,0,0,0,1,0,0,0,0
9.995197000,0,0,0,0,0,0,0,0
9.995232000,0,0,0,1,0,0,0,0
9.995258000,0,0,0,0,0,0,0,0
9.995275000,0,0,0,1,0,0,0,0
9.995284000,0,0,0,0,0,0,0,0
9.995293000,0,0,0,1,0,0,0,0
9.995301000,0,0,0,0,0,0,0,0
9.995319000,0,0,0,1,0,0,0,0
9.995345000,0,0,0,0,0,0,0,0
9.995362000,0,0,0,1,0,0,0,0
10.199501000,0,0,0,0,0,0,0,0
10.199510000,0,0,0,1,0,0,0,0
10.199519000,0,0,0,0,0,0,0,0
10.199527000,0,0,0,1,0,0,0,0
10.199545000,0,0,0,0,0,0,0,0
10.199562000,0,0,0,1,0,0,0,0
10.199571000,0,0,0,0,0,0,0,0
10.199579000,0,0,0,1,0,0,0,0
10.199588000,0,0,0,0,0,0,0,0
10.199597000,0,0,0,1,0,0,0,0
10.199606000,0,0,0,0,0,0,0,0
10.199623000,0,0,0,1,0,0,0,0
10.199632000,0,0,0,0,0,0,0,0
10.199649000,0,0,0,1,0,0,0,0
10.199658000,0,0,0,0,0,0,0,0
10.199666000,0,0,0,1,0,0,0,0
10.199675000,0,0,0,0,0,0,0,0
10.199692000,0,0,0,1,0,0,0,0
10.199718000,0,0,0,0,0,0,0,0
10.199736000,0,0,0,1,0,0,0,0
10.199745000,0,0,0,0,0,0,0,0
10.199753000,0,0,0,1,0,0,0,0
10.199762000,0,0,0,0,0,0,0,0
10.199788000,0,0,0,1,0,0,0,0
10.199797000,0,0,0,0,0,0,0,0
10.199823000,0,0,0,1,0,0,0,0
10.199831000,0,0,0,0,0,0,0,0
10.199840000,0,0,0,1,0,0,0,0
10.199849000,0,0,0,0,0,0,0,0
10.199857000,0,0,0,1,0,0,0,0
10.199884000,0,0,0,0,0,0,0,0
10.199910000,0,0,0,1,0,0,0,0
10.199918000,0,0,0,0,0,0,0,0
10.199927000,0,0,0,1,0,0,0,0
10.199936000,0,0,0,0,0,0,0,0
10.199944000,0,0,0,1,0,0,0,0
10.199953000,0,0,0,0,0,0,0,0
10.199996000,0,0,0,1,0,0,0,0
10.200005000,0,0,0,0,0,0,0,0
10.200014000,0,0,0,1,0,0,0,0
10.200023000,0,0,0,0,0,0,0,0
10.200040000,0,0,0,1,0,0,0,0
10.200049000,0,0,0,0,0,0,0,0
10.200066000,0,0,0,1,0,0,0,0
10.200075000,0,0,0,0,0,0,0,0
10.200083000,0,0,0,1,0,0,0,0
10.200092000,0,0,0,0,0,0,0,0
10.200101000,0,0,0,1,0,0,0,0
10.200109000,0,0,0,0,0,0,0,0
10.200135000,0,0,0,1,0,0,0,0
10.200144000,0,0,0,0,0,0,0,0
10.200170000,0,0,0,1,0,0,0,0
10.200179000,0,0,0,0,0,0,0,0
10.200188000,0,0,0,1,0,0,0,0
10.200196000,0,0,0,0,0,0,0,0
10.200205000,0,0,0,1,0,0,0,0
10.200214000,0,0,0,0,0,0,0,0
10.200222000,0,0,0,1,0,0,0,0
10.200240000,0,0,0,0,0,0,0,0
10.200248000,0,0,0,1,0,0,0,0
10.200257000,0,0,0,0,0,0,0,0
10.200274000,0,0,0,1,0,0,0,0
10.200283000,0,0,0,0,0,0,0,0
10.200292000,0,0,0,1,0,0,0,0
10.200318000,0,0,0,0,0,0,0,0
10.200344000,0,0,0,1,0,0,0,0
10.200353000,0,0,0,0,0,0,0,0
10.200361000,0,0,0,1,0,0,0,0
10.200370000,0,0,0,0,0,0,0,0
10.200413000,0,0,0,1,0,0,0,0
10.200422000,0,0,0,0,0,0,0,0
10.200431000,0,0,0,1,0,0,0,0
10.200440000,0,0,0,0,0,0,0,0
10.200448000,0,0,0,1,0,0,0,0
10.200457000,0,0,0,0,0,0,0,0
10.200466000,0,0,0,1,0,0,0,0
10.200474000,0,0,0,0,0,0,0,0
10.200492000,0,0,0,1,0,0,0,0
10.200500000,0,0,0,0,0,0,0,0
10.200518000,0,0,0,1,0,0,0,0
10.200526000,0,0,0,0,0,0,0,0
10.200535000,0,0,0,1,0,0,0,0
10.200544000,0,0,0,0,0,0,0,0
10.200552000,0,0,0,1,0,0,0,0
10.200587000,0,0,0,0,0,0,0,0
10.200605000,0,0,0,1,0,0,0,0
10.200613000,0,0,0,0,0,0,0,0
10.200622000,0,0,0,1,0,0,0,0
10.200631000,0,0,0,0,0,0,0,0
10.200639000,0,0,0,1,0,0,0,0
10.200648000,0,0,0,0,0,0,0,0
10.200657000,0,0,0,1,0,0,0,0
10.200674000,0,0,0,0,0,0,0,0
10.200683000,0,0,0,1,0,0,0,0
10.200691000,0,0,0,0,0,0,0,0
10.200709000,0,0,0,1,0,0,0,0
10.200718000,0,0,0,0,0,0,0,0
10.200744000,0,0,0,1,0,0,0,0
10.200761000,0,0,0,0,0,0,0,0
10.200778000,0,0,0,1,0,0,0,0
10.200787000,0,0,0,0,0,0,0,0
10.200796000,0,0,0,1,0,0,0,0
10.200804000,0,0,0,0,0,0,0,0
10.200813000,0,0,0,1,0,0,0,0
10.200848000,0,0,0,0,0,0,0,0
10.200865000,0,0,0,1,0,0,0,0
10.200874000,0,0,0,0,0,0,0,0
10.200883000,0,0,0,1,0,0,0,0
10.200891000,0,0,0,0,0,0,0,0
10.200900000,0,0,0,1,0,0,0,0
10.200935000,0,0,0,0,0,0,0,0
10.200952000,0,0,0,1,0,0,0,0
10.200961000,0,0,0,0,0,0,0,0
10.200969000,0,0,0,1,0,0,0,0
10.200978000,0,0,0,0,0,0,0,0
10.201022000,0,0,0,1,0,0,0,0
10.201030000,0,0,0,0,0,0,0,0
10.201039000,0,0,0,1,0,0,0,0
10.201048000,0,0,0,0,0,0,0,0
10.201056000,0,0,0,1,0,0,0,0
10.201065000,0,0,0,0,0,0,0,0
10.201082000,0,0,0,1,0,0,0,0
10.201091000,0,0,0,0,0,0,0,0
10.201126000,0,0,0,1,0,0,0,0
10.201135000,0,0,0,0,0,0,0,0
10.201143000,0,0,0,1,0,0,0,0
10.201152000,0,0,0,0,0,0,0,0
10.201161000,0,0,0,1,0,0,0,0
10.201169000,0,0,0,0,0,0,0,0
10.201213000,0,0,0,1,0,0,0,0
10.201221000,0,0,0,0,0,0,0,0
10.201230000,0,0,0,1,0,0,0,0
10.201239000,0,0,0,0,0,0,0,0
10.201247000,0,0,0,1,0,0,0,0
10.201265000,0,0,0,0,0,0,0,0
10.201300000,0,0,0,1,0,0,0,0
10.201308000,0,0,0,0,0,0,0,0
10.201317000,0,0,0,1,0,0,0,0
10.201326000,0,0,0,0,0,0,0,0
10.201334000,0,0,0,1,0,0,0,0
10.201352000,0,0,0,0,0,0,0,0
10.201360000,0,0,0,1,0,0,0,0
10.201369000,0,0,0,0,0,0,0,0
10.201386000,0,0,0,1,0,0,0,0
10.201395000,0,0,0,0,0,0,0,0
10.201404000,0,0,0,1,0,0,0,0
10.201413000,0,0,0,0,0,0,0,0
10.201421000,0,0,0,1,0,0,0,0
10.201430000,0,0,0,0,0,0,0,0
10.201439000,0,0,0,1,0,0,0,0
10.201456000,0,0,0,0,0,0,0,0
10.201465000,0,0,0,1,0,0,0,0
10.201473000,0,0,0,0,0,0,0,0
10.201491000,0,0,0,1,0,0,0,0
10.201499000,0,0,0,0,0,0,0,0
10.201543000,0,0,0,1,0,0,0,0
10.201560000,0,0,0,0,0,0,0,0
10.201578000,0,0,0,1,0,0,0,0
10.201586000,0,0,0,0,0,0,0,0
10.201595000,0,0,0,1,0,0,0,0
10.201604000,0,0,0,0,0,0,0,0
10.201630000,0,0,0,1,0,0,0,0
10.201647000,0,0,0,0,0,0,0,0
10.201664000,0,0,0,1,0,0,0,0
10.201673000,0,0,0,0,0,0,0,0
10.201691000,0,0,0,1,0,0,0,0
10.201699000,0,0,0,0,0,0,0,0
10.201717000,0,0,0,1,0,0,0,0
10.201734000,0,0,0,0,0,0,0,0
10.201751000,0,0,0,1,0,0,0,0
10.201760000,0,0,0,0,0,0,0,0
10.201769000,0,0,0,1,0,0,0,0
10.201786000,0,0,0,0,0,0,0,0
10.201803000,0,0,0,1,0,0,0,0
10.201821000,0,0,0,0,0,0,0,0
10.201838000,0,0,0,1,0,0,0,0
10.201847000,0,0,0,0,0,0,0,0
10.201873000,0,0,0,1,0,0,0,0
10.201882000,0,0,0,0,0,0,0,0
10.201890000,0,0,0,1,0,0,0,0
10.201908000,0,0,0,0,0,0,0,0
10.201925000,0,0,0,1,0,0,0,0
10.201934000,0,0,0,0,0,0,0,0
10.201942000,0,0,0,1,0,0,0,0
10.201951000,0,0,0,0,0,0,0,0
10.201960000,0,0,0,1,0,0,0,0
10.201969000,0,0,0,0,0,0,0,0
10.201977000,0,0,0,1,0,0,0,0
10.201995000,0,0,0,0,0,0,0,0
10.202012000,0,0,0,1,0,0,0,0
10.202021000,0,0,0,0,0,0,0,0
10.202038000,0,0,0,1,0,0,0,0
10.202055000,0,0,0,0,0,0,0,0
10.202064000,0,0,0,1,0,0,0,0
10.202081000,0,0,0,0,0,0,0,0
10.202099000,0,0,0,1,0,0,0,0
10.202108000,0,0,0,0,0,0,0,0
10.202116000,0,0,0,1,0,0,0,0
10.202142000,0,0,0,0,0,0,0,0
10.202151000,0,0,0,1,0,0,0,0
10.202168000,0,0,0,0,0,0,0,0
10.202186000,0,0,0,1,0,0,0,0
10.202194000,0,0,0,0,0,0,0,0
10.202229000,0,0,0,1,0,0,0,0
10.202255000,0,0,0,0,0,0,0,0
10.202273000,0,0,0,1,0,0,0,0
10.202281000,0,0,0,0,0,0,0,0
10.202290000,0,0,0,1,0,0,0,0
10.202299000,0,0,0,0,0,0,0,0
10.202316000,0,0,0,1,0,0,0,0
10.202342000,0,0,0,0,0,0,0,0
10.202359000,0,0,0,1,0,0,0,0
10.401499000,0,0,0,0,0,0,0,0
10.401507000,0,0,0,1,0,0,0,0
10.401516000,0,0,0,0,0,0,0,0
10.401525000,0,0,0,1,0,0,0,0
10.401542000,0,0,0,0,0,0,0,0
10.401559000,0,0,0,1,0,0,0,0
10.401568000,0,0,0,0,0,0,0,0
10.401577000,0,0,0,1,0,0,0,0
10.401585000,0,0,0,0,0,0,0,0
10.401594000,0,0,0,1,0,0,0,0
10.401603000,0,0,0,0,0,0,0,0
10.401620000,0,0,0,1,0,0,0,0
10.401629000,0,0,0,0,0,0,0,0
10.401646000,0,0,0,1,0,0,0,0
10.401655000,0,0,0,0,0,0,0,0
10.401664000,0,0,0,1,0,0,0,0
10.401672000,0,0,0,0,0,0,0,0
10.401690000,0,0,0,1,0,0,0,0
10.401716000,0,0,0,0,0,0,0,0
10.401733000,0,0,0,1,0,0,0,0
10.401742000,0,0,0,0,0,0,0,0
10.401750000,0,0,0,1,0,0,0,0
10.401759000,0,0,0,0,0,0,0,0
10.401785000,0,0,0,1,0,0,0,0
10.401794000,0,0,0,0,0,0,0,0
10.401820000,0,0,0,1,0,0,0,0
10.401829000,0,0,0,0,0,0,0,0
10.401837000,0,0,0,1,0,0,0,0
10.401846000,0,0,0,0,0,0,0,0
10.401855000,0,0,0,1,0,0,0,0
10.401881000,0,0,0,0,0,0,0,0
10.401907000,0,0,0,1,0,0,0,0
10.401916000,0,0,0,0,0,0,0,0
10.401924000,0,0,0,1,0,0,0,0
10.401933000,0,0,0,0,0,0,0,0
10.401942000,0,0,0,1,0,0,0,0
10.401950000,0,0,0,0,0,0,0,0
10.401994000,0,0,0,1,0,0,0,0
10.402002000,0,0,0,0,0,0,0,0
10.402011000,0,0,0,1,0,0,0,0
10.402020000,0,0,0,0,0,0,0,0
10.402037000,0,0,0,1,0,0,0,0
10.402046000,0,0,0,0,0,0,0,0
10.402063000,0,0,0,1,0,0,0,0
10.402072000,0,0,0,0,0,0,0,0
10.402081000,0,0,0,1,0,0,0,0
10.402089000,0,0,0,0,0,0,0,0
10.402098000,0,0,0,1,0,0,0,0
10.402107000,0,0,0,0,0,0,0,0
10.402133000,0,0,0,1,0,0,0,0
10.402141000,0,0,0,0,0,0,0,0
10.402167000,0,0,0,1,0,0,0,0
10.402176000,0,0,0,0,0,0,0,0
10.402185000,0,0,0,1,0,0,0,0
10.402194000,0,0,0,0,0,0,0,0
10.402202000,0,0,0,1,0,0,0,0
10.402211000,0,0,0,0,0,0,0,0
10.402220000,0,0,0,1,0,0,0,0
10.402237000,0,0,0,0,0,0,0,0
10.402246000,0,0,0,1,0,0,0,0
10.402254000,0,0,0,0,0,0,0,0
10.402272000,0,0,0,1,0,0,0,0
10.402280000,0,0,0,0,0,0,0,0
10.402289000,0,0,0,1,0,0,0,0
10.402315000,0,0,0,0,0,0,0,0
10.402341000,0,0,0,1,0,0,0,0
10.402350000,0,0,0,0,0,0,0,0
10.402359000,0,0,0,1,0,0,0,0
10.402367000,0,0,0,0,0,0,0,0
10.402411000,0,0,0,1,0,0,0,0
10.402419000,0,0,0,0,0,0,0,0
10.402428000,0,0,0,1,0,0,0,0
10.402437000,0,0,0,0,0,0,0,0
10.402445000,0,0,0,1,0,0,0,0
10.402454000,0,0,0,0,0,0,0,0
10.402463000,0,0,0,1,0,0,0,0
10.402471000,0,0,0,0,0,0,0,0
10.402489000,0,0,0,1,0,0,0,0
10.402498000,0,0,0,0,0,0,0,0
10.402515000,0,0,0,1,0,0,0,0
10.402524000,0,0,0,0,0,0,0,0
10.402532000,0,0,0,1,0,0,0,0
10.402541000,0,0,0,0,0,0,0,0
10.402550000,0,0,0,1,0,0,0,0
10.402584000,0,0,0,0,0,0,0,0
10.402602000,0,0,0,1,0,0,0,0
10.402610000,0,0,0,0,0,0,0,0
10.402619000,0,0,0,1,0,0,0,0
10.402628000,0,0,0,0,0,0,0,0
10.402637000,0,0,0,1,0,0,0,0
10.402645000,0,0,0,0,0,0,0,0
10.402654000,0,0,0,1,0,0,0,0
10.402671000,0,0,0,0,0,0,0,0
10.402680000,0,0,0,1,0,0,0,0
10.402689000,0,0,0,0,0,0,0,0
10.402706000,0,0,0,1,0,0,0,0
10.402715000,0,0,0,0,0,0,0,0
10.402741000,0,0,0,1,0,0,0,0
10.402758000,0,0,0,0,0,0,0,0
10.402776000,0,0,0,1,0,0,0,0
10.402784000,0,0,0,0,0,0,0,0
10.402793000,0,0,0,1,0,0,0,0
10.402802000,0,0,0,0,0,0,0,0
10.402810000,0,0,0,1,0,0,0,0
10.402845000,0,0,0,0,0,0,0,0
10.402862000,0,0,0,1,0,0,0,0
10.402871000,0,0,0,0,0,0,0,0
10.402880000,0,0,0,1,0,0,0,0
10.402888000,0,0,0,0,0,0,0,0
10.402897000,0,0,0,1,0,0,0,0
10.402932000,0,0,0,0,0,0,0,0
10.402949000,0,0,0,1,0,0,0,0
10.402958000,0,0,0,0,0,0,0,0
10.402967000,0,0,0,1,0,0,0,0
10.402975000,0,0,0,0,0,0,0,0
10.403019000,0,0,0,1,0,0,0,0
10.403027000,0,0,0,0,0,0,0,0
10.403036000,0,0,0,1,0,0,0,0
10.403045000,0,0,0,0,0,0,0,0
10.403054000,0,0,0,1,0,0,0,0
10.403062000,0,0,0,0,0,0,0,0
10.403080000,0,0,0,1,0,0,0,0
10.403088000,0,0,0,0,0,0,0,0
10.403123000,0,0,0,1,0,0,0,0
10.403132000,0,0,0,0,0,0,0,0
10.403140000,0,0,0,1,0,0,0,0
10.403149000,0,0,0,0,0,0,0,0
10.403158000,0,0,0,1,0,0,0,0
10.403166000,0,0,0,0,0,0,0,0
10.403210000,0,0,0,1,0,0,0,0
10.403219000,0,0,0,0,0,0,0,0
10.403227000,0,0,0,1,0,0,0,0
10.403236000,0,0,0,0,0,0,0,0
10.403245000,0,0,0,1,0,0,0,0
10.403262000,0,0,0,0,0,0,0,0
10.403297000,0,0,0,1,0,0,0,0
10.403305000,0,0,0,0,0,0,0,0
10.403314000,0,0,0,1,0,0,0,0
10.403323000,0,0,0,0,0,0,0,0
10.403332000,0,0,0,1,0,0,0,0
10.403349000,0,0,0,0,0,0,0,0
10.403358000,0,0,0,1,0,0,0,0
10.403366000,0,0,0,0,0,0,0,0
10.403384000,0,0,0,1,0,0,0,0
10.403392000,0,0,0,0,0,0,0,0
10.403401000,0,0,0,1,0,0,0,0
10.403410000,0,0,0,0,0,0,0,0
10.403418000,0,0,0,1,0,0,0,0
10.403427000,0,0,0,0,0,0,0,0
10.403436000,0,0,0,1,0,0,0,0
10.403453000,0,0,0,0,0,0,0,0
10.403462000,0,0,0,1,0,0,0,0
10.403471000,0,0,0,0,0,0,0,0
10.403488000,0,0,0,1,0,0,0,0
10.403497000,0,0,0,0,0,0,0,0
10.403540000,0,0,0,1,0,0,0,0
10.403557000,0,0,0,0,0,0,0,0
10.403575000,0,0,0,1,0,0,0,0
10.403583000,0,0,0,0,0,0,0,0
10.403592000,0,0,0,1,0,0,0,0
10.403601000,0,0,0,0,0,0,0,0
10.403627000,0,0,0,1,0,0,0,0
10.403644000,0,0,0,0,0,0,0,0
10.403662000,0,0,0,1,0,0,0,0
10.403670000,0,0,0,0,0,0,0,0
10.403688000,0,0,0,1,0,0,0,0
10.403696000,0,0,0,0,0,0,0,0
10.403714000,0,0,0,1,0,0,0,0
10.403731000,0,0,0,0,0,0,0,0
10.403749000,0,0,0,1,0,0,0,0
10.403757000,0,0,0,0,0,0,0,0
10.403766000,0,0,0,1,0,0,0,0
10.403783000,0,0,0,0,0,0,0,0
10.403801000,0,0,0,1,0,0,0,0
10.403818000,0,0,0,0,0,0,0,0
10.403835000,0,0,0,1,0,0,0,0
10.403844000,0,0,0,0,0,0,0,0
10.403870000,0,0,0,1,0,0,0,0
10.403879000,0,0,0,0,0,0,0,0
10.403888000,0,0,0,1,0,0,0,0
10.403905000,0,0,0,0,0,0,0,0
10.403922000,0,0,0,1,0,0,0,0
10.403931000,0,0,0,0,0,0,0,0
10.403940000,0,0,0,1,0,0,0,0
10.403948000,0,0,0,0,0,0,0,0
10.403957000,0,0,0,1,0,0,0,0
10.403966000,0,0,0,0,0,0,0,0
10.403974000,0,0,0,1,0,0,0,0
10.403992000,0,0,0,0,0,0,0,0
10.404009000,0,0,0,1,0,0,0,0
10.404018000,0,0,0,0,0,0,0,0
10.404035000,0,0,0,1,0,0,0,0
10.404053000,0,0,0,0,0,0,0,0
10.404061000,0,0,0,1,0,0,0,0
10.404079000,0,0,0,0,0,0,0,0
10.404096000,0,0,0,1,0,0,0,0
10.404105000,0,0,0,0,0,0,0,0
10.404113000,0,0,0,1,0,0,0,0
10.404139000,0,0,0,0,0,0,0,0
10.404148000,0,0,0,1,0,0,0,0
10.404166000,0,0,0,0,0,0,0,0
10.404183000,0,0,0,1,0,0,0,0
10.404192000,0,0,0,0,0,0,0,0
10.404226000,0,0,0,1,0,0,0,0
10.404252000,0,0,0,0,0,0,0,0
10.404270000,0,0,0,1,0,0,0,0
10.404278000,0,0,0,0,0,0,0,0
10.404287000,0,0,0,1,0,0,0,0
10.404296000,0,0,0,0,0,0,0,0
10.404313000,0,0,0,1,0,0,0,0
10.404339000,0,0,0,0,0,0,0,0
10.404357000,0,0,0,1,0,0,0,0
10.606496000,0,0,0,0,0,0,0,0
10.606504000,0,0,0,1,0,0,0,0
10.606513000,0,0,0,0,0,0,0,0
10.606522000,0,0,0,1,0,0,0,0
10.606539000,0,0,0,0,0,0,0,0
10.606557000,0,0,0,1,0,0,0,0
10.606565000,0,0,0,0,0,0,0,0
10.606574000,0,0,0,1,0,0,0,0
10.606583000,0,0,0,0,0,0,0,0
10.606591000,0,0,0,1,0,0,0,0
10.606600000,0,0,0,0,0,0,0,0
10.606617000,0,0,0,1,0,0,0,0
10.606626000,0,0,0,0,0,0,0,0
10.606643000,0,0,0,1,0,0,0,0
10.606652000,0,0,0,0,0,0,0,0
10.606661000,0,0,0,1,0,0,0,0
10.606670000,0,0,0,0,0,0,0,0
10.606687000,0,0,0,1,0,0,0,0
10.606713000,0,0,0,0,0,0,0,0
10.606730000,0,0,0,1,0,0,0,0
10.606739000,0,0,0,0,0,0,0,0
10.606748000,0,0,0,1,0,0,0,0
10.606756000,0,0,0,0,0,0,0,0
10.606782000,0,0,0,1,0,0,0,0
10.606791000,0,0,0,0,0,0,0,0
10.606817000,0,0,0,1,0,0,0,0
10.606826000,0,0,0,0,0,0,0,0
10.606835000,0,0,0,1,0,0,0,0
10.606843000,0,0,0,0,0,0,0,0
10.606852000,0,0,0,1,0,0,0,0
10.606878000,0,0,0,0,0,0,0,0
10.606904000,0,0,0,1,0,0,0,0
10.606913000,0,0,0,0,0,0,0,0
10.606921000,0,0,0,1,0,0,0,0
10.606930000,0,0,0,0,0,0,0,0
10.606939000,0,0,0,1,0,0,0,0
10.606948000,0,0,0,0,0,0,0,0
10.606991000,0,0,0,1,0,0,0,0
10.607000000,0,0,0,0,0,0,0,0
10.607008000,0,0,0,1,0,0,0,0
10.607017000,0,0,0,0,0,0,0,0
10.607034000,0,0,0,1,0,0,0,0
10.607043000,0,0,0,0,0,0,0,0
10.607060000,0,0,0,1,0,0,0,0
10.607069000,0,0,0,0,0,0,0,0
10.607078000,0,0,0,1,0,0,0,0
10.607087000,0,0,0,0,0,0,0,0
10.607095000,0,0,0,1,0,0,0,0
10.607104000,0,0,0,0,0,0,0,0
10.607130000,0,0,0,1,0,0,0,0
10.607139000,0,0,0,0,0,0,0,0
10.607165000,0,0,0,1,0,0,0,0
10.607173000,0,0,0,0,0,0,0,0
10.607182000,0,0,0,1,0,0,0,0
10.607191000,0,0,0,0,0,0,0,0
10.607199000,0,0,0,1,0,0,0,0
10.607208000,0,0,0,0,0,0,0,0
10.607217000,0,0,0,1,0,0,0,0
10.607234000,0,0,0,0,0,0,0,0
10.607243000,0,0,0,1,0,0,0,0
10.607252000,0,0,0,0,0,0,0,0
10.607269000,0,0,0,1,0,0,0,0
10.607278000,0,0,0,0,0,0,0,0
10.607286000,0,0,0,1,0,0,0,0
10.607312000,0,0,0,0,0,0,0,0
10.607338000,0,0,0,1,0,0,0,0
10.607347000,0,0,0,0,0,0,0,0
10.607356000,0,0,0,1,0,0,0,0
10.607365000,0,0,0,0,0,0,0,0
10.607408000,0,0,0,1,0,0,0,0
10.607417000,0,0,0,0,0,0,0,0
10.607425000,0,0,0,1,0,0,0,0
10.607434000,0,0,0,0,0,0,0,0
10.607443000,0,0,0,1,0,0,0,0
10.607451000,0,0,0,0,0,0,0,0
10.607460000,0,0,0,1,0,0,0,0
10.607469000,0,0,0,0,0,0,0,0
10.607486000,0,0,0,1,0,0,0,0
10.607495000,0,0,0,0,0,0,0,0
10.607512000,0,0,0,1,0,0,0,0
10.607521000,0,0,0,0,0,0,0,0
10.607530000,0,0,0,1,0,0,0,0
10.607538000,0,0,0,0,0,0,0,0
10.607547000,0,0,0,1,0,0,0,0
10.607582000,0,0,0,0,0,0,0,0
10.607599000,0,0,0,1,0,0,0,0
10.607608000,0,0,0,0,0,0,0,0
10.607616000,0,0,0,1,0,0,0,0
10.607625000,0,0,0,0,0,0,0,0
10.607634000,0,0,0,1,0,0,0,0
10.607643000,0,0,0,0,0,0,0,0
10.607651000,0,0,0,1,0,0,0,0
10.607669000,0,0,0,0,0,0,0,0
10.607677000,0,0,0,1,0,0,0,0
10.607686000,0,0,0,0,0,0,0,0
10.607703000,0,0,0,1,0,0,0,0
10.607712000,0,0,0,0,0,0,0,0
10.607738000,0,0,0,1,0,0,0,0
10.607755000,0,0,0,0,0,0,0,0
10.607773000,0,0,0,1,0,0,0,0
10.607781000,0,0,0,0,0,0,0,0
10.607790000,0,0,0,1,0,0,0,0
10.607799000,0,0,0,0,0,0,0,0
10.607808000,0,0,0,1,0,0,0,0
10.607842000,0,0,0,0,0,0,0,0
10.607860000,0,0,0,1,0,0,0,0
10.607868000,0,0,0,0,0,0,0,0
10.607877000,0,0,0,1,0,0,0,0
10.607886000,0,0,0,0,0,0,0,0
10.607894000,0,0,0,1,0,0,0,0
10.607929000,0,0,0,0,0,0,0,0
10.607947000,0,0,0,1,0,0,0,0
10.607955000,0,0,0,0,0,0,0,0
10.607964000,0,0,0,1,0,0,0,0
10.607973000,0,0,0,0,0,0,0,0
10.608016000,0,0,0,1,0,0,0,0
10.608025000,0,0,0,0,0,0,0,0
10.608033000,0,0,0,1,0,0,0,0
10.608042000,0,0,0,0,0,0,0,0
10.608051000,0,0,0,1,0,0,0,0
10.608059000,0,0,0,0,0,0,0,0
10.608077000,0,0,0,1,0,0,0,0
10.608086000,0,0,0,0,0,0,0,0
10.608120000,0,0,0,1,0,0,0,0
10.608129000,0,0,0,0,0,0,0,0
10.608138000,0,0,0,1,0,0,0,0
10.608146000,0,0,0,0,0,0,0,0
10.608155000,0,0,0,1,0,0,0,0
10.608164000,0,0,0,0,0,0,0,0
10.608207000,0,0,0,1,0,0,0,0
10.608216000,0,0,0,0,0,0,0,0
10.608225000,0,0,0,1,0,0,0,0
10.608233000,0,0,0,0,0,0,0,0
10.608242000,0,0,0,1,0,0,0,0
10.608259000,0,0,0,0,0,0,0,0
10.608294000,0,0,0,1,0,0,0,0
10.608303000,0,0,0,0,0,0,0,0
10.608311000,0,0,0,1,0,0,0,0
10.608320000,0,0,0,0,0,0,0,0
10.608329000,0,0,0,1,0,0,0,0
10.608346000,0,0,0,0,0,0,0,0
10.608355000,0,0,0,1,0,0,0,0
10.608364000,0,0,0,0,0,0,0,0
10.608381000,0,0,0,1,0,0,0,0
10.608390000,0,0,0,0,0,0,0,0
10.608398000,0,0,0,1,0,0,0,0
10.608407000,0,0,0,0,0,0,0,0
10.608416000,0,0,0,1,0,0,0,0
10.608424000,0,0,0,0,0,0,0,0
10.608433000,0,0,0,1,0,0,0,0
10.608450000,0,0,0,0,0,0,0,0
10.608459000,0,0,0,1,0,0,0,0
10.608468000,0,0,0,0,0,0,0,0
10.608485000,0,0,0,1,0,0,0,0
10.608494000,0,0,0,0,0,0,0,0
10.608537000,0,0,0,1,0,0,0,0
10.608555000,0,0,0,0,0,0,0,0
10.608572000,0,0,0,1,0,0,0,0
10.608581000,0,0,0,0,0,0,0,0
10.608589000,0,0,0,1,0,0,0,0
10.608598000,0,0,0,0,0,0,0,0
10.608624000,0,0,0,1,0,0,0,0
10.608642000,0,0,0,0,0,0,0,0
10.608659000,0,0,0,1,0,0,0,0
10.608668000,0,0,0,0,0,0,0,0
10.608685000,0,0,0,1,0,0,0,0
10.608694000,0,0,0,0,0,0,0,0
10.608711000,0,0,0,1,0,0,0,0
10.608728000,0,0,0,0,0,0,0,0
10.608746000,0,0,0,1,0,0,0,0
10.608754000,0,0,0,0,0,0,0,0
10.608763000,0,0,0,1,0,0,0,0
10.608781000,0,0,0,0,0,0,0,0
10.608798000,0,0,0,1,0,0,0,0
10.608815000,0,0,0,0,0,0,0,0
10.608833000,0,0,0,1,0,0,0,0
10.608841000,0,0,0,0,0,0,0,0
10.608867000,0,0,0,1,0,0,0,0
10.608876000,0,0,0,0,0,0,0,0
10.608885000,0,0,0,1,0,0,0,0
10.608902000,0,0,0,0,0,0,0,0
10.608920000,0,0,0,1,0,0,0,0
10.608928000,0,0,0,0,0,0,0,0
10.608937000,0,0,0,1,0,0,0,0
10.608946000,0,0,0,0,0,0,0,0
10.608954000,0,0,0,1,0,0,0,0
10.608963000,0,0,0,0,0,0,0,0
10.608972000,0,0,0,1,0,0,0,0
10.608989000,0,0,0,0,0,0,0,0
10.609006000,0,0,0,1,0,0,0,0
10.609015000,0,0,0,0,0,0,0,0
10.609032000,0,0,0,1,0,0,0,0
10.609050000,0,0,0,0,0,0,0,0
10.609059000,0,0,0,1,0,0,0,0
10.609076000,0,0,0,0,0,0,0,0
10.609093000,0,0,0,1,0,0,0,0
10.609102000,0,0,0,0,0,0,0,0
10.609111000,0,0,0,1,0,0,0,0
10.609137000,0,0,0,0,0,0,0,0
10.609145000,0,0,0,1,0,0,0,0
10.609163000,0,0,0,0,0,0,0,0
10.609180000,0,0,0,1,0,0,0,0
10.609189000,0,0,0,0,0,0,0,0
10.609224000,0,0,0,1,0,0,0,0
10.609250000,0,0,0,0,0,0,0,0
10.609267000,0,0,0,1,0,0,0,0
10.609276000,0,0,0,0,0,0,0,0
10.609284000,0,0,0,1,0,0,0,0
10.609293000,0,0,0,0,0,0,0,0
10.609310000,0,0,0,1,0,0,0,0
10.609337000,0,0,0,0,0,0,0,0
10.609354000,0,0,0,1,0,0,0,0
10.816493000,0,0,0,0,0,0,0,0
10.816502000,0,0,0,1,0,0,0,0
10.816510000,0,0,0,0,0,0,0,0
10.816519000,0,0,0,1,0,0,0,0
10.816537000,0,0,0,0,0,0,0,0
10.816554000,0,0,0,1,0,0,0,0
10.816563000,0,0,0,0,0,0,0,0
10.816571000,0,0,0,1,0,0,0,0
10.816580000,0,0,0,0,0,0,0,0
10.816589000,0,0,0,1,0,0,0,0
10.816597000,0,0,0,0,0,0,0,0
10.816615000,0,0,0,1,0,0,0,0
10.816623000,0,0,0,0,0,0,0,0
10.816641000,0,0,0,1,0,0,0,0
10.816649000,0,0,0,0,0,0,0,0
10.816658000,0,0,0,1,0,0,0,0
10.816667000,0,0,0,0,0,0,0,0
10.816684000,0,0,0,1,0,0,0,0
10.816710000,0,0,0,0,0,0,0,0
10.816728000,0,0,0,1,0,0,0,0
10.816736000,0,0,0,0,0,0,0,0
10.816745000,0,0,0,1,0,0,0,0
10.816754000,0,0,0,0,0,0,0,0
10.816780000,0,0,0,1,0,0,0,0
10.816788000,0,0,0,0,0,0,0,0
10.816815000,0,0,0,1,0,0,0,0
10.816823000,0,0,0,0,0,0,0,0
10.816832000,0,0,0,1,0,0,0,0
10.816841000,0,0,0,0,0,0,0,0
10.816849000,0,0,0,1,0,0,0,0
10.816875000,0,0,0,0,0,0,0,0
10.816901000,0,0,0,1,0,0,0,0
10.816910000,0,0,0,0,0,0,0,0
10.816919000,0,0,0,1,0,0,0,0
10.816927000,0,0,0,0,0,0,0,0
10.816936000,0,0,0,1,0,0,0,0
10.816945000,0,0,0,0,0,0,0,0
10.816988000,0,0,0,1,0,0,0,0
10.816997000,0,0,0,0,0,0,0,0
10.817006000,0,0,0,1,0,0,0,0
10.817014000,0,0,0,0,0,0,0,0
10.817032000,0,0,0,1,0,0,0,0
10.817040000,0,0,0,0,0,0,0,0
10.817058000,0,0,0,1,0,0,0,0
10.817066000,0,0,0,0,0,0,0,0
10.817075000,0,0,0,1,0,0,0,0
10.817084000,0,0,0,0,0,0,0,0
10.817093000,0,0,0,1,0,0,0,0
10.817101000,0,0,0,0,0,0,0,0
10.817127000,0,0,0,1,0,0,0,0
10.817136000,0,0,0,0,0,0,0,0
10.817162000,0,0,0,1,0,0,0,0
10.817171000,0,0,0,0,0,0,0,0
10.817179000,0,0,0,1,0,0,0,0
10.817188000,0,0,0,0,0,0,0,0
10.817197000,0,0,0,1,0,0,0,0
10.817205000,0,0,0,0,0,0,0,0
10.817214000,0,0,0,1,0,0,0,0
10.817232000,0,0,0,0,0,0,0,0
10.817240000,0,0,0,1,0,0,0,0
10.817249000,0,0,0,0,0,0,0,0
10.817266000,0,0,0,1,0,0,0,0
10.817275000,0,0,0,0,0,0,0,0
10.817284000,0,0,0,1,0,0,0,0
10.817310000,0,0,0,0,0,0,0,0
10.817336000,0,0,0,1,0,0,0,0
10.817344000,0,0,0,0,0,0,0,0
10.817353000,0,0,0,1,0,0,0,0
10.817362000,0,0,0,0,0,0,0,0
10.817405000,0,0,0,1,0,0,0,0
10.817414000,0,0,0,0,0,0,0,0
10.817423000,0,0,0,1,0,0,0,0
10.817431000,0,0,0,0,0,0,0,0
10.817440000,0,0,0,1,0,0,0,0
10.817449000,0,0,0,0,0,0,0,0
10.817457000,0,0,0,1,0,0,0,0
10.817466000,0,0,0,0,0,0,0,0
10.817483000,0,0,0,1,0,0,0,0
10.817492000,0,0,0,0,0,0,0,0
10.817509000,0,0,0,1,0,0,0,0
10.817518000,0,0,0,0,0,0,0,0
10.817527000,0,0,0,1,0,0,0,0
10.817536000,0,0,0,0,0,0,0,0
10.817544000,0,0,0,1,0,0,0,0
10.817579000,0,0,0,0,0,0,0,0
10.817596000,0,0,0,1,0,0,0,0
10.817605000,0,0,0,0,0,0,0,0
10.817614000,0,0,0,1,0,0,0,0
10.817622000,0,0,0,0,0,0,0,0
10.817631000,0,0,0,1,0,0,0,0
10.817640000,0,0,0,0,0,0,0,0
10.817648000,0,0,0,1,0,0,0,0
10.817666000,0,0,0,0,0,0,0,0
10.817675000,0,0,0,1,0,0,0,0
10.817683000,0,0,0,0,0,0,0,0
10.817701000,0,0,0,1,0,0,0,0
10.817709000,0,0,0,0,0,0,0,0
10.817735000,0,0,0,1,0,0,0,0
10.817753000,0,0,0,0,0,0,0,0
10.817770000,0,0,0,1,0,0,0,0
10.817779000,0,0,0,0,0,0,0,0
10.817787000,0,0,0,1,0,0,0,0
10.817796000,0,0,0,0,0,0,0,0
10.817805000,0,0,0,1,0,0,0,0
10.817840000,0,0,0,0,0,0,0,0
10.817857000,0,0,0,1,0,0,0,0
10.817866000,0,0,0,0,0,0,0,0
10.817874000,0,0,0,1,0,0,0,0
10.817883000,0,0,0,0,0,0,0,0
10.817892000,0,0,0,1,0,0,0,0
10.817926000,0,0,0,0,0,0,0,0
10.817944000,0,0,0,1,0,0,0,0
10.817953000,0,0,0,0,0,0,0,0
10.817961000,0,0,0,1,0,0,0,0
10.817970000,0,0,0,0,0,0,0,0
10.818013000,0,0,0,1,0,0,0,0
10.818022000,0,0,0,0,0,0,0,0
10.818031000,0,0,0,1,0,0,0,0
10.818039000,0,0,0,0,0,0,0,0
10.818048000,0,0,0,1,0,0,0,0
10.818057000,0,0,0,0,0,0,0,0
10.818074000,0,0,0,1,0,0,0,0
10.818083000,0,0,0,0,0,0,0,0
10.818118000,0,0,0,1,0,0,0,0
10.818126000,0,0,0,0,0,0,0,0
10.818135000,0,0,0,1,0,0,0,0
10.818144000,0,0,0,0,0,0,0,0
10.818152000,0,0,0,1,0,0,0,0
10.818161000,0,0,0,0,0,0,0,0
10.818204000,0,0,0,1,0,0,0,0
10.818213000,0,0,0,0,0,0,0,0
10.818222000,0,0,0,1,0,0,0,0
10.818231000,0,0,0,0,0,0,0,0
10.818239000,0,0,0,1,0,0,0,0
10.818257000,0,0,0,0,0,0,0,0
10.818291000,0,0,0,1,0,0,0,0
10.818300000,0,0,0,0,0,0,0,0
10.818309000,0,0,0,1,0,0,0,0
10.818317000,0,0,0,0,0,0,0,0
10.818326000,0,0,0,1,0,0,0,0
10.818343000,0,0,0,0,0,0,0,0
10.818352000,0,0,0,1,0,0,0,0
10.818361000,0,0,0,0,0,0,0,0
10.818378000,0,0,0,1,0,0,0,0
10.818387000,0,0,0,0,0,0,0,0
10.818396000,0,0,0,1,0,0,0,0
10.818404000,0,0,0,0,0,0,0,0
10.818413000,0,0,0,1,0,0,0,0
10.818422000,0,0,0,0,0,0,0,0
10.818430000,0,0,0,1,0,0,0,0
10.818448000,0,0,0,0,0,0,0,0
10.818456000,0,0,0,1,0,0,0,0
10.818465000,0,0,0,0,0,0,0,0
10.818482000,0,0,0,1,0,0,0,0
10.818491000,0,0,0,0,0,0,0,0
10.818535000,0,0,0,1,0,0,0,0
10.818552000,0,0,0,0,0,0,0,0
10.818569000,0,0,0,1,0,0,0,0
10.818578000,0,0,0,0,0,0,0,0
10.818587000,0,0,0,1,0,0,0,0
10.818595000,0,0,0,0,0,0,0,0
10.818621000,0,0,0,1,0,0,0,0
10.818639000,0,0,0,0,0,0,0,0
10.818656000,0,0,0,1,0,0,0,0
10.818665000,0,0,0,0,0,0,0,0
10.818682000,0,0,0,1,0,0,0,0
10.818691000,0,0,0,0,0,0,0,0
10.818708000,0,0,0,1,0,0,0,0
10.818726000,0,0,0,0,0,0,0,0
10.818743000,0,0,0,1,0,0,0,0
10.818752000,0,0,0,0,0,0,0,0
10.818760000,0,0,0,1,0,0,0,0
10.818778000,0,0,0,0,0,0,0,0
10.818795000,0,0,0,1,0,0,0,0
10.818813000,0,0,0,0,0,0,0,0
10.818830000,0,0,0,1,0,0,0,0
10.818839000,0,0,0,0,0,0,0,0
10.818865000,0,0,0,1,0,0,0,0
10.818873000,0,0,0,0,0,0,0,0
10.818882000,0,0,0,1,0,0,0,0
10.818899000,0,0,0,0,0,0,0,0
10.818917000,0,0,0,1,0,0,0,0
10.818926000,0,0,0,0,0,0,0,0
10.818934000,0,0,0,1,0,0,0,0
10.818943000,0,0,0,0,0,0,0,0
10.818952000,0,0,0,1,0,0,0,0
10.818960000,0,0,0,0,0,0,0,0
10.818969000,0,0,0,1,0,0,0,0
10.818986000,0,0,0,0,0,0,0,0
10.819004000,0,0,0,1,0,0,0,0
10.819012000,0,0,0,0,0,0,0,0
10.819030000,0,0,0,1,0,0,0,0
10.819047000,0,0,0,0,0,0,0,0
10.819056000,0,0,0,1,0,0,0,0
10.819073000,0,0,0,0,0,0,0,0
10.819091000,0,0,0,1,0,0,0,0
10.819099000,0,0,0,0,0,0,0,0
10.819108000,0,0,0,1,0,0,0,0
10.819134000,0,0,0,0,0,0,0,0
10.819143000,0,0,0,1,0,0,0,0
10.819160000,0,0,0,0,0,0,0,0
10.819177000,0,0,0,1,0,0,0,0
10.819186000,0,0,0,0,0,0,0,0
10.819221000,0,0,0,1,0,0,0,0
10.819247000,0,0,0,0,0,0,0,0
10.819264000,0,0,0,1,0,0,0,0
10.819273000,0,0,0,0,0,0,0,0
10.819282000,0,0,0,1,0,0,0,0
10.819290000,0,0,0,0,0,0,0,0
10.819308000,0,0,0,1,0,0,0,0
10.819334000,0,0,0,0,0,0,0,0
10.819351000,0,0,0,1,0,0,0,0
11.017490000,0,0,0,0,0,0,0,0
11.017499000,0,0,0,1,0,0,0,0
11.017508000,0,0,0,0,0,0,0,0
11.017516000,0,0,0,1,0,0,0,0
11.017534000,0,0,0,0,0,0,0,0
11.017551000,0,0,0,1,0,0,0,0
11.017560000,0,0,0,0,0,0,0,0
11.017569000,0,0,0,1,0,0,0,0
11.017577000,0,0,0,0,0,0,0,0
11.017586000,0,0,0,1,0,0,0,0
11.017595000,0,0,0,0,0,0,0,0
11.017612000,0,0,0,1,0,0,0,0
11.017621000,0,0,0,0,0,0,0,0
11.017638000,0,0,0,1,0,0,0,0
11.017647000,0,0,0,0,0,0,0,0
11.017655000,0,0,0,1,0,0,0,0
11.017664000,0,0,0,0,0,0,0,0
11.017681000,0,0,0,1,0,0,0,0
11.017708000,0,0,0,0,0,0,0,0
11.017725000,0,0,0,1,0,0,0,0
11.017734000,0,0,0,0,0,0,0,0
11.017742000,0,0,0,1,0,0,0,0
11.017751000,0,0,0,0,0,0,0,0
11.017777000,0,0,0,1,0,0,0,0
11.017786000,0,0,0,0,0,0,0,0
11.017812000,0,0,0,1,0,0,0,0
11.017820000,0,0,0,0,0,0,0,0
11.017829000,0,0,0,1,0,0,0,0
11.017838000,0,0,0,0,0,0,0,0
11.017847000,0,0,0,1,0,0,0,0
11.017873000,0,0,0,0,0,0,0,0
11.017899000,0,0,0,1,0,0,0,0
11.017907000,0,0,0,0,0,0,0,0
11.017916000,0,0,0,1,0,0,0,0
11.017925000,0,0,0,0,0,0,0,0
11.017933000,0,0,0,1,0,0,0,0
11.017942000,0,0,0,0,0,0,0,0
11.017986000,0,0,0,1,0,0,0,0
11.017994000,0,0,0,0,0,0,0,0
11.018003000,0,0,0,1,0,0,0,0
11.018012000,0,0,0,0,0,0,0,0
11.018029000,0,0,0,1,0,0,0,0
11.018038000,0,0,0,0,0,0,0,0
11.018055000,0,0,0,1,0,0,0,0
11.018064000,0,0,0,0,0,0,0,0
11.018072000,0,0,0,1,0,0,0,0
11.018081000,0,0,0,0,0,0,0,0
11.018090000,0,0,0,1,0,0,0,0
11.018098000,0,0,0,0,0,0,0,0
11.018125000,0,0,0,1,0,0,0,0
11.018133000,0,0,0,0,0,0,0,0
11.018159000,0,0,0,1,0,0,0,0
11.018168000,0,0,0,0,0,0,0,0
11.018177000,0,0,0,1,0,0,0,0
11.018185000,0,0,0,0,0,0,0,0
11.018194000,0,0,0,1,0,0,0,0
11.018203000,0,0,0,0,0,0,0,0
11.018211000,0,0,0,1,0,0,0,0
11.018229000,0,0,0,0,0,0,0,0
11.018237000,0,0,0,1,0,0,0,0
11.018246000,0,0,0,0,0,0,0,0
11.018264000,0,0,0,1,0,0,0,0
11.018272000,0,0,0,0,0,0,0,0
11.018281000,0,0,0,1,0,0,0,0
11.018307000,0,0,0,0,0,0,0,0
11.018333000,0,0,0,1,0,0,0,0
11.018342000,0,0,0,0,0,0,0,0
11.018350000,0,0,0,1,0,0,0,0
11.018359000,0,0,0,0,0,0,0,0
11.018403000,0,0,0,1,0,0,0,0
11.018411000,0,0,0,0,0,0,0,0
11.018420000,0,0,0,1,0,0,0,0
11.018429000,0,0,0,0,0,0,0,0
11.018437000,0,0,0,1,0,0,0,0
11.018446000,0,0,0,0,0,0,0,0
11.018455000,0,0,0,1,0,0,0,0
11.018463000,0,0,0,0,0,0,0,0
11.018481000,0,0,0,1,0,0,0,0
11.018489000,0,0,0,0,0,0,0,0
11.018507000,0,0,0,1,0,0,0,0
11.018515000,0,0,0,0,0,0,0,0
11.018524000,0,0,0,1,0,0,0,0
11.018533000,0,0,0,0,0,0,0,0
11.018542000,0,0,0,1,0,0,0,0
11.018576000,0,0,0,0,0,0,0,0
11.018594000,0,0,0,1,0,0,0,0
11.018602000,0,0,0,0,0,0,0,0
11.018611000,0,0,0,1,0,0,0,0
11.018620000,0,0,0,0,0,0,0,0
11.018628000,0,0,0,1,0,0,0,0
11.018637000,0,0,0,0,0,0,0,0
11.018646000,0,0,0,1,0,0,0,0
11.018663000,0,0,0,0,0,0,0,0
11.018672000,0,0,0,1,0,0,0,0
11.018681000,0,0,0,0,0,0,0,0
11.018698000,0,0,0,1,0,0,0,0
11.018707000,0,0,0,0,0,0,0,0
11.018733000,0,0,0,1,0,0,0,0
11.018750000,0,0,0,0,0,0,0,0
11.018767000,0,0,0,1,0,0,0,0
11.018776000,0,0,0,0,0,0,0,0
11.018785000,0,0,0,1,0,0,0,0
11.018793000,0,0,0,0,0,0,0,0
11.018802000,0,0,0,1,0,0,0,0
11.018837000,0,0,0,0,0,0,0,0
11.018854000,0,0,0,1,0,0,0,0
11.018863000,0,0,0,0,0,0,0,0
11.018872000,0,0,0,1,0,0,0,0
11.018880000,0,0,0,0,0,0,0,0
11.018889000,0,0,0,1,0,0,0,0
11.018924000,0,0,0,0,0,0,0,0
11.018941000,0,0,0,1,0,0,0,0
11.018950000,0,0,0,0,0,0,0,0
11.018959000,0,0,0,1,0,0,0,0
11.018967000,0,0,0,0,0,0,0,0
11.019011000,0,0,0,1,0,0,0,0
11.019019000,0,0,0,0,0,0,0,0
11.019028000,0,0,0,1,0,0,0,0
11.019037000,0,0,0,0,0,0,0,0
11.019045000,0,0,0,1,0,0,0,0
11.019054000,0,0,0,0,0,0,0,0
11.019071000,0,0,0,1,0,0,0,0
11.019080000,0,0,0,0,0,0,0,0
11.019115000,0,0,0,1,0,0,0,0
11.019124000,0,0,0,0,0,0,0,0
11.019132000,0,0,0,1,0,0,0,0
11.019141000,0,0,0,0,0,0,0,0
11.019150000,0,0,0,1,0,0,0,0
11.019158000,0,0,0,0,0,0,0,0
11.019202000,0,0,0,1,0,0,0,0
11.019210000,0,0,0,0,0,0,0,0
11.019219000,0,0,0,1,0,0,0,0
11.019228000,0,0,0,0,0,0,0,0
11.019237000,0,0,0,1,0,0,0,0
11.019254000,0,0,0,0,0,0,0,0
11.019289000,0,0,0,1,0,0,0,0
11.019297000,0,0,0,0,0,0,0,0
11.019306000,0,0,0,1,0,0,0,0
11.019315000,0,0,0,0,0,0,0,0
11.019323000,0,0,0,1,0,0,0,0
11.019341000,0,0,0,0,0,0,0,0
11.019349000,0,0,0,1,0,0,0,0
11.019358000,0,0,0,0,0,0,0,0
11.019376000,0,0,0,1,0,0,0,0
11.019384000,0,0,0,0,0,0,0,0
11.019393000,0,0,0,1,0,0,0,0
11.019402000,0,0,0,0,0,0,0,0
11.019410000,0,0,0,1,0,0,0,0
11.019419000,0,0,0,0,0,0,0,0
11.019428000,0,0,0,1,0,0,0,0
11.019445000,0,0,0,0,0,0,0,0
11.019454000,0,0,0,1,0,0,0,0
11.019462000,0,0,0,0,0,0,0,0
11.019480000,0,0,0,1,0,0,0,0
11.019488000,0,0,0,0,0,0,0,0
11.019532000,0,0,0,1,0,0,0,0
11.019549000,0,0,0,0,0,0,0,0
11.019567000,0,0,0,1,0,0,0,0
11.019575000,0,0,0,0,0,0,0,0
11.019584000,0,0,0,1,0,0,0,0
11.019593000,0,0,0,0,0,0,0,0
11.019619000,0,0,0,1,0,0,0,0
11.019636000,0,0,0,0,0,0,0,0
11.019653000,0,0,0,1,0,0,0,0
11.019662000,0,0,0,0,0,0,0,0
11.019680000,0,0,0,1,0,0,0,0
11.019688000,0,0,0,0,0,0,0,0
11.019706000,0,0,0,1,0,0,0,0
11.019723000,0,0,0,0,0,0,0,0
11.019740000,0,0,0,1,0,0,0,0
11.019749000,0,0,0,0,0,0,0,0
11.019758000,0,0,0,1,0,0,0,0
11.019775000,0,0,0,0,0,0,0,0
11.019792000,0,0,0,1,0,0,0,0
11.019810000,0,0,0,0,0,0,0,0
11.019827000,0,0,0,1,0,0,0,0
11.019836000,0,0,0,0,0,0,0,0
11.019862000,0,0,0,1,0,0,0,0
11.019871000,0,0,0,0,0,0,0,0
11.019879000,0,0,0,1,0,0,0,0
11.019897000,0,0,0,0,0,0,0,0
11.019914000,0,0,0,1,0,0,0,0
11.019923000,0,0,0,0,0,0,0,0
11.019931000,0,0,0,1,0,0,0,0
11.019940000,0,0,0,0,0,0,0,0
11.019949000,0,0,0,1,0,0,0,0
11.019958000,0,0,0,0,0,0,0,0
11.019966000,0,0,0,1,0,0,0,0
11.019984000,0,0,0,0,0,0,0,0
11.020001000,0,0,0,1,0,0,0,0
11.020010000,0,0,0,0,0,0,0,0
11.020027000,0,0,0,1,0,0,0,0
11.020044000,0,0,0,0,0,0,0,0
11.020053000,0,0,0,1,0,0,0,0
11.020070000,0,0,0,0,0,0,0,0
11.020088000,0,0,0,1,0,0,0,0
11.020097000,0,0,0,0,0,0,0,0
11.020105000,0,0,0,1,0,0,0,0
11.020131000,0,0,0,0,0,0,0,0
11.020140000,0,0,0,1,0,0,0,0
11.020157000,0,0,0,0,0,0,0,0
11.020175000,0,0,0,1,0,0,0,0
11.020183000,0,0,0,0,0,0,0,0
11.020218000,0,0,0,1,0,0,0,0
11.020244000,0,0,0,0,0,0,0,0
11.020262000,0,0,0,1,0,0,0,0
11.020270000,0,0,0,0,0,0,0,0
11.020279000,0,0,0,1,0,0,0,0
11.020288000,0,0,0,0,0,0,0,0
11.020305000,0,0,0,1,0,0,0,0
11.020331000,0,0,0,0,0,0,0,0
11.020348000,0,0,0,1,0,0,0,0
11.230817000,0,0,0,0,0,0,0,0
11.230825000,0,0,0,1,0,0,0,0
11.230834000,0,0,0,0,0,0,0,0
11.230843000,0,0,0,1,0,0,0,0
11.230860000,0,0,0,0,0,0,0,0
11.230877000,0,0,0,1,0,0,0,0
11.230886000,0,0,0,0,0,0,0,0
11.230895000,0,0,0,1,0,0,0,0
11.230904000,0,0,0,0,0,0,0,0
11.230912000,0,0,0,1,0,0,0,0
11.230921000,0,0,0,0,0,0,0,0
11.230938000,0,0,0,1,0,0,0,0
11.230947000,0,0,0,0,0,0,0,0
11.230964000,0,0,0,1,0,0,0,0
11.230973000,0,0,0,0,0,0,0,0
11.230982000,0,0,0,1,0,0,0,0
11.230990000,0,0,0,0,0,0,0,0
11.231008000,0,0,0,1,0,0,0,0
11.231034000,0,0,0,0,0,0,0,0
11.231051000,0,0,0,1,0,0,0,0
11.231060000,0,0,0,0,0,0,0,0
11.231069000,0,0,0,1,0,0,0,0
11.231077000,0,0,0,0,0,0,0,0
11.231103000,0,0,0,1,0,0,0,0
11.231112000,0,0,0,0,0,0,0,0
11.231138000,0,0,0,1,0,0,0,0
11.231147000,0,0,0,0,0,0,0,0
11.231155000,0,0,0,1,0,0,0,0
11.231164000,0,0,0,0,0,0,0,0
11.231173000,0,0,0,1,0,0,0,0
11.231199000,0,0,0,0,0,0,0,0
11.231225000,0,0,0,1,0,0,0,0
11.231234000,0,0,0,0,0,0,0,0
11.231242000,0,0,0,1,0,0,0,0
11.231251000,0,0,0,0,0,0,0,0
11.231260000,0,0,0,1,0,0,0,0
11.231268000,0,0,0,0,0,0,0,0
11.231312000,0,0,0,1,0,0,0,0
11.231321000,0,0,0,0,0,0,0,0
11.231329000,0,0,0,1,0,0,0,0
11.231338000,0,0,0,0,0,0,0,0
11.231355000,0,0,0,1,0,0,0,0
11.231364000,0,0,0,0,0,0,0,0
11.231381000,0,0,0,1,0,0,0,0
11.231390000,0,0,0,0,0,0,0,0
11.231399000,0,0,0,1,0,0,0,0
11.231407000,0,0,0,0,0,0,0,0
11.231416000,0,0,0,1,0,0,0,0
11.231425000,0,0,0,0,0,0,0,0
11.231451000,0,0,0,1,0,0,0,0
11.231460000,0,0,0,0,0,0,0,0
11.231486000,0,0,0,1,0,0,0,0
11.231494000,0,0,0,0,0,0,0,0
11.231503000,0,0,0,1,0,0,0,0
11.231512000,0,0,0,0,0,0,0,0
11.231520000,0,0,0,1,0,0,0,0
11.231529000,0,0,0,0,0,0,0,0
11.231538000,0,0,0,1,0,0,0,0
11.231555000,0,0,0,0,0,0,0,0
11.231564000,0,0,0,1,0,0,0,0
11.231572000,0,0,0,0,0,0,0,0
11.231590000,0,0,0,1,0,0,0,0
11.231599000,0,0,0,0,0,0,0,0
11.231607000,0,0,0,1,0,0,0,0
11.231633000,0,0,0,0,0,0,0,0
11.231659000,0,0,0,1,0,0,0,0
11.231668000,0,0,0,0,0,0,0,0
11.231677000,0,0,0,1,0,0,0,0
11.231685000,0,0,0,0,0,0,0,0
11.231729000,0,0,0,1,0,0,0,0
11.231738000,0,0,0,0,0,0,0,0
11.231746000,0,0,0,1,0,0,0,0
11.231755000,0,0,0,0,0,0,0,0
11.231764000,0,0,0,1,0,0,0,0
11.231772000,0,0,0,0,0,0,0,0
11.231781000,0,0,0,1,0,0,0,0
11.231790000,0,0,0,0,0,0,0,0
11.231807000,0,0,0,1,0,0,0,0
11.231816000,0,0,0,0,0,0,0,0
11.231833000,0,0,0,1,0,0,0,0
11.231842000,0,0,0,0,0,0,0,0
11.231850000,0,0,0,1,0,0,0,0
11.231859000,0,0,0,0,0,0,0,0
11.231868000,0,0,0,1,0,0,0,0
11.231903000,0,0,0,0,0,0,0,0
11.231920000,0,0,0,1,0,0,0,0
11.231929000,0,0,0,0,0,0,0,0
11.231937000,0,0,0,1,0,0,0,0
11.231946000,0,0,0,0,0,0,0,0
11.231955000,0,0,0,1,0,0,0,0
11.231963000,0,0,0,0,0,0,0,0
11.231972000,0,0,0,1,0,0,0,0
11.231989000,0,0,0,0,0,0,0,0
11.231998000,0,0,0,1,0,0,0,0
11.232007000,0,0,0,0,0,0,0,0
11.232024000,0,0,0,1,0,0,0,0
11.232033000,0,0,0,0,0,0,0,0
11.232059000,0,0,0,1,0,0,0,0
11.232076000,0,0,0,0,0,0,0,0
11.232094000,0,0,0,1,0,0,0,0
11.232102000,0,0,0,0,0,0,0,0
11.232111000,0,0,0,1,0,0,0,0
11.232120000,0,0,0,0,0,0,0,0
11.232128000,0,0,0,1,0,0,0,0
11.232163000,0,0,0,0,0,0,0,0
11.232181000,0,0,0,1,0,0,0,0
11.232189000,0,0,0,0,0,0,0,0
11.232198000,0,0,0,1,0,0,0,0
11.232207000,0,0,0,0,0,0,0,0
11.232215000,0,0,0,1,0,0,0,0
11.232250000,0,0,0,0,0,0,0,0
11.232267000,0,0,0,1,0,0,0,0
11.232276000,0,0,0,0,0,0,0,0
11.232285000,0,0,0,1,0,0,0,0
11.232294000,0,0,0,0,0,0,0,0
11.232337000,0,0,0,1,0,0,0,0
11.232346000,0,0,0,0,0,0,0,0
11.232354000,0,0,0,1,0,0,0,0
11.232363000,0,0,0,0,0,0,0,0
11.232372000,0,0,0,1,0,0,0,0
11.232380000,0,0,0,0,0,0,0,0
11.232398000,0,0,0,1,0,0,0,0
11.232406000,0,0,0,0,0,0,0,0
11.232441000,0,0,0,1,0,0,0,0
11.232450000,0,0,0,0,0,0,0,0
11.232459000,0,0,0,1,0,0,0,0
11.232467000,0,0,0,0,0,0,0,0
11.232476000,0,0,0,1,0,0,0,0
11.232485000,0,0,0,0,0,0,0,0
11.232528000,0,0,0,1,0,0,0,0
11.232537000,0,0,0,0,0,0,0,0
11.232545000,0,0,0,1,0,0,0,0
11.232554000,0,0,0,0,0,0,0,0
11.232563000,0,0,0,1,0,0,0,0
11.232580000,0,0,0,0,0,0,0,0
11.232615000,0,0,0,1,0,0,0,0
11.232624000,0,0,0,0,0,0,0,0
11.232632000,0,0,0,1,0,0,0,0
11.232641000,0,0,0,0,0,0,0,0
11.232650000,0,0,0,1,0,0,0,0
11.232667000,0,0,0,0,0,0,0,0
11.232676000,0,0,0,1,0,0,0,0
11.232684000,0,0,0,0,0,0,0,0
11.232702000,0,0,0,1,0,0,0,0
11.232711000,0,0,0,0,0,0,0,0
11.232719000,0,0,0,1,0,0,0,0
11.232728000,0,0,0,0,0,0,0,0
11.232737000,0,0,0,1,0,0,0,0
11.232745000,0,0,0,0,0,0,0,0
11.232754000,0,0,0,1,0,0,0,0
11.232771000,0,0,0,0,0,0,0,0
11.232780000,0,0,0,1,0,0,0,0
11.232789000,0,0,0,0,0,0,0,0
11.232806000,0,0,0,1,0,0,0,0
11.232815000,0,0,0,0,0,0,0,0
11.232858000,0,0,0,1,0,0,0,0
11.232876000,0,0,0,0,0,0,0,0
11.232893000,0,0,0,1,0,0,0,0
11.232902000,0,0,0,0,0,0,0,0
11.232910000,0,0,0,1,0,0,0,0
11.232919000,0,0,0,0,0,0,0,0
11.232945000,0,0,0,1,0,0,0,0
11.232962000,0,0,0,0,0,0,0,0
11.232980000,0,0,0,1,0,0,0,0
11.232989000,0,0,0,0,0,0,0,0
11.233006000,0,0,0,1,0,0,0,0
11.233015000,0,0,0,0,0,0,0,0
11.233032000,0,0,0,1,0,0,0,0
11.233049000,0,0,0,0,0,0,0,0
11.233067000,0,0,0,1,0,0,0,0
11.233075000,0,0,0,0,0,0,0,0
11.233084000,0,0,0,1,0,0,0,0
11.233101000,0,0,0,0,0,0,0,0
11.233119000,0,0,0,1,0,0,0,0
11.233136000,0,0,0,0,0,0,0,0
11.233154000,0,0,0,1,0,0,0,0
11.233162000,0,0,0,0,0,0,0,0
11.233188000,0,0,0,1,0,0,0,0
11.233197000,0,0,0,0,0,0,0,0
11.233206000,0,0,0,1,0,0,0,0
11.233223000,0,0,0,0,0,0,0,0
11.233240000,0,0,0,1,0,0,0,0
11.233249000,0,0,0,0,0,0,0,0
11.233258000,0,0,0,1,0,0,0,0
11.233267000,0,0,0,0,0,0,0,0
11.233275000,0,0,0,1,0,0,0,0
11.233284000,0,0,0,0,0,0,0,0
11.233293000,0,0,0,1,0,0,0,0
11.233310000,0,0,0,0,0,0,0,0
11.233327000,0,0,0,1,0,0,0,0
11.233336000,0,0,0,0,0,0,0,0
11.233353000,0,0,0,1,0,0,0,0
11.233371000,0,0,0,0,0,0,0,0
11.233379000,0,0,0,1,0,0,0,0
11.233397000,0,0,0,0,0,0,0,0
11.233414000,0,0,0,1,0,0,0,0
11.233423000,0,0,0,0,0,0,0,0
11.233432000,0,0,0,1,0,0,0,0
11.233458000,0,0,0,0,0,0,0,0
11.233466000,0,0,0,1,0,0,0,0
11.233484000,0,0,0,0,0,0,0,0
11.233501000,0,0,0,1,0,0,0,0
11.233510000,0,0,0,0,0,0,0,0
11.233545000,0,0,0,1,0,0,0,0
11.233571000,0,0,0,0,0,0,0,0
11.233588000,0,0,0,1,0,0,0,0
11.233597000,0,0,0,0,0,0,0,0
11.233605000,0,0,0,1,0,0,0,0
11.233614000,0,0,0,0,0,0,0,0
11.233631000,0,0,0,1,0,0,0,0
11.233657000,0,0,0,0,0,0,0,0
11.233675000,0,0,0,1,0,0,0,0
11.419485000,0,0,0,0,0,0,0,0
11.419494000,0,0,0,1,0,0,0,0
11.419502000,0,0,0,0,0,0,0,0
11.419511000,0,0,0,1,0,0,0,0
11.419528000,0,0,0,0,0,0,0,0
11.419546000,0,0,0,1,0,0,0,0
11.419554000,0,0,0,0,0,0,0,0
11.419563000,0,0,0,1,0,0,0,0
11.419572000,0,0,0,0,0,0,0,0
11.419581000,0,0,0,1,0,0,0,0
11.419589000,0,0,0,0,0,0,0,0
11.419607000,0,0,0,1,0,0,0,0
11.419615000,0,0,0,0,0,0,0,0
11.419633000,0,0,0,1,0,0,0,0
11.419641000,0,0,0,0,0,0,0,0
11.419650000,0,0,0,1,0,0,0,0
11.419659000,0,0,0,0,0,0,0,0
11.419676000,0,0,0,1,0,0,0,0
11.419702000,0,0,0,0,0,0,0,0
11.419720000,0,0,0,1,0,0,0,0
11.419728000,0,0,0,0,0,0,0,0
11.419737000,0,0,0,1,0,0,0,0
11.419746000,0,0,0,0,0,0,0,0
11.419772000,0,0,0,1,0,0,0,0
11.419780000,0,0,0,0,0,0,0,0
11.419806000,0,0,0,1,0,0,0,0
11.419815000,0,0,0,0,0,0,0,0
11.419824000,0,0,0,1,0,0,0,0
11.419832000,0,0,0,0,0,0,0,0
11.419841000,0,0,0,1,0,0,0,0
11.419867000,0,0,0,0,0,0,0,0
11.419893000,0,0,0,1,0,0,0,0
11.419902000,0,0,0,0,0,0,0,0
11.419911000,0,0,0,1,0,0,0,0
11.419919000,0,0,0,0,0,0,0,0
11.419928000,0,0,0,1,0,0,0,0
11.419937000,0,0,0,0,0,0,0,0
11.419980000,0,0,0,1,0,0,0,0
11.419989000,0,0,0,0,0,0,0,0
11.419998000,0,0,0,1,0,0,0,0
11.420006000,0,0,0,0,0,0,0,0
11.420024000,0,0,0,1,0,0,0,0
11.420032000,0,0,0,0,0,0,0,0
11.420050000,0,0,0,1,0,0,0,0
11.420058000,0,0,0,0,0,0,0,0
11.420067000,0,0,0,1,0,0,0,0
11.420076000,0,0,0,0,0,0,0,0
11.420084000,0,0,0,1,0,0,0,0
11.420093000,0,0,0,0,0,0,0,0
11.420119000,0,0,0,1,0,0,0,0
11.420128000,0,0,0,0,0,0,0,0
11.420154000,0,0,0,1,0,0,0,0
11.420163000,0,0,0,0,0,0,0,0
11.420171000,0,0,0,1,0,0,0,0
11.420180000,0,0,0,0,0,0,0,0
11.420189000,0,0,0,1,0,0,0,0
11.420197000,0,0,0,0,0,0,0,0
11.420206000,0,0,0,1,0,0,0,0
11.420223000,0,0,0,0,0,0,0,0
11.420232000,0,0,0,1,0,0,0,0
11.420241000,0,0,0,0,0,0,0,0
11.420258000,0,0,0,1,0,0,0,0
11.420267000,0,0,0,0,0,0,0,0
11.420276000,0,0,0,1,0,0,0,0
11.420302000,0,0,0,0,0,0,0,0
11.420328000,0,0,0,1,0,0,0,0
11.420336000,0,0,0,0,0,0,0,0
11.420345000,0,0,0,1,0,0,0,0
11.420354000,0,0,0,0,0,0,0,0
11.420397000,0,0,0,1,0,0,0,0
11.420406000,0,0,0,0,0,0,0,0
11.420415000,0,0,0,1,0,0,0,0
11.420423000,0,0,0,0,0,0,0,0
11.420432000,0,0,0,1,0,0,0,0
11.420441000,0,0,0,0,0,0,0,0
11.420449000,0,0,0,1,0,0,0,0
11.420458000,0,0,0,0,0,0,0,0
11.420475000,0,0,0,1,0,0,0,0
11.420484000,0,0,0,0,0,0,0,0
11.420501000,0,0,0,1,0,0,0,0
11.420510000,0,0,0,0,0,0,0,0
11.420519000,0,0,0,1,0,0,0,0
11.420527000,0,0,0,0,0,0,0,0
11.420536000,0,0,0,1,0,0,0,0
11.420571000,0,0,0,0,0,0,0,0
11.420588000,0,0,0,1,0,0,0,0
11.420597000,0,0,0,0,0,0,0,0
11.420606000,0,0,0,1,0,0,0,0
11.420614000,0,0,0,0,0,0,0,0
11.420623000,0,0,0,1,0,0,0,0
11.420632000,0,0,0,0,0,0,0,0
11.420640000,0,0,0,1,0,0,0,0
11.420658000,0,0,0,0,0,0,0,0
11.420666000,0,0,0,1,0,0,0,0
11.420675000,0,0,0,0,0,0,0,0
11.420693000,0,0,0,1,0,0,0,0
11.420701000,0,0,0,0,0,0,0,0
11.420727000,0,0,0,1,0,0,0,0
11.420745000,0,0,0,0,0,0,0,0
11.420762000,0,0,0,1,0,0,0,0
11.420771000,0,0,0,0,0,0,0,0
11.420779000,0,0,0,1,0,0,0,0
11.420788000,0,0,0,0,0,0,0,0
11.420797000,0,0,0,1,0,0,0,0
11.420832000,0,0,0,0,0,0,0,0
11.420849000,0,0,0,1,0,0,0,0
11.420858000,0,0,0,0,0,0,0,0
11.420866000,0,0,0,1,0,0,0,0
11.420875000,0,0,0,0,0,0,0,0
11.420884000,0,0,0,1,0,0,0,0
11.420918000,0,0,0,0,0,0,0,0
11.420936000,0,0,0,1,0,0,0,0
11.420944000,0,0,0,0,0,0,0,0
11.420953000,0,0,0,1,0,0,0,0
11.420962000,0,0,0,0,0,0,0,0
11.421005000,0,0,0,1,0,0,0,0
11.421014000,0,0,0,0,0,0,0,0
11.421023000,0,0,0,1,0,0,0,0
11.421031000,0,0,0,0,0,0,0,0
11.421040000,0,0,0,1,0,0,0,0
11.421049000,0,0,0,0,0,0,0,0
11.421066000,0,0,0,1,0,0,0,0
11.421075000,0,0,0,0,0,0,0,0
11.421109000,0,0,0,1,0,0,0,0
11.421118000,0,0,0,0,0,0,0,0
11.421127000,0,0,0,1,0,0,0,0
11.421136000,0,0,0,0,0,0,0,0
11.421144000,0,0,0,1,0,0,0,0
11.421153000,0,0,0,0,0,0,0,0
11.421196000,0,0,0,1,0,0,0,0
11.421205000,0,0,0,0,0,0,0,0
11.421214000,0,0,0,1,0,0,0,0
11.421222000,0,0,0,0,0,0,0,0
11.421231000,0,0,0,1,0,0,0,0
11.421249000,0,0,0,0,0,0,0,0
11.421283000,0,0,0,1,0,0,0,0
11.421292000,0,0,0,0,0,0,0,0
11.421301000,0,0,0,1,0,0,0,0
11.421309000,0,0,0,0,0,0,0,0
11.421318000,0,0,0,1,0,0,0,0
11.421335000,0,0,0,0,0,0,0,0
11.421344000,0,0,0,1,0,0,0,0
11.421353000,0,0,0,0,0,0,0,0
11.421370000,0,0,0,1,0,0,0,0
11.421379000,0,0,0,0,0,0,0,0
11.421387000,0,0,0,1,0,0,0,0
11.421396000,0,0,0,0,0,0,0,0
11.421405000,0,0,0,1,0,0,0,0
11.421414000,0,0,0,0,0,0,0,0
11.421422000,0,0,0,1,0,0,0,0
11.421440000,0,0,0,0,0,0,0,0
11.421448000,0,0,0,1,0,0,0,0
11.421457000,0,0,0,0,0,0,0,0
11.421474000,0,0,0,1,0,0,0,0
11.421483000,0,0,0,0,0,0,0,0
11.421526000,0,0,0,1,0,0,0,0
11.421544000,0,0,0,0,0,0,0,0
11.421561000,0,0,0,1,0,0,0,0
11.421570000,0,0,0,0,0,0,0,0
11.421579000,0,0,0,1,0,0,0,0
11.421587000,0,0,0,0,0,0,0,0
11.421613000,0,0,0,1,0,0,0,0
11.421631000,0,0,0,0,0,0,0,0
11.421648000,0,0,0,1,0,0,0,0
11.421657000,0,0,0,0,0,0,0,0
11.421674000,0,0,0,1,0,0,0,0
11.421683000,0,0,0,0,0,0,0,0
11.421700000,0,0,0,1,0,0,0,0
11.421718000,0,0,0,0,0,0,0,0
11.421735000,0,0,0,1,0,0,0,0
11.421744000,0,0,0,0,0,0,0,0
11.421752000,0,0,0,1,0,0,0,0
11.421770000,0,0,0,0,0,0,0,0
11.421787000,0,0,0,1,0,0,0,0
11.421804000,0,0,0,0,0,0,0,0
11.421822000,0,0,0,1,0,0,0,0
11.421831000,0,0,0,0,0,0,0,0
11.421857000,0,0,0,1,0,0,0,0
11.421865000,0,0,0,0,0,0,0,0
11.421874000,0,0,0,1,0,0,0,0
11.421891000,0,0,0,0,0,0,0,0
11.421909000,0,0,0,1,0,0,0,0
11.421917000,0,0,0,0,0,0,0,0
11.421926000,0,0,0,1,0,0,0,0
11.421935000,0,0,0,0,0,0,0,0
11.421943000,0,0,0,1,0,0,0,0
11.421952000,0,0,0,0,0,0,0,0
11.421961000,0,0,0,1,0,0,0,0
11.421978000,0,0,0,0,0,0,0,0
11.421996000,0,0,0,1,0,0,0,0
11.422004000,0,0,0,0,0,0,0,0
11.422022000,0,0,0,1,0,0,0,0
11.422039000,0,0,0,0,0,0,0,0
11.422048000,0,0,0,1,0,0,0,0
11.422065000,0,0,0,0,0,0,0,0
11.422082000,0,0,0,1,0,0,0,0
11.422091000,0,0,0,0,0,0,0,0
11.422100000,0,0,0,1,0,0,0,0
11.422126000,0,0,0,0,0,0,0,0
11.422135000,0,0,0,1,0,0,0,0
11.422152000,0,0,0,0,0,0,0,0
11.422169000,0,0,0,1,0,0,0,0
11.422178000,0,0,0,0,0,0,0,0
11.422213000,0,0,0,1,0,0,0,0
11.422239000,0,0,0,0,0,0,0,0
11.422256000,0,0,0,1,0,0,0,0
11.422265000,0,0,0,0,0,0,0,0
11.422274000,0,0,0,1,0,0,0,0
11.422282000,0,0,0,0,0,0,0,0
11.422300000,0,0,0,1,0,0,0,0
11.422326000,0,0,0,0,0,0,0,0
11.422343000,0,0,0,1,0,0,0,0
11.640351000,0,0,0,0,0,0,0,0
11.640359000,0,0,0,1,0,0,0,0
11.640368000,0,0,0,0,0,0,0,0
11.640377000,0,0,0,1,0,0,0,0
11.640394000,0,0,0,0,0,0,0,0
11.640412000,0,0,0,1,0,0,0,0
11.640420000,0,0,0,0,0,0,0,0
11.640429000,0,0,0,1,0,0,0,0
11.640438000,0,0,0,0,0,0,0,0
11.640446000,0,0,0,1,0,0,0,0
11.640455000,0,0,0,0,0,0,0,0
11.640472000,0,0,0,1,0,0,0,0
11.640481000,0,0,0,0,0,0,0,0
11.640498000,0,0,0,1,0,0,0,0
11.640507000,0,0,0,0,0,0,0,0
11.640516000,0,0,0,1,0,0,0,0
11.640525000,0,0,0,0,0,0,0,0
11.640542000,0,0,0,1,0,0,0,0
11.640568000,0,0,0,0,0,0,0,0
11.640585000,0,0,0,1,0,0,0,0
11.640594000,0,0,0,0,0,0,0,0
11.640603000,0,0,0,1,0,0,0,0
11.640611000,0,0,0,0,0,0,0,0
11.640637000,0,0,0,1,0,0,0,0
11.640646000,0,0,0,0,0,0,0,0
11.640672000,0,0,0,1,0,0,0,0
11.640681000,0,0,0,0,0,0,0,0
11.640690000,0,0,0,1,0,0,0,0
11.640698000,0,0,0,0,0,0,0,0
11.640707000,0,0,0,1,0,0,0,0
11.640733000,0,0,0,0,0,0,0,0
11.640759000,0,0,0,1,0,0,0,0
11.640768000,0,0,0,0,0,0,0,0
11.640776000,0,0,0,1,0,0,0,0
11.640785000,0,0,0,0,0,0,0,0
11.640794000,0,0,0,1,0,0,0,0
11.640802000,0,0,0,0,0,0,0,0
11.640846000,0,0,0,1,0,0,0,0
11.640855000,0,0,0,0,0,0,0,0
11.640863000,0,0,0,1,0,0,0,0
11.640872000,0,0,0,0,0,0,0,0
11.640889000,0,0,0,1,0,0,0,0
11.640898000,0,0,0,0,0,0,0,0
11.640915000,0,0,0,1,0,0,0,0
11.640924000,0,0,0,0,0,0,0,0
11.640933000,0,0,0,1,0,0,0,0
11.640941000,0,0,0,0,0,0,0,0
11.640950000,0,0,0,1,0,0,0,0
11.640959000,0,0,0,0,0,0,0,0
11.640985000,0,0,0,1,0,0,0,0
11.640994000,0,0,0,0,0,0,0,0
11.641020000,0,0,0,1,0,0,0,0
11.641028000,0,0,0,0,0,0,0,0
11.641037000,0,0,0,1,0,0,0,0
11.641046000,0,0,0,0,0,0,0,0
11.641054000,0,0,0,1,0,0,0,0
11.641063000,0,0,0,0,0,0,0,0
11.641072000,0,0,0,1,0,0,0,0
11.641089000,0,0,0,0,0,0,0,0
11.641098000,0,0,0,1,0,0,0,0
11.641107000,0,0,0,0,0,0,0,0
11.641124000,0,0,0,1,0,0,0,0
11.641133000,0,0,0,0,0,0,0,0
11.641141000,0,0,0,1,0,0,0,0
11.641167000,0,0,0,0,0,0,0,0
11.641193000,0,0,0,1,0,0,0,0
11.641202000,0,0,0,0,0,0,0,0
11.641211000,0,0,0,1,0,0,0,0
11.641219000,0,0,0,0,0,0,0,0
11.641263000,0,0,0,1,0,0,0,0
11.641272000,0,0,0,0,0,0,0,0
11.641280000,0,0,0,1,0,0,0,0
11.641289000,0,0,0,0,0,0,0,0
11.641298000,0,0,0,1,0,0,0,0
11.641306000,0,0,0,0,0,0,0,0
11.641315000,0,0,0,1,0,0,0,0
11.641324000,0,0,0,0,0,0,0,0
11.641341000,0,0,0,1,0,0,0,0
11.641350000,0,0,0,0,0,0,0,0
11.641367000,0,0,0,1,0,0,0,0
11.641376000,0,0,0,0,0,0,0,0
11.641385000,0,0,0,1,0,0,0,0
11.641393000,0,0,0,0,0,0,0,0
11.641402000,0,0,0,1,0,0,0,0
11.641437000,0,0,0,0,0,0,0,0
11.641454000,0,0,0,1,0,0,0,0
11.641463000,0,0,0,0,0,0,0,0
11.641471000,0,0,0,1,0,0,0,0
11.641480000,0,0,0,0,0,0,0,0
11.641489000,0,0,0,1,0,0,0,0
11.641497000,0,0,0,0,0,0,0,0
11.641506000,0,0,0,1,0,0,0,0
11.641524000,0,0,0,0,0,0,0,0
11.641532000,0,0,0,1,0,0,0,0
11.641541000,0,0,0,0,0,0,0,0
11.641558000,0,0,0,1,0,0,0,0
11.641567000,0,0,0,0,0,0,0,0
11.641593000,0,0,0,1,0,0,0,0
11.641610000,0,0,0,0,0,0,0,0
11.641628000,0,0,0,1,0,0,0,0
11.641636000,0,0,0,0,0,0,0,0
11.641645000,0,0,0,1,0,0,0,0
11.641654000,0,0,0,0,0,0,0,0
11.641663000,0,0,0,1,0,0,0,0
11.641697000,0,0,0,0,0,0,0,0
11.641715000,0,0,0,1,0,0,0,0
11.641723000,0,0,0,0,0,0,0,0
11.641732000,0,0,0,1,0,0,0,0
11.641741000,0,0,0,0,0,0,0,0
11.641749000,0,0,0,1,0,0,0,0
11.641784000,0,0,0,0,0,0,0,0
11.641802000,0,0,0,1,0,0,0,0
11.641810000,0,0,0,0,0,0,0,0
11.641819000,0,0,0,1,0,0,0,0
11.641828000,0,0,0,0,0,0,0,0
11.641871000,0,0,0,1,0,0,0,0
11.641880000,0,0,0,0,0,0,0,0
11.641888000,0,0,0,1,0,0,0,0
11.641897000,0,0,0,0,0,0,0,0
11.641906000,0,0,0,1,0,0,0,0
11.641914000,0,0,0,0,0,0,0,0
11.641932000,0,0,0,1,0,0,0,0
11.641941000,0,0,0,0,0,0,0,0
11.641975000,0,0,0,1,0,0,0,0
11.641984000,0,0,0,0,0,0,0,0
11.641993000,0,0,0,1,0,0,0,0
11.642001000,0,0,0,0,0,0,0,0
11.642010000,0,0,0,1,0,0,0,0
11.642019000,0,0,0,0,0,0,0,0
11.642062000,0,0,0,1,0,0,0,0
11.642071000,0,0,0,0,0,0,0,0
11.642080000,0,0,0,1,0,0,0,0
11.642088000,0,0,0,0,0,0,0,0
11.642097000,0,0,0,1,0,0,0,0
11.642114000,0,0,0,0,0,0,0,0
11.642149000,0,0,0,1,0,0,0,0
11.642158000,0,0,0,0,0,0,0,0
11.642166000,0,0,0,1,0,0,0,0
11.642175000,0,0,0,0,0,0,0,0
11.642184000,0,0,0,1,0,0,0,0
11.642201000,0,0,0,0,0,0,0,0
11.642210000,0,0,0,1,0,0,0,0
11.642219000,0,0,0,0,0,0,0,0
11.642236000,0,0,0,1,0,0,0,0
11.642245000,0,0,0,0,0,0,0,0
11.642253000,0,0,0,1,0,0,0,0
11.642262000,0,0,0,0,0,0,0,0
11.642271000,0,0,0,1,0,0,0,0
11.642279000,0,0,0,0,0,0,0,0
11.642288000,0,0,0,1,0,0,0,0
11.642305000,0,0,0,0,0,0,0,0
11.642314000,0,0,0,1,0,0,0,0
11.642323000,0,0,0,0,0,0,0,0
11.642340000,0,0,0,1,0,0,0,0
11.642349000,0,0,0,0,0,0,0,0
11.642392000,0,0,0,1,0,0,0,0
11.642410000,0,0,0,0,0,0,0,0
11.642427000,0,0,0,1,0,0,0,0
11.642436000,0,0,0,0,0,0,0,0
11.642444000,0,0,0,1,0,0,0,0
11.642453000,0,0,0,0,0,0,0,0
11.642479000,0,0,0,1,0,0,0,0
11.642497000,0,0,0,0,0,0,0,0
11.642514000,0,0,0,1,0,0,0,0
11.642523000,0,0,0,0,0,0,0,0
11.642540000,0,0,0,1,0,0,0,0
11.642549000,0,0,0,0,0,0,0,0
11.642566000,0,0,0,1,0,0,0,0
11.642583000,0,0,0,0,0,0,0,0
11.642601000,0,0,0,1,0,0,0,0
11.642609000,0,0,0,0,0,0,0,0
11.642618000,0,0,0,1,0,0,0,0
11.642636000,0,0,0,0,0,0,0,0
11.642653000,0,0,0,1,0,0,0,0
11.642670000,0,0,0,0,0,0,0,0
11.642688000,0,0,0,1,0,0,0,0
11.642696000,0,0,0,0,0,0,0,0
11.642722000,0,0,0,1,0,0,0,0
11.642731000,0,0,0,0,0,0,0,0
11.642740000,0,0,0,1,0,0,0,0
11.642757000,0,0,0,0,0,0,0,0
11.642775000,0,0,0,1,0,0,0,0
11.642783000,0,0,0,0,0,0,0,0
11.642792000,0,0,0,1,0,0,0,0
11.642801000,0,0,0,0,0,0,0,0
11.642809000,0,0,0,1,0,0,0,0
11.642818000,0,0,0,0,0,0,0,0
11.642827000,0,0,0,1,0,0,0,0
11.642844000,0,0,0,0,0,0,0,0
11.642861000,0,0,0,1,0,0,0,0
11.642870000,0,0,0,0,0,0,0,0
11.642887000,0,0,0,1,0,0,0,0
11.642905000,0,0,0,0,0,0,0,0
11.642914000,0,0,0,1,0,0,0,0
11.642931000,0,0,0,0,0,0,0,0
11.642948000,0,0,0,1,0,0,0,0
11.642957000,0,0,0,0,0,0,0,0
11.642966000,0,0,0,1,0,0,0,0
11.642992000,0,0,0,0,0,0,0,0
11.643000000,0,0,0,1,0,0,0,0
11.643018000,0,0,0,0,0,0,0,0
11.643035000,0,0,0,1,0,0,0,0
11.643044000,0,0,0,0,0,0,0,0
11.643079000,0,0,0,1,0,0,0,0
11.643105000,0,0,0,0,0,0,0,0
11.643122000,0,0,0,1,0,0,0,0
11.643131000,0,0,0,0,0,0,0,0
11.643139000,0,0,0,1,0,0,0,0
11.643148000,0,0,0,0,0,0,0,0
11.643165000,0,0,0,1,0,0,0,0
11.643192000,0,0,0,0,0,0,0,0
11.643209000,0,0,0,1,0,0,0,0
11.836073000,0,0,0,0,0,0,0,0
11.836082000,0,0,0,1,0,0,0,0
11.836091000,0,0,0,0,0,0,0,0
11.836099000,0,0,0,1,0,0,0,0
11.836117000,0,0,0,0,0,0,0,0
11.836134000,0,0,0,1,0,0,0,0
11.836143000,0,0,0,0,0,0,0,0
11.836152000,0,0,0,1,0,0,0,0
11.836160000,0,0,0,0,0,0,0,0
11.836169000,0,0,0,1,0,0,0,0
11.836178000,0,0,0,0,0,0,0,0
11.836195000,0,0,0,1,0,0,0,0
11.836204000,0,0,0,0,0,0,0,0
11.836221000,0,0,0,1,0,0,0,0
11.836230000,0,0,0,0,0,0,0,0
11.836238000,0,0,0,1,0,0,0,0
11.836247000,0,0,0,0,0,0,0,0
11.836264000,0,0,0,1,0,0,0,0
11.836291000,0,0,0,0,0,0,0,0
11.836308000,0,0,0,1,0,0,0,0
11.836317000,0,0,0,0,0,0,0,0
11.836325000,0,0,0,1,0,0,0,0
11.836334000,0,0,0,0,0,0,0,0
11.836360000,0,0,0,1,0,0,0,0
11.836369000,0,0,0,0,0,0,0,0
11.836395000,0,0,0,1,0,0,0,0
11.836403000,0,0,0,0,0,0,0,0
11.836412000,0,0,0,1,0,0,0,0
11.836421000,0,0,0,0,0,0,0,0
11.836430000,0,0,0,1,0,0,0,0
11.836456000,0,0,0,0,0,0,0,0
11.836482000,0,0,0,1,0,0,0,0
11.836490000,0,0,0,0,0,0,0,0
11.836499000,0,0,0,1,0,0,0,0
11.836508000,0,0,0,0,0,0,0,0
11.836516000,0,0,0,1,0,0,0,0
11.836525000,0,0,0,0,0,0,0,0
11.836569000,0,0,0,1,0,0,0,0
11.836577000,0,0,0,0,0,0,0,0
11.836586000,0,0,0,1,0,0,0,0
11.836595000,0,0,0,0,0,0,0,0
11.836612000,0,0,0,1,0,0,0,0
11.836621000,0,0,0,0,0,0,0,0
11.836638000,0,0,0,1,0,0,0,0
11.836647000,0,0,0,0,0,0,0,0
11.836655000,0,0,0,1,0,0,0,0
11.836664000,0,0,0,0,0,0,0,0
11.836673000,0,0,0,1,0,0,0,0
11.836681000,0,0,0,0,0,0,0,0
11.836708000,0,0,0,1,0,0,0,0
11.836716000,0,0,0,0,0,0,0,0
11.836742000,0,0,0,1,0,0,0,0
11.836751000,0,0,0,0,0,0,0,0
11.836760000,0,0,0,1,0,0,0,0
11.836768000,0,0,0,0,0,0,0,0
11.836777000,0,0,0,1,0,0,0,0
11.836786000,0,0,0,0,0,0,0,0
11.836794000,0,0,0,1,0,0,0,0
11.836812000,0,0,0,0,0,0,0,0
11.836820000,0,0,0,1,0,0,0,0
11.836829000,0,0,0,0,0,0,0,0
11.836847000,0,0,0,1,0,0,0,0
11.836855000,0,0,0,0,0,0,0,0
11.836864000,0,0,0,1,0,0,0,0
11.836890000,0,0,0,0,0,0,0,0
11.836916000,0,0,0,1,0,0,0,0
11.836925000,0,0,0,0,0,0,0,0
11.836933000,0,0,0,1,0,0,0,0
11.836942000,0,0,0,0,0,0,0,0
11.836986000,0,0,0,1,0,0,0,0
11.836994000,0,0,0,0,0,0,0,0
11.837003000,0,0,0,1,0,0,0,0
11.837012000,0,0,0,0,0,0,0,0
11.837020000,0,0,0,1,0,0,0,0
11.837029000,0,0,0,0,0,0,0,0
11.837038000,0,0,0,1,0,0,0,0
11.837046000,0,0,0,0,0,0,0,0
11.837064000,0,0,0,1,0,0,0,0
11.837072000,0,0,0,0,0,0,0,0
11.837090000,0,0,0,1,0,0,0,0
11.837098000,0,0,0,0,0,0,0,0
11.837107000,0,0,0,1,0,0,0,0
11.837116000,0,0,0,0,0,0,0,0
11.837125000,0,0,0,1,0,0,0,0
11.837159000,0,0,0,0,0,0,0,0
11.837177000,0,0,0,1,0,0,0,0
11.837185000,0,0,0,0,0,0,0,0
11.837194000,0,0,0,1,0,0,0,0
11.837203000,0,0,0,0,0,0,0,0
11.837211000,0,0,0,1,0,0,0,0
11.837220000,0,0,0,0,0,0,0,0
11.837229000,0,0,0,1,0,0,0,0
11.837246000,0,0,0,0,0,0,0,0
11.837255000,0,0,0,1,0,0,0,0
11.837264000,0,0,0,0,0,0,0,0
11.837281000,0,0,0,1,0,0,0,0
11.837290000,0,0,0,0,0,0,0,0
11.837316000,0,0,0,1,0,0,0,0
11.837333000,0,0,0,0,0,0,0,0
11.837350000,0,0,0,1,0,0,0,0
11.837359000,0,0,0,0,0,0,0,0
11.837368000,0,0,0,1,0,0,0,0
11.837376000,0,0,0,0,0,0,0,0
11.837385000,0,0,0,1,0,0,0,0
11.837420000,0,0,0,0,0,0,0,0
11.837437000,0,0,0,1,0,0,0,0
11.837446000,0,0,0,0,0,0,0,0
11.837455000,0,0,0,1,0,0,0,0
11.837463000,0,0,0,0,0,0,0,0
11.837472000,0,0,0,1,0,0,0,0
11.837507000,0,0,0,0,0,0,0,0
11.837524000,0,0,0,1,0,0,0,0
11.837533000,0,0,0,0,0,0,0,0
11.837542000,0,0,0,1,0,0,0,0
11.837550000,0,0,0,0,0,0,0,0
11.837594000,0,0,0,1,0,0,0,0
11.837602000,0,0,0,0,0,0,0,0
11.837611000,0,0,0,1,0,0,0,0
11.837620000,0,0,0,0,0,0,0,0
11.837628000,0,0,0,1,0,0,0,0
11.837925000,0,0,0,0,0,0,0,0
11.837942000,0,0,0,1,0,0,0,0
11.837951000,0,0,0,0,0,0,0,0
11.837985000,0,0,0,1,0,0,0,0
11.837994000,0,0,0,0,0,0,0,0
11.838003000,0,0,0,1,0,0,0,0
11.838011000,0,0,0,0,0,0,0,0
11.838020000,0,0,0,1,0,0,0,0
11.838029000,0,0,0,0,0,0,0,0
11.838072000,0,0,0,1,0,0,0,0
11.838081000,0,0,0,0,0,0,0,0
11.838090000,0,0,0,1,0,0,0,0
11.838098000,0,0,0,0,0,0,0,0
11.838107000,0,0,0,1,0,0,0,0
11.838124000,0,0,0,0,0,0,0,0
11.838159000,0,0,0,1,0,0,0,0
11.838168000,0,0,0,0,0,0,0,0
11.838176000,0,0,0,1,0,0,0,0
11.838185000,0,0,0,0,0,0,0,0
11.838194000,0,0,0,1,0,0,0,0
11.838211000,0,0,0,0,0,0,0,0
11.838220000,0,0,0,1,0,0,0,0
11.838229000,0,0,0,0,0,0,0,0
11.838246000,0,0,0,1,0,0,0,0
11.838255000,0,0,0,0,0,0,0,0
11.838263000,0,0,0,1,0,0,0,0
11.838272000,0,0,0,0,0,0,0,0
11.838281000,0,0,0,1,0,0,0,0
11.838289000,0,0,0,0,0,0,0,0
11.838298000,0,0,0,1,0,0,0,0
11.838315000,0,0,0,0,0,0,0,0
11.838324000,0,0,0,1,0,0,0,0
11.838333000,0,0,0,0,0,0,0,0
11.838350000,0,0,0,1,0,0,0,0
11.838359000,0,0,0,0,0,0,0,0
11.838402000,0,0,0,1,0,0,0,0
11.838420000,0,0,0,0,0,0,0,0
11.838437000,0,0,0,1,0,0,0,0
11.838446000,0,0,0,0,0,0,0,0
11.838454000,0,0,0,1,0,0,0,0
11.838463000,0,0,0,0,0,0,0,0
11.838489000,0,0,0,1,0,0,0,0
11.838507000,0,0,0,0,0,0,0,0
11.838524000,0,0,0,1,0,0,0,0
11.838533000,0,0,0,0,0,0,0,0
11.838550000,0,0,0,1,0,0,0,0
11.838559000,0,0,0,0,0,0,0,0
11.838576000,0,0,0,1,0,0,0,0
11.838593000,0,0,0,0,0,0,0,0
11.838611000,0,0,0,1,0,0,0,0
11.838620000,0,0,0,0,0,0,0,0
11.838628000,0,0,0,1,0,0,0,0
11.838646000,0,0,0,0,0,0,0,0
11.838663000,0,0,0,1,0,0,0,0
11.838680000,0,0,0,0,0,0,0,0
11.838698000,0,0,0,1,0,0,0,0
11.838706000,0,0,0,0,0,0,0,0
11.838732000,0,0,0,1,0,0,0,0
11.838741000,0,0,0,0,0,0,0,0
11.838750000,0,0,0,1,0,0,0,0
11.838767000,0,0,0,0,0,0,0,0
11.838785000,0,0,0,1,0,0,0,0
11.838793000,0,0,0,0,0,0,0,0
11.838802000,0,0,0,1,0,0,0,0
11.838811000,0,0,0,0,0,0,0,0
11.838819000,0,0,0,1,0,0,0,0
11.838828000,0,0,0,0,0,0,0,0
11.838837000,0,0,0,1,0,0,0,0
11.838854000,0,0,0,0,0,0,0,0
11.838871000,0,0,0,1,0,0,0,0
11.838880000,0,0,0,0,0,0,0,0
11.838898000,0,0,0,1,0,0,0,0
11.838915000,0,0,0,0,0,0,0,0
11.838924000,0,0,0,1,0,0,0,0
11.838941000,0,0,0,0,0,0,0,0
11.838958000,0,0,0,1,0,0,0,0
11.838967000,0,0,0,0,0,0,0,0
11.838976000,0,0,0,1,0,0,0,0
11.839002000,0,0,0,0,0,0,0,0
11.839010000,0,0,0,1,0,0,0,0
11.839028000,0,0,0,0,0,0,0,0
11.839045000,0,0,0,1,0,0,0,0
11.839054000,0,0,0,0,0,0,0,0
11.839089000,0,0,0,1,0,0,0,0
11.839115000,0,0,0,0,0,0,0,0
11.839132000,0,0,0,1,0,0,0,0
11.839141000,0,0,0,0,0,0,0,0
11.839149000,0,0,0,1,0,0,0,0
11.839158000,0,0,0,0,0,0,0,0
11.839176000,0,0,0,1,0,0,0,0
11.839202000,0,0,0,0,0,0,0,0
11.839219000,0,0,0,1,0,0,0,0
12.681216000,0,0,0,1,0,0,0,0
